DTXSID,PREFERRED NAME,CASRN,MOLECULAR FORMULA,MONOISOTOPIC MASS,TOXCAST ACTIVE,TOXCAST TOTAL,% TOXCAST ACTIVE,HIT CALL,CONTINUOUS HIT CALL,TOP,SCALED TOP,AC50,LOGAC50
DTXSID0020151,Benzyl acetate,140-11-4,C9H10O2,150.068080,13,365,4,Inactive,0,1.877213361894971,0.12715418791895858,2.7477996849939297,0.4389850694090916
DTXSID1038666,Chlorpyrifos oxon,5598-15-2,C9H11Cl3NO4P,332.949128,228,768,30,Inactive,0,5.034992128858324,0.34104825179650977,3.3003753353715513,0.5185633328510506
DTXSID3040352,Dinocap,39300-45-3,, ,318,509,62,Inactive,0,-8.798888925023128,0.5959980887420465,1.585846846470294,0.20026124291568234
DTXSID4023202,"4,4'-(1H-1,2,4-Triazol-1-ylmethylene)dibenzonitrile",112809-51-5,C17H11N5,285.101445,12,387,3,Inactive,0,1.0056473122651712,0.06811813186481867,99.99999999999999,2
DTXSID4035708,Methylbenzethonium chloride,25155-18-4,C28H44ClNO2, ,207,395,52,Inactive,-0.00019014970384324185,-11.241976289367951,0.7614820961192087,26.918555095874247,1.4300517446035779
DTXSID7040360,"Ethyl 5,5-diphenyl-2-isoxazoline-3-carboxylate",163520-33-0,C18H17NO3,295.120843,26,480,5,Inactive,0,-1.6351552832372898,0.11075823685356077,0.00020000000343033364,-3.698969996887144
DTXSID0021464,Ziram,137-30-4,C6H12N2S4Zn,303.917475,379,642,59,Inactive,-0.9963909505404759,-18.547491468223516,1.2563256065869217,13.882181599015588,1.1424577213035207
DTXSID0047246,Darbufelone mesylate,139340-56-0,C19H28N2O5S2,428.143964,321,636,50,Inactive,0,6.176918845922939,0.4183973519673818,39.84069915212653,1.6003269511182858
DTXSID0047248,CI-1018,NOCAS_47248,C24H20N4O2,396.158626,108,638,17,Inactive,0,-1.877496689073357,0.12717337925757483,19.84251635735888,1.2975967469924279
DTXSID0047290,UK-416244,402910-27-4,C17H22N2O3S2,366.107185,150,664,23,Inactive,0,-2.75070256855584,0.18632051018337065,0.0007605850938152855,-3.1188521902802133
DTXSID0047294,CP-863187,668981-02-0,C18H14F2N4O,340.113567,118,615,19,Inactive,0,-5.298071177684113,0.35886807105145435,0.028579472919207122,-1.5439457850058844
DTXSID0047296,Zenarestat,112733-06-9,C17H11BrClFN2O4,439.957476,49,609,8,Inactive,0.001732672488864204,10.546968634050454,0.7144053302047861,100,2
DTXSID0047533,Tri-n-octyl trimellitate,89-04-3,C33H54O6,546.392039,10,601,2,Inactive,0,-2.947669977461315,0.19966221732985873,0.00024896130013503436,-3.603868156695559
DTXSID0047957,Octylparaben,1219-38-1,C15H22O3,250.156895,154,406,38,Inactive,0,3.353014076379203,0.22711844621244953,100,2
DTXSID0048189,Lauryl gallate,1166-52-5,C19H30O5,338.209324,191,376,51,Inactive,-1.6829208874229977e-12,-5.45297130691429,0.36936032544331654,153.99442827138327,2.187505007753556
DTXSID0048505,PharmaGSID_48505,NOCAS_48505,C17H12ClN5O2,353.067952,303,635,48,Inactive,-1.4858514941520835e-11,-9.497565586717528,0.6433233770331975,0.08013887900659829,-1.0961567368303666
DTXSID0048507,PharmaGSID_48507,NOCAS_48507,C18H19ClF2N4O3,412.111375,103,636,16,Inactive,0,-3.220787130833387,0.2181619736967679,0.0001519783379293798,-3.818218309345784
DTXSID0048509,PharmaGSID_48509,NOCAS_48509,C25H39N3O2,413.304228,158,637,25,Active,0.9999999979784598,38.746660931108224,2.6245286259271565,79.21138200916047,1.898787590536593
DTXSID1020560,Endosulfan,115-29-7,C9H6Cl6O3S,403.816881,345,810,43,Active,0.9999999999999646,31.75264464028475,2.1507846819495287,13.753725889884082,1.1384203646550484
DTXSID1021087,Oxazepam,604-75-1,C15H11ClN2O2,286.050905,31,370,8,Inactive,0,3.7663446998991685,0.2551156471926642,0.259830766800464,-0.5853094250084045
DTXSID1021455,C.I. Acid Yellow 23,1934-21-0,C16H9N4Na3O9S2,533.950403,41,617,7,Inactive,0,1.7807182089547482,0.12061803009092997,0.0002615513638798185,-3.582443010968471
DTXSID1021821,2-Butanone oxime,96-29-7,C4H9NO,87.068414,7,568,1,Inactive,0,-1.2771973743033773,0.0865117403478499,0.00032433587933453697,-3.489005005273714
DTXSID1023996,Cyclohexylamine,108-91-8,C6H13N,99.104799,2,587,0,Inactive,0,-1.8943074590996245,0.1283120669818219,0.012795691450895586,-1.8929362408284003
DTXSID1024338,Thiophanate-methyl,23564-05-8,C12H14N4O4S2,342.045647,78,664,12,Inactive,0,-2.8256509375066425,0.19139718350310964,0.059833038685964686,-1.2230589404801109
DTXSID1027899,Ammonium xylene sulfonate,26447-10-9,C8H13NO3S, ,1,360,0,Inactive,0,2.2044070504840163,0.1493168512630715,0.00020014878280437748,-3.698647046692774
DTXSID1046970,"2-(2,6-Diisopropylphenyl)-5-hydroxy-1H-isoindole-1,3-dione",105624-86-0,C20H21NO3,323.152144,320,698,46,Active,1,58.58410389688557,3.9682298811514434,1.6545938612309499,0.21869140870254322
DTXSID1047362,SSR150106,NOCAS_47362,C17H17NO3,283.120843,260,680,38,Active,0.9270584218133743,17.136928268841938,1.1607802510261256,149.3927038296545,2.174329387547008
DTXSID1047526,C10-21 alkanesulfonic acids phenyl esters,91082-17-6,, ,27,618,4,Active,0.999999997265715,26.755766571980843,1.8123181092079763,19.464702531894886,1.289247771026503
DTXSID1047528,Benzyloctyl adipate,58394-64-2,C21H32O4,348.230060,11,589,2,Inactive,0,6.269181853078334,0.4246468428286458,19.842515784399748,1.297596734452033
DTXSID1048174,FR167356,174185-16-1,C19H17Cl2NO3,377.058549,208,624,33,Inactive,0,-6.343849176737806,0.4297044793747751,3.6519418278305977,0.5625238509944119
DTXSID1048201,Cyclobutyl phenyl ketone,5407-98-7,C11H12O,160.088815,17,360,5,Inactive,0,-2.9067533482918826,0.19689070458653987,0.017905199352474054,-1.7470208392877964
DTXSID2021735,Dimethyl sulfoxide,67-68-5,C2H6OS,78.013936,5,366,1,Active,0.9998627273989821,50.34488557756839,3.4101414210191217,145.7283092662296,2.1635439262645604
DTXSID2024086,Ethion,563-12-2,C9H22O4P2S4,383.987618,106,619,17,Active,0.9999999931344462,25.635989135294643,1.7364693040044616,13.428400376756967,1.1280242815500596
DTXSID2047278,CP-457677,214535-77-0,C22H21FN2O3,380.153621,52,619,8,Inactive,0,-3.7140040162152808,0.2515703191739943,0.00761572148147563,-2.118288947143283
DTXSID2047305,CP-608039,NOCAS_47305,C23H25ClN8O5,528.163644,7,603,1,Inactive,0,-1.9433470805674626,0.13163379554511187,0.018743641553776138,-1.7271460296130554
DTXSID2047309,UK-156819,162706-14-1,C19H20N2O2,308.152478,37,611,6,Inactive,0,-2.577409180477269,0.17458237722515846,0.00020000002698577254,-3.6989699457371623
DTXSID2047359,"4-Bromophenyl 1,4-diazabicyclo(3.2.2)nonane-4-carboxylate",298198-52-4,C14H17BrN2O2,324.047341,59,650,9,Inactive,0,-3.291029846506883,0.2229199067319715,0.021188997956655374,-1.6738895809100205
DTXSID2047517,"Hexanedioic acid, di-C7-9-branched and linear alkyl esters",68515-75-3,, ,16,362,4,Inactive,0,-1.0785139232593082,0.07305379604420274,0.0002000000380910547,-3.698969921622352
DTXSID2047696,Cremophor EL,61791-12-6,, ,17,363,5,Inactive,0,-2.256758766078243,0.15286292653489278,0.015606691021541936,-1.8066891676243484
DTXSID3024102,Fenamiphos,22224-92-6,C13H22NO3PS,303.105802,125,780,16,Inactive,0,8.083255286271166,0.5475242093045283,6.470108072075923,0.8109115348749188
DTXSID3047138,tert-Butylbenzene,98-06-6,C10H14,134.109550,7,602,1,Inactive,0,-1.4268801187516353,0.09665059201071385,0.03301049895517822,-1.4813479112394266
DTXSID3047263,PharmaGSID_47263,349495-42-7,C15H16N4O2,284.127326,53,673,8,Inactive,0,-3.774465761238049,0.2556657322179184,0.02158413437148612,-1.6658653639743717
DTXSID3047342,SR125047,NOCAS_47342,C22H27Cl2NO,391.146970,331,705,47,Inactive,3.542583356492628e-16,7.892115636440344,0.5345772489607035,50.18681961291141,1.7005896748945148
DTXSID3047346,SSR162369,NOCAS_47346,C18H22F2N6O,376.182316,31,615,5,Inactive,0,1.888410754671733,0.1279126501237564,0.002086463376205276,-2.680589234077865
DTXSID3047394,Grinstad Soft-N-Safe,NOCAS_47394,, ,28,607,5,Inactive,0,3.845167455172506,0.260454754424566,27.888675348831708,1.4454278867165662
DTXSID3047425,4-Butylphenol,1638-22-8,C10H14O,150.104465,61,415,15,Active,1,100.73945142278183,6.82364796515969,26.136645995487136,1.417249855658087
DTXSID3047429,Dexamethasone sodium phosphate,2392-39-4,C22H28FNa2O8P,516.130122,87,736,12,Active,0.9887024502151781,24.856172759500954,1.6836479678672325,100,2
DTXSID3048522,HMR1171 trifluoroacetate (1:1),NOCAS_48522,C37H49F3N4O5S,718.337576,186,418,44,Inactive,0,-3.4447985299074335,0.23333552195294308,0.0027841001762796917,-2.55531514218548
DTXSID4020375,DDT,50-29-3,C14H9Cl5,351.914689,268,713,38,Active,0.999999999982734,31.81364556404861,2.154916616593159,4.999725760148573,0.6989461835119124
DTXSID4020379,Dehydroepiandrosterone,53-43-0,C19H28O2,288.208930,77,423,18,Active,1,77.40780774187016,5.243264900942608,1.2050595735862535,0.08100851731773182
DTXSID4021137,"1,3-Benzenediamine",108-45-2,C6H8N2,108.068748,21,594,4,Active,0.9999992437494037,38.12409617344304,2.5823588237114037,0.0011891245137196117,-2.924772667845472
DTXSID4024276,Propargite,2312-35-8,C19H26O4S,350.155180,334,771,43,Inactive,-1.1134807091598198e-11,-9.56113887211524,0.647629552155415,34.60789092895055,1.5391751333643888
DTXSID4047254,CP-457920,220860-50-4,C18H17N3O3,323.126991,61,626,10,Inactive,0,-2.981513647488856,0.20195463888720644,0.02197714731123293,-1.658028680765725
DTXSID0020022,Acifluorfen,50594-66-6,C14H7ClF3NO5,360.996485,49,692,7,Inactive,0,-3.399174068456699,0.23024512132892888,0.0008170756622456336,-3.0877377253839917
DTXSID0020076,Amitrole,61-82-5,C2H4N4,84.043596,3,395,1,Inactive,0,-4.513919137169626,0.3057530560294206,0.015061225095727233,-1.8221397007332791
DTXSID0020107,Aspartame,22839-47-0,C14H18N2O5,294.121572,2,419,0,Inactive,0,-3.638522849434687,0.24645755646945372,0.0040778382660867744,-2.3895700030647333
DTXSID0041274,"1-Phenyl-1H-pyrrole-2,5-dione",941-69-5,C10H7NO2,173.047678,156,379,41,Inactive,0,4.40769060219868,0.29855760165420975,30.199800444105787,1.4800040732117856
DTXSID0041484,(3Z)-3-Hexenyl acetate,3681-71-8,C8H14O2,142.099380,2,363,1,Inactive,0,1.317760128992843,0.08925928318820579,26.57991470801561,1.424553583006352
DTXSID0041646,"C.I. Acid Yellow 34, monosodium salt",6359-90-6,C16H12ClN4NaO4S,414.016548,20,366,5,Inactive,0,-1.7659931980034396,0.11962062252521705,0.06178323807593469,-1.2091293339488112
DTXSID0041721,C.I. Acid Yellow 3 disodium salt,8004-92-0,, ,53,375,14,Inactive,0,0.7315363789104414,0.04955106120682784,100,2
DTXSID0041981,2-Fluoroacetic acid,144-49-0,C2H3FO2,78.011707,3,363,1,Inactive,-8.625912570065763e-15,-3.974301160892378,0.2692017044607627,100,2
DTXSID0042379,Dimethoxydimethylsilane,1112-39-6,C4H12O2Si,120.060656,6,364,2,Inactive,0,-3.894274673169738,0.2637810616798553,3.889695780481407,0.5899156357666402
DTXSID0042454,"(+/-)-2,3-Dihydroxypropyl tetradecanoate",589-68-4,C17H34O4,302.245710,13,363,4,Inactive,1.780539481801302e-16,3.819132107292838,0.25869123431330654,0.00018861214474960963,-3.7244303464453155
DTXSID0044575,"2,2-Dichloro-1-(1-oxa-4-azaspiro[4.5]decan-4-yl)ethanone",71526-07-3,C10H15Cl2NO2,251.047984,31,364,9,Inactive,0,-3.4973548985492364,0.236895459523317,0.0005654320260413881,-3.247619596732333
DTXSID1041265,2-Hexyl-1-decanol,2425-77-6,C16H34O,242.260966,33,468,7,Inactive,0,-2.422476979384189,0.16408795042617128,0.012984206602230756,-1.8865845827154883
DTXSID1041639,Sodium m-xylene-4-sulfonate,827-21-4,C8H9NaO3S,208.017010,8,359,2,Inactive,0,-2.189287316012975,0.14829270685986165,0.012163852700673088,-1.9149288476262445
DTXSID1041847,Dibutyl decanedioate,109-43-3,C18H34O4,314.245710,8,596,1,Inactive,0,2.454261916326705,0.16624092244683766,29.7694224393561,1.4737704089217063
DTXSID1041978,Flufenoxuron,101463-69-8,C21H11ClF6N2O3,488.036239,58,379,15,Inactive,0,-3.4295528882777364,0.23230284915182328,24.613847629415183,1.391179507795089
DTXSID1044487,Methyltrioctylammonium chloride,5137-55-3,C25H54ClN,403.394478,192,384,50,Inactive,-0.9893802414303906,-18.16346215753601,1.2303131478388898,8.387568241938787,0.9236360666467217
DTXSID1044564,"2,6,10-Trimethyl-2,6,10-triazaundecane",3855-32-1,C11H27N3,201.220498,7,592,1,Inactive,0,-3.6288963155593885,0.24580549734701473,0.0001664881983953632,-3.7786165462623127
DTXSID1044643,Glycidyl trimethylammonium chloride,3033-77-0,C6H14ClNO,151.076392,9,607,1,Inactive,0,0.6623656720127243,0.04486574133755044,100,2
DTXSID2029298,"alpha-Sulfo-omega-(dodecyloxy)poly(oxy-1,2-ethanediyl) sodium salt",9004-82-4,(C2H4O)nC12H25NaO4S, ,64,379,17,Inactive,-0.7825623323992706,-16.34756686754211,1.107312376785378,165.59834617391886,2.2190559951835978
DTXSID2041125,Sodium iodide,7681-82-5,INa,149.894240,6,361,2,Inactive,0,-3.818058278922626,0.2586184978960456,0.0056226223436935015,-2.25006108589448
DTXSID2041389,2'-Acetonaphthone,93-08-3,C12H10O,170.073165,10,372,3,Active,0.9925544746339346,20.206417728377446,1.3686939850084205,74.88268825049894,1.8743814269613686
DTXSID2041703,Butylnaphthalenesulfonic acid sodium salt,25638-17-9,, ,18,365,5,Inactive,0,-0.7727039820584278,0.05233957382511009,1.1708524424776459,0.06850216624603389
DTXSID2042060,Isoborneol,124-76-5,C10H18O,154.135765,1,363,0,Inactive,0,-2.246683753561773,0.15218048943913723,0.00020000000205435835,-3.6989699998750365
DTXSID2042062,Isobornyl propanoate,2756-56-1,C13H22O2,210.161980,0,360,0,Inactive,0,-2.2379303376088355,0.151587571489795,0.00020000023696893155,-3.698969489764827
DTXSID2042191,"N,N'-Dimethylthiourea",534-13-4,C3H8N2S,104.040819,22,365,6,Inactive,0,-3.749866023849532,0.25399945405574986,0.021189359085937977,-1.6738821791858558
DTXSID2044713,Acid Red 337,67786-14-5,C17H11F3N3NaO4S,433.032006,41,373,11,Inactive,0,-2.2777797792356576,0.15428679763634637,0.0002000004105274321,-3.6989691128879416
DTXSID3020091,Aniline hydrochloride,142-04-1,C6H8ClN,129.034527,12,367,3,Inactive,0,-2.7235193531611914,0.18447923856838302,0.016946944388956983,-1.770908595669917
DTXSID3020122,Azinphos-methyl,86-50-0,C10H12N3O3PS2,317.005771,176,835,21,Inactive,5.2843026680166625e-17,7.860061241721567,0.5324060250538027,3.191251346226137,0.5039610110190311
DTXSID3020205,Benzyl butyl phthalate,85-68-7,C19H20O4,312.136159,107,769,14,Inactive,0,-3.9569423230669094,0.2680258930310559,0.01565309786580641,-1.805399699466695
DTXSID3040776,Morin hydrate,654055-01-3,C15H14O9,338.063782,44,378,12,Active,0.9999999558138793,52.53023578209832,3.5581674452399534,132.55809215485274,2.122406244863737
DTXSID3041530,"7-Ethyl-2-methyl-4-undecanolsulfate, sodium salt",139-88-8,C14H29NaO4S,316.168425,15,367,4,Inactive,0,-4.190063132553291,0.28381647273763144,0.0002000000334372129,-3.6989699317280396
DTXSID3041661,2-Hydroxybenzonitrile,611-20-1,C7H5NO,119.037114,6,372,2,Inactive,0,2.2556444733875467,0.15278744924229215,30.080570322863892,1.4782860661524708
DTXSID3041663,Benzyl cinnamate,103-41-3,C16H14O2,238.099380,28,376,7,Inactive,0,4.911149289941936,0.33265968183869976,39.513354419590826,1.5967438999441643
DTXSID3041790,Citronellal,106-23-0,C10H18O,154.135765,1,362,0,Inactive,0,3.0566706916893462,0.2070454469518026,36.07117947940944,1.5571603434002634
DTXSID3041877,Dimethylbenzylcarbinyl acetate,151-05-3,C12H16O2,192.115030,3,359,1,Active,0.9999999963939712,62.06880214798727,4.2042680349679955,93.56103877439018,1.9710950349785135
DTXSID3042007,Glyceryl monoricinoleate,1323-38-2,, ,52,364,14,Inactive,0,-3.6528318396507906,0.24742678461783654,0.00020000000662087907,-3.6989699899589628
DTXSID3042130,Diphenylmercury(II),587-85-9,C12H10Hg,356.048893,103,378,27,Inactive,-4.949774983243177e-14,-3.2792681704536557,0.2221232224565068,100,2
DTXSID3042219,Propylbenzene,103-65-1,C9H12,120.093900,2,603,0,Inactive,0,2.3884158876846424,0.16178080167973521,100,2
DTXSID3042390,Sodium (2-pyridylthio)-N-oxide,3811-73-2,C5H4NNaOS,148.991129,208,618,34,Inactive,-1.790406000508492e-18,-6.907744453486157,0.4679002686450438,25.34301762474041,1.4038583256123962
DTXSID3044833,Terpinyl propionate,80-27-3,C13H22O2,210.161980,10,363,3,Inactive,-9.452258687835078e-12,-7.5764755192602475,0.5131971737975022,0.0009858178103756996,-3.0062033398858854
DTXSID4041440,2-Methylbutyl isovalerate,2445-77-4,C10H20O2,172.146330,21,362,6,Inactive,0,2.0597615755430905,0.13951920211161906,80.91989836042953,1.9080553286028166
DTXSID4041492,3-Phenylhexane,4468-42-2,C12H18,162.140851,12,362,3,Inactive,0,-2.9071175275721197,0.19691537249141178,0.0007833986670644391,-3.1060171717300107
DTXSID4041521,4-Morpholinepropanamine,123-00-2,C7H16N2O,144.126263,2,359,1,Inactive,0,6.196131564022243,0.41969873710410743,37.40418412063135,1.5729201861273037
DTXSID0027191,"1,3-Cyclopentadiene",542-92-7,C5H6,66.046950,0,359,0,Inactive,0,-3.0252900041618638,0.20491985701094065,0.002347367531240675,-2.629418906867804
DTXSID0029559,Diazolidinyl urea,78491-02-8,C8H14N4O7,278.086249,4,359,1,Inactive,0,-1.9355914183460095,0.13110846105114304,0.028753008166078252,-1.5413167123104863
DTXSID0032601,Cyproconazole,94361-06-5,C15H18ClN3O,291.113840,104,715,15,Inactive,0,7.360825771909565,0.49859000710248974,22.146652871034732,1.3453080985282966
DTXSID0034223,Tebufenpyrad,119168-77-3,C18H24ClN3O,333.160790,313,678,46,Inactive,-2.924386620686788e-13,-10.471984851381627,0.7093262581153346,0.3150999819257283,-0.5015516217373196
DTXSID0034518,Desmedipham,13684-56-5,C16H16N2O4,300.111007,35,379,9,Inactive,2.1765887888339764e-15,6.903850142385031,0.4676364851158942,74.11399083193992,1.8699001994444076
DTXSID0034930,Fosthiazate,98886-44-3,C9H18NO3PS2,283.046573,37,693,5,Inactive,0,1.5627369594063707,0.10585293767761773,27.53321527983197,1.4398569304907636
DTXSID1026792,3-Methylaniline,108-44-1,C7H9N,107.073499,12,605,2,Inactive,0,-5.493849317102477,0.37212922230647055,0.0011972243151660129,-2.9218244713881516
DTXSID1027891,Calcium dodecylbenzene sulfonate,26264-06-2,, ,156,499,31,Inactive,0,-2.0611080943460776,0.13961040938106795,0.0010021713655495603,-2.9990580102559616
DTXSID1029677,Silica,7631-86-9,O2Si,59.966756,6,583,1,Inactive,0,-2.388106823695522,0.1617598670426027,0.0002000001449676044,-3.6989696895429796
DTXSID1032640,Pyriproxyfen,95737-68-1,C20H19NO3,321.136493,104,705,15,Active,1,38.732182914821344,2.6235479486951463,17.38774375063149,1.2402432312136018
DTXSID1034503,Cyhalofop-butyl,122008-85-9,C20H20FNO4,357.137636,46,660,7,Inactive,0.000003818087829278275,8.844093625313253,0.5990600565887426,0.0002320634060374996,-3.634393337824839
DTXSID2020347,Coumaphos,56-72-4,C14H16ClO5PS,362.014459,197,818,24,Inactive,0,2.1969938641634963,0.1488147145823875,4.939615009730332,0.6936931016229934
DTXSID2025216,Divinylbenzene,1321-74-0,C10H10, ,9,359,3,Inactive,0,-1.8137939551883173,0.12285843586339769,0.07403704778083664,-1.1305509070187298
DTXSID2029874,Fenofibrate,49562-28-9,C20H21ClO4,360.112837,154,648,24,Inactive,2.9793938498052725e-14,3.8262530978703495,0.2591735789377599,100,2
DTXSID2032637,Pymetrozine,123312-89-0,C10H11N5O,217.096360,18,747,2,Inactive,0,-3.2705868300007346,0.22153518658496107,0.01940486098029781,-1.7120894642718563
DTXSID2032639,Pyridate,55512-33-9,C19H23ClN2O2S,378.116877,31,365,8,Inactive,0,8.85072797275801,0.599509438144848,41.85854122317604,1.6217840890345763
DTXSID3020332,Citric acid,77-92-9,C6H8O7,192.027003,2,609,0,Inactive,0,-2.218843858860566,0.1502947372522319,0.0009639358398695843,-3.0159518720286136
DTXSID3032549,Fenhexamid,126833-17-8,C14H17Cl2NO2,301.063634,112,699,16,Active,0.999999999969,87.43190624684513,5.922253305187225,27.751460895350032,1.4432858502366857
DTXSID3034165,Nilutamide,63612-50-0,C12H10F3N3O4,317.062340,116,648,18,Inactive,-9.39440183636254e-11,-11.123655928661227,0.7534675945791416,34.6588262514044,1.5398138509004111
DTXSID3034612,Fluazifop-butyl,69806-50-4,C19H20F3NO4,383.134443,23,662,3,Inactive,0,-2.1523417161709935,0.14579017420137697,0.0784505182052111,-1.1054041833336363
DTXSID3034664,Imazamox,114311-32-9,C15H19N3O4,305.137556,6,682,1,Inactive,0,-2.6674226570396873,0.18067949476458542,0.0016983336415751166,-2.7699769875542377
DTXSID4032405,Formetanate hydrochloride,23422-53-9,C11H16ClN3O2,257.093104,65,661,10,Inactive,0,-2.885224762208534,0.1954324527244776,0.0025019010979162445,-2.6017298622997482
DTXSID4032613,Fenitrothion,122-14-5,C9H12NO5PS,277.017381,145,787,18,Inactive,2.978095758571231e-11,7.009416645637955,0.47478709637034394,100,2
DTXSID4032615,Flumetsulam,98967-40-9,C12H9F2N5O2S,325.044502,8,691,1,Inactive,0,-4.959012087291573,0.33590169750514437,0.006474963386795671,-2.188762682993052
DTXSID4034150,Haloperidol,52-86-8,C21H23ClFNO2,375.140135,270,752,36,Inactive,0,4.029182491733381,0.2729191247586637,0.00020000000833419665,-3.698969986238541
DTXSID4034497,Metconazole,125116-23-6,C17H22ClN3O,319.145140,121,468,26,Inactive,-0.9581518535464227,-19.996605490565805,1.3544822255697024,114.36448124362286,2.058291164360379
DTXSID4034528,Diclosulam,145701-21-9,C13H10Cl2FN5O3S,404.986544,45,684,7,Inactive,-2.3319582784236077e-8,-9.829704407287222,0.6658210018973567,19.842603247514198,1.2975986487589017
DTXSID5027932,Dodecylbenzene sulfonate triethanolamine(1:1),27323-41-7,C24H45NO6S, ,175,686,26,Inactive,2.2966775708573798e-10,6.5830519339597915,0.4459070235074431,163.569648947894,2.2137027216012153
DTXSID5031131,Dipentyl phthalate,131-18-0,C18H26O4,306.183109,91,716,13,Inactive,0,-4.334239307137833,0.29358233354423324,0.0025130052110018896,-2.5998066108475277
DTXSID5033836,4-Nonylphenol,104-40-5,C15H24O,220.182715,211,648,33,Active,0.9999986111902522,46.02570676387627,3.117579219151245,26.255207004806334,1.419215446759077
DTXSID6024882,Cycloheximide,66-81-9,C15H23NO4,281.162708,259,632,41,Inactive,-0.21927066725437133,-14.06492396456532,0.9526961725069286,2.7449837772422323,0.43853978212855194
DTXSID7026811,Benzenethiol,108-98-5,C6H6S,110.019021,27,369,7,Inactive,0,-1.384852581208595,0.09380383121356914,0.032629329775005586,-1.4863918467762107
DTXSID7032638,Pyraclostrobin,175013-18-0,C19H18ClN3O4,387.098584,355,851,42,Inactive,0,-9.088458183194769,0.6156122384260984,1.5972403392607015,0.20337027002787028
DTXSID7034545,Dimethomorph,110488-70-5,C21H22ClNO4,387.123736,129,727,18,Inactive,0
DTXSID7034549,1-Methyl-2-nitro-3-((tetrahydrofuran-3-yl)methyl)guanidine,165252-70-0,C7H14N4O3,202.106590,6,417,1,Inactive,0.008204872737129953,8.62443899297024,0.58418161657486,100,2
DTXSID8031863,Perfluorononanoic acid,375-95-1,C9HF17O2,463.970508,239,764,31,Inactive,0,-5.611739523943179,0.38011458711300244,183.89036618938854,2.26455897763187
DTXSID8031865,Perfluorooctanoic acid,335-67-1,C8HF15O2,413.973702,97,959,10,Inactive,0,-1.7910115144372003,0.1213152533934009,0.09212487832444165,-1.0356230727346123
DTXSID8032386,Ethalfluralin,55283-68-6,C13H14F3N3O4,333.093640,116,760,15,Inactive,0.7339680476390802,16.973526670289466,1.149712144443065,38.464062188083226,1.5850551481475967
DTXSID8034742,"Milbemectin (mixture of 70% Milbemycin A4, 30% Milbemycin A3)",NOCAS_34742,, ,404,734,55,Inactive,0,-1.7964906558444822,0.12168638636649713,9.303492897218675,0.9686460304025032
DTXSID9027360,Ammonium carbamate,1111-78-0,CH6N2O2,78.042927,18,596,3,Inactive,0,-2.482074049595745,0.1681247941962635,0.00020000027256225882,-3.698969412474997
DTXSID9036515,Testosterone propionate,57-85-2,C22H32O3,344.235145,263,673,39,Inactive,0
DTXSID0022436,"4,4-Bis(4-hydroxyphenyl)valeric acid",126-00-1,C17H18O4,286.120509,33,518,6,Active,0.9999999999497515,60.93406407186992,4.127405861760486,100,2
DTXSID0026171,Tolyltriazole,29385-43-1,C7H7N3, ,12,365,3,Inactive,0,-3.0456047532295356,0.20629588888505307,0.00020000010834835685,-3.698969769060615
DTXSID0027640,Malic acid,6915-15-7,C4H6O5,134.021523,7,625,1,Inactive,0,-6.3085886990276805,0.4273160894880018,0.020787909896521115,-1.6821891742586685
DTXSID0028038,3-Iodo-2-propynyl-N-butylcarbamate,55406-53-6,C8H12INO2,280.991270,324,800,40,Inactive,-0.9997644087484537,-18.058725425664015,1.2232187416532097,20.13126516573028,1.303871069336222
DTXSID0032497,Triclopyr,55335-06-3,C7H4Cl3NO3,254.925676,21,656,3,Inactive,0,4.509949458583176,0.30548416743784895,5.463171085946653,0.737444801195367
DTXSID0032572,Prallethrin,23031-36-9,C19H24O3,300.172545,218,792,28,Inactive,-0.0008292735197804726,-13.625428778960986,0.9229266990127709,119.96387025290336,2.0790504684443243
DTXSID0034227,Icaridin,119515-38-7,C12H23NO3,229.167794,14,674,2,Inactive,0,3.150696914258692,0.21341437028070087,0.00020000017359962752,-3.698969627369381
DTXSID0034803,Penoxsulam,219714-96-2,C16H14F5N5O5S,483.063581,38,679,6,Active,1,63.25537323598817,4.284641148736249,21.21822562448266,1.3267090631790868
DTXSID0034855,Butyl (2R)-2-(4-{[5-(trifluoromethyl)pyridin-2-yl]oxy}phenoxy)propanoate,79241-46-6,C19H20F3NO4,383.134443,34,674,5,Inactive,0,0.2895780535247799,0.019614745442642034,100,2
DTXSID0035160,alpha-Ionone,127-41-3,C13H20O,192.151415,7,362,2,Inactive,0,-0.9865731348040641,0.0668261308624175,100,2
DTXSID0037495,Deisopropylatrazine,1007-28-9,C5H8ClN5,173.046823,23,727,3,Inactive,0,1.529513434297612,0.10360252201322842,25.01857231616529,1.3982625230671484
DTXSID0037730,"1,4-Dihydroxy-2-naphthoic acid",31519-22-9,C11H8O4,204.042259,156,391,40,Inactive,-0.9284017136547675,-17.64377539180228,1.1951118489293204,19.097396888441487,1.2809741738429679
DTXSID0038700,2-Methoxy-4-nitroaniline,97-52-9,C7H8N2O3,168.053492,36,381,9,Inactive,0,-3.2711641408722536,0.22157429108769627,0.0014678542710704523,-2.8333170591417054
DTXSID0038881,C.I. Acid Orange 7,633-96-5,C16H11N2NaO4S,350.033722,85,373,23,Inactive,-5.1056523726450216e-12,-5.510918357549109,0.3732854041346014,0.8788801677325426,-0.056070335438465055
DTXSID0038887,Fluorescein,2321-07-5,C20H12O5,332.068473,78,499,16,Inactive,3.203968870601035e-14,7.527469635613423,0.5098777304860224,19.842518084061247,1.2975967847848764
DTXSID1022508,4-Dodecylphenol,104-43-8,C18H30O,262.229666,200,407,49,Active,0.9999999999934785,69.18623970734487,4.686371993577387,0.804273024075845,-0.09459649761783077
DTXSID1027263,Pentyl acetate,628-63-7,C7H14O2,130.099380,27,587,5,Inactive,0,-2.9061817116045825,0.19685198442812116,0.0008357117247058186,-3.077943504809828
DTXSID1027390,Phenolsulfonic acid,1333-39-7,C6H6O4S, ,5,365,1,Inactive,0,3.6780799272312747,0.24913697917428398,19.84253007305499,1.297597047188682
DTXSID1027479,2-(2H-Benzotriazol-2-yl)-4-methylphenol,2440-22-4,C13H11N3O,225.090212,42,482,9,Active,0.9999999972014452,32.072558590041965,2.172454247759705,51.3293148839313,1.710365467570449
DTXSID1027550,Sodium chloroacetate,3926-62-3,C2H2ClNaO2,115.964101,2,363,1,Inactive,0,-3.754515610372919,0.25431439662463473,0.0072515761572694935,-2.1395675876347635
DTXSID1029128,Tetrahydrofurfuryl alcohol,97-99-4,C5H10O2,102.068080,1,359,0,Inactive,0,-2.1768988598391443,0.14745356725201073,0.0268881071875257,-1.5704397692510843
DTXSID1029170,4-Methylpent-3-en-2-one,141-79-7,C6H10O,98.073165,11,391,3,Inactive,0,3.0598786647060345,0.20726274095369016,0.00024035295624265103,-3.6191505318587174
DTXSID1032519,Acibenzolar-S-methyl,135158-54-2,C8H6N2OS2,209.992155,49,791,6,Inactive,0,2.688409625648902,0.18210105983787658,0.00020000011893886904,-3.6989697460636233
DTXSID1032646,N-Ethylperfluorooctane sulfonamide,4151-50-2,C10H6F17NO2S,526.984778,211,774,27,Inactive,0,3.2831635657112694,0.222387079421655,34.06071565835735,1.532253768794236
DTXSID1032648,Z-Tetrachlorvinphos,22248-79-9,C10H9Cl4O4P,363.899257,144,515,28,Inactive,-1.8812633014555634e-13,-8.92076108102576,0.6042531732950374,67.97857833535788,1.8323720777585835
DTXSID1032690,Indoxacarb,173584-44-6,C22H17ClF3N3O7,527.070712,181,740,24,Inactive,-4.8232827692045196e-11,-0.7690515352427695,0.05209217312032637,100,2
DTXSID1033161,Aldicarb sulfoxide,1646-87-3,C7H14N2O3S,206.072513,13,368,4,Inactive,8.462390657445944e-19,5.047014705256359,0.34186260831538867,100,2
DTXSID1033371,Cyclopentanol,96-41-3,C5H10O,86.073165,4,362,1,Inactive,0,5.240650619891534,0.35497865467280754,0.7415704687126321,-0.12984757326824123
DTXSID1033664,17-Methyltestosterone,58-18-4,C20H30O2,302.224580,160,708,23,Active,1,67.91215787621576,4.600071286439875,1.8011888412972277,0.2555592477634409
DTXSID1034929,Spiromesifen,283594-90-1,C23H30O4,370.214409,37,374,10,Inactive,0,-2.328389142504275,0.15771485361450144,0.00023235553116482022,-3.6338469847914463
DTXSID1034973,Tralkoxydim,87820-88-0,C20H27NO3,329.199094,37,673,5,Inactive,0,-1.9620608485801863,0.1329013839944928,0.015295283228741019,-1.8154424766040838
DTXSID1035288,"(8E,10E)-8,10-Dodecadien-1-ol",33956-49-9,C12H22O,182.167065,61,369,17,Inactive,0,-3.5886202720767963,0.24307737506450128,168.83536889020894,2.2274634310622607
DTXSID1037303,Perfluoroheptanoic acid,375-85-9,C7HF13O2,363.976895,42,717,6,Inactive,0,-3.497015723533977,0.23687248529752938,0.0024463814895654403,-2.6114758179888184
DTXSID1038298,1-Hydroxypyrene,5315-79-7,C16H10O,218.073165,238,690,34,Active,0.9999888146757507,55.94634198232778,3.7895594748047836,26.809867858371547,1.428294673418855
DTXSID1040110,Ethyl propionate,105-37-3,C5H10O2,102.068080,0,360,0,Inactive,0,1.4839658938485543,0.10051733168001052,0.0002000000024721252,-3.698969998967867
DTXSID1040112,Ethyl heptanoate,106-30-9,C9H18O2,158.130680,13,594,2,Inactive,0,-2.9917644258314944,0.20264898158801678,0.03820121255987459,-1.4179228517557052
DTXSID1040792,Pyridoxine hydrochloride,58-56-0,C8H12ClNO3,205.050571,1,366,0,Inactive,0.0015773312043292091,11.406207029644532,0.7726063651208516,53.35884083808741,1.7272063864427818
DTXSID2027258,Isopropyl formate,625-55-8,C4H8O2,88.052429,19,362,5,Inactive,-1.3943038096787434e-12,-4.370886968973024,0.29606468519076024,0.0004005130651239534,-3.397383312242191
DTXSID2027593,4-Chlorobenzotrichloride,5216-25-1,C7H4Cl4,227.906711,11,614,2,Inactive,0,-1.363417392723836,0.09235190569460842,0.00020001126823992766,-3.6989455363531833
DTXSID2029246,Triethoxyoctylsilane,2943-75-1,C14H32O3Si,276.212071,45,607,7,Inactive,0,-2.3879968860481924,0.1617524203492477,0.023397445444785205,-1.6308315566836846
DTXSID0023745,D-Xylose,58-86-6,C5H10O5,150.052823,3,478,1,Inactive,0,-3.8746102879409205,0.2624490825956175,0.05280722756224951,-1.2773066328527851
DTXSID0023826,Isophorone diisocyanate,4098-71-9,C12H18N2O2,222.136828,24,623,4,Inactive,0,1.8689416961693333,0.12659390161403966,0.0002860353307572654,-3.5435803199994567
DTXSID0023951,Carboxin,5234-68-4,C12H13NO2S,235.066700,73,677,11,Inactive,0.000002014033899239903,11.978764700660179,0.8113889069312684,18.095207141919012,1.2575635589875997
DTXSID0024052,Dimethipin,55290-64-7,C6H10O4S2,210.002051,92,618,15,Inactive,0,-5.6370985022110505,0.38183229291755244,0.004167396364044951,-2.380135191519883
DTXSID0024216,Nitrapyrin,1929-82-4,C6H3Cl4N,228.901960,20,648,3,Inactive,0,-2.920475999466013,0.19782021670357505,0.025790546416364933,-1.5885394565011384
DTXSID0025523,Maltol,118-71-8,C6H6O3,126.031694,9,618,1,Active,0.9999765753735532,50.3069573067658,3.4075723265459152,0.0002468948859511267,-3.607487905718971
DTXSID0025864,4-Ethoxyaniline,156-43-4,C8H11NO,137.084064,23,368,6,Inactive,0,1.8739408706412863,0.12693252373507802,0.0003341859940602684,-3.476011755609002
DTXSID0026252,Triphenyl phosphite,101-02-0,C18H15O3P,310.075881,15,631,2,Active,0.9995828055847498,23.448551324273055,1.588301874489203,76.75151316008892,1.8850869463720106
DTXSID0026838,Isopropyl tetradecanoate,110-27-0,C17H34O2,270.255880,1,369,0,Inactive,0,4.219459102274855,0.2858076266117241,19.84255301216584,1.297597549257897
DTXSID0026880,"1,2-Ethanediol diacetate",111-55-7,C6H10O4,146.057909,5,365,1,Inactive,0,-2.436911508842625,0.1650656820514283,0.06384159413108938,-1.1948962771446108
DTXSID0026915,1-Undecanol,112-42-5,C11H24O,172.182715,56,603,9,Inactive,0,-3.0727693906949183,0.20813590211271138,0.17661593289309943,-0.7529701203766263
DTXSID0029214,Methylionone,1335-46-2,, ,24,365,7,Inactive,0,-7.860729520175699,0.5324512913010305,0.00020160833402583803,-3.6954915191182622
DTXSID1022421,Melatonin,73-31-4,C13H16N2O2,232.121178,11,374,3,Inactive,5.580014221004631e-14,3.269345284018707,0.22145108971333569,100,2
DTXSID1023998,Cypermethrin,52315-07-8,C22H19Cl2NO3,415.074199,136,857,16,Active,0.9999999999998934,53.35247038229666,3.6138620055863324,40.828545454398636,1.6109639081527152
DTXSID1024045,Ethyl sulfate (Et2SO4),64-67-5,C4H10O4S,154.029980,1,585,0,Inactive,0,-3.463609337471097,0.2346096834352814,0.01380984564995566,-1.8598111754218862
DTXSID1024097,2-Butoxyethanol,111-76-2,C6H14O2,118.099380,3,585,1,Inactive,0,-3.5378711014715165,0.23963984915143138,0.02237143486032573,-1.6503061602065683
DTXSID1024176,Methacrylonitrile,126-98-7,C4H5N,67.042199,6,362,2,Inactive,1.2368236808930928e-17,2.0368746935380058,0.137968945249812,100,2
DTXSID1024598,Benzyl salicylate,118-58-1,C14H12O3,228.078644,42,377,11,Inactive,0.05221730911681456,13.906945397723696,0.9419953982725763,100,2
DTXSID1024621,Diethylene glycol dimethyl ether,111-96-6,C6H14O3,134.094294,47,590,8,Inactive,0,-1.0268845206050479,0.06955664707834602,0.00020000004271556517,-3.6989699115803574
DTXSID1025300,2-Ethylhexyl diphenyl phosphate,1241-94-7,C20H27O4P,362.164696,151,559,27,Active,0.9488854940449125,18.994099744753793,1.286576889617833,34.12912563094082,1.5331251620400865
DTXSID1025306,5-Ethylidene-2-norbornene,16219-75-3,C9H12,120.093900,16,361,4,Inactive,0,4.0983345939936315,0.2776031844315156,100,2
DTXSID1025726,2-Nitrobenzenamine,88-74-4,C6H6N2O2,138.042927,5,368,1,Inactive,0.8960498814062187,19.29390164509962,1.3068841535383031,105.06978619744356,2.021477848528918
DTXSID1025805,2-n-Octyl-4-isothiazolin-3-one,26530-20-1,C11H19NOS,213.118735,381,671,57,Inactive,-0.00045026943703390786,-12.923781076046499,0.8754001654389671,111.87194758536573,2.048721198805157
DTXSID1025857,"1,10-Phenanthroline",66-71-7,C12H8N2,180.068748,122,367,33,Inactive,-5.6368764377093885e-18,-8.160678514908787,0.5527685187492164,2.2858665524975597,0.35905087295094945
DTXSID1026031,Sodium dodecyl sulfate,151-21-3,C12H25NaO4S,288.137125,168,681,25,Inactive,-0.8427752237806921,-17.18635249147776,1.1641280307832649,99.99999999999999,2
DTXSID1026665,3-Pyridinecarbonitrile,100-54-9,C6H4N2,104.037448,4,662,1,Inactive,4.1006882778145684e-15,5.366603805019338,0.3635101702137821,0.0003855382259533927,-3.413932555362467
DTXSID1026879,Hexamethyleneimine,111-49-9,C6H13N,99.104799,3,361,1,Inactive,0,-4.122971272181001,0.27927196480114463,0.0008379433176730023,-3.0767853580456364
DTXSID1041188,1-Phenyl-2-nitropropene,705-60-2,C9H9NO2,163.063329,126,371,34,Inactive,-0.00019650134101366722,-10.821111256603237,0.7329745473498658,100.00000000000001,2
DTXSID1047364,SSR 103800,1075752-90-7,, ,239,651,37,Inactive,0,-7.2067292559625065,0.4881521859447447,19.84253736479191,1.2975972067832755
DTXSID2022331,2-(Butan-2-yl)phenol,89-72-5,C10H14O,150.104465,33,590,6,Inactive,0.0023181431303283826,11.64579554844304,0.7888350390483467,90.26793735569477,1.9555335188386687
DTXSID2023193,Lactose,63-42-3,C12H22O11,342.116212,1,363,0,Inactive,0,-1.5258672343450526,0.10335554444351316,0.00020000201490090648,-3.6989656290563317
DTXSID2023430,Pentaerythritol tetranitrate,78-11-5,C5H8N4O12,316.013872,7,367,2,Inactive,0,0.7656151162687561,0.05185940519268448,100,2
DTXSID2023723,Tromethamine,77-86-1,C4H11NO3,121.073893,2,364,1,Inactive,0.007094849169489796,9.989355188383735,0.6766350445805295,100,2
DTXSID2024664,Butyraldehyde oxime,110-69-0,C4H9NO,87.068414,4,359,1,Inactive,1.7540925042378797e-13,5.979467482374279,0.40502286385902064,19.842516469387142,1.297596749444398
DTXSID2024955,Di-tert-butyl peroxide,110-05-4,C8H18O2,146.130680,4,632,1,Inactive,0,-1.6501414417801707,0.11177333341009775,0.0002000000040503167,-3.698969995540868
DTXSID2025050,Diethylenetriamine,111-40-0,C4H13N3,103.110947,4,477,1,Inactive,0,-2.0855061296673867,0.14126302513113245,0.00020000000537629076,-3.698969992661552
DTXSID2025395,Hexamethyldisilazane,999-97-3,C6H19NSi2,161.105603,4,363,1,Inactive,0,-2.930467288059922,0.19849698270855382,0.00020000004021816114,-3.6989699170034003
DTXSID2025478,Isopropyl acetate,108-21-4,C5H10O2,102.068080,5,368,1,Inactive,0,-5.288912371562525,0.35824769375266813,0.019288551051622978,-1.7147003951616822
DTXSID2025505,Linoleic acid,60-33-3,C18H32O2,280.240230,74,383,19,Inactive,0,4.259843006855869,0.2885430549312903,10.927032333201236,1.0385022281604215
DTXSID2026446,Acetyl tributyl citrate,77-90-7,C20H34O8,402.225368,40,598,7,Inactive,9.683589840064496e-12,9.952058344414715,0.674108720187636,38.31402749662434,1.5833578065804303
DTXSID2026523,Symclosene,87-90-1,C3Cl3N3O3,230.900524,16,658,2,Inactive,0,-2.9350161481361576,0.19880510251032577,0.06665184892282175,-1.1761877987506237
DTXSID0020232,Caffeine,58-08-2,C8H10N4O2,194.080376,54,670,8,Inactive,0,-8.628065419097274,0.584427254752486,0.002917547727809716,-2.5349820306536808
DTXSID0020286,3-Chloro-4-methylaniline,95-74-9,C7H8ClN,141.034527,15,367,4,Inactive,0,-2.688879131918183,0.18213286213036242,0.07867852686250087,-1.1041437801898684
DTXSID0020311,Monuron,150-68-5,C9H11ClN2O,198.055991,18,608,3,Inactive,0,-5.51783105076763,0.37375363961085367,0.019680824505070672,-1.7059567112653602
DTXSID0020440,Dichlorprop,120-36-5,C9H8Cl2O3,233.985050,11,664,2,Inactive,0,1.881920474034977,0.12747302702044558,100,2
DTXSID0020494,Dimethyl methylphosphonate,756-79-6,C3H9O3P,124.028931,2,366,1,Inactive,0,-4.089409441479832,0.2769986338018528,0.0025764743529731863,-2.588974176283698
DTXSID0020529,"2,4-Dinitrotoluene",121-14-2,C7H6N2O4,182.032757,27,611,4,Inactive,0,-3.4934237015261966,0.23662917750382964,19.84251925180703,1.2975968103434035
DTXSID0020604,4-Vinyl-1-cyclohexene diepoxide,106-87-6,C8H12O2,140.083730,11,589,2,Inactive,0,-3.142736965352126,0.21287519830396345,0.027279695355046638,-1.564160483955476
DTXSID0020943,5-Nitro-o-anisidine,99-59-2,C7H8N2O3,168.053492,26,612,4,Inactive,-2.6092970453607223e-9,-4.905896551955004,0.3323038844388745,0.041674687251275024,-1.380127650661448
DTXSID0021094,"4,4'-Oxydianiline",101-80-4,C12H12N2O,200.094963,51,626,8,Active,0.9999999996767638,84.3188678188762,5.711389755361797,133.56172295721942,2.1256820128530323
DTXSID0021256,Sulfasalazine,599-79-1,C18H14N4O5S,398.068491,50,680,7,Inactive,0,-3.5932844750504915,0.24339330768753073,0.0018925287343780194,-2.7229575178584957
DTXSID0021337,Thiabendazole,148-79-8,C10H7N3S,201.036068,65,687,9,Active,0.9683913684810588,18.79427078135031,1.2730413533383511,30.46401323791378,1.4837871154239068
DTXSID0021832,"N,N,4-Trimethylaniline",99-97-8,C9H13N,135.104799,14,587,2,Inactive,0,-6.5915832910117444,0.44648490016217385,0.0023856242995125,-2.6223979502280836
DTXSID0021888,2-Pentanone,107-87-9,C5H10O,86.073165,3,359,1,Inactive,-9.190792904780621e-11,-4.855287892537449,0.32887587613649893,0.006135506327801823,-2.2121495916498097
DTXSID0021961,Benzophenone,119-61-9,C13H10O,182.073165,25,602,4,Active,1,115.38378169410547,7.815590575981231,57.101199288249084,1.7566452297659731
DTXSID0021969,4-Hydroxy-3-methoxybenzaldehyde,121-33-5,C8H8O3,152.047344,20,600,3,Inactive,0,2.12397979363672,0.1438690621419436,9.924160679985597,0.9966937872271544
DTXSID0022018,Disulfoton,298-04-4,C8H19O2PS3,274.028480,55,742,7,Active,0.9992462634329627,18.75535682932889,1.2704054931487527,45.37566311967259,1.6568229848675364
DTXSID0023901,Bentazone,25057-89-0,C10H12N2O3S,240.056863,21,668,3,Inactive,0,-0.8663036927109006,0.058679607110112116,0.07489026568908777,-1.1255746286590578
DTXSID0023907,Benzo(b)fluoranthene,205-99-2,C20H12,252.093900,162,634,26,Inactive,0,-2.849997983198732,0.19304634543965066,0.0010083287588168763,-2.9963978460039957
DTXSID0027983,Dipropylene glycol monomethyl ether,34590-94-8,C7H16O3, ,12,631,2,Inactive,0,-1.1270852576387687,0.0763438048969663,0.00020000000085481902,-3.698970002479803
DTXSID1020069,o-Aminoazotoluene,97-56-3,C14H15N3,225.126597,314,659,48,Active,0.9999999999996532,88.97667973997633,6.026889476559641,3.3567617716109375,0.525920520590871
DTXSID4047335,MK-812,851916-42-2,C28H40F3N3O7,587.281835,17,592,3,Inactive,0,2.040170987389823,0.1381922217171428,0.00020000002830452594,-3.698969942873526
DTXSID4047385,SAR377142,NOCAS_47385,C28H37ClN6O6,588.246311,115,613,19,Inactive,0,-4.73420303554016,0.32067411976010524,0.058599117365104605,-1.2321089253872242
DTXSID4047389,SAR 150640,433212-21-6,C25H35ClN2O7S,542.185350,262,695,38,Inactive,0,-3.2030831213306614,0.21696278185372875,0.0001953715954840745,-3.70913857685689
DTXSID5020570,Sodium erythorbate,6381-77-7,C6H7NaO6,198.014032,6,596,1,Inactive,0,-2.0940235842658677,0.14183996009472824,0.13323043312825789,-0.8753965602256544
DTXSID5024263,Phosphoric acid,7664-38-2,H3O4P,97.976896,5,363,1,Inactive,0,-2.24015410796116,0.151738199926076,0.024364651228080354,-1.6132398010199842
DTXSID5047291,"N-[(3R)-9-Amino-3,4,6,7-tetrahydro-4-oxo-1-phenylpyrrolo[3,2,1-jk][1,4]benzodiazepin-3-yl]-3-pyridinecarboxamide",197894-84-1,C23H19N5O2,397.153875,49,611,8,Inactive,0,-3.2779451271144016,0.22203360531186075,0.022950330045024305,-1.6392110645623548
DTXSID5047299,CP-422935,NOCAS_47299,C26H38N2O4S,474.255229,18,610,3,Inactive,0,-2.217357457696952,0.15019405496607435,0.001554316326790045,-2.8084605910697893
DTXSID5047372,AVE3295,478263-98-8,C25H21FN3NaO3S,485.118535,96,610,16,Inactive,0,-1.8231775659270342,0.12349404043954705,0.016381878090768562,-1.7856363102861637
DTXSID5047451,"C.I. Acid Yellow 11, sodium salt",6359-82-6,C16H13N4NaO4S,380.055520,31,371,8,Inactive,0,2.5182949338213607,0.1705782378020375,0.00017096999990801263,-3.7670800885401716
DTXSID5047611,gamma-Heptalactone,105-21-5,C7H12O2,128.083730,1,359,0,Inactive,0,-2.4182396359797744,0.16380093139548518,0.00020000001486634392,-3.6989699720541642
DTXSID5048184,Melengestrol acetate,2919-66-6,C25H32O4,396.230060,84,404,21,Inactive,0.000006080261506657419,9.552660072871175,0.6470552355357428,1.5906022030825238,0.20156157964189778
DTXSID6020224,gamma-Butyrolactone,96-48-0,C4H6O2,86.036779,21,589,4,Inactive,0,-3.7012537427763506,0.25070667165380234,0.004953137820422882,-2.3051195876613115
DTXSID6020359,Cyclohexanone,108-94-1,C6H10O,98.073165,7,594,1,Inactive,0,-4.092553448770387,0.27721159504640636,0.0004172769882780109,-3.379575564819663
DTXSID6020561,Endrin,72-20-8,C12H8Cl6O,377.870631,126,648,19,Active,0.999999999999935,26.959274148443363,1.8261028185786392,2.76232866742834,0.44127535054909994
DTXSID6047103,Octadecyl sulfate sodium salt,1120-04-3,C18H37NaO4S,372.231025,111,370,30,Inactive,0,-2.6812843152985684,0.18161842261098585,0.0006981806357577218,-3.1560322006381254
DTXSID6047280,CP-607366,289716-94-5,C14H12Cl2FNO,299.027998,198,622,32,Inactive,0,-1.3142870081259415,0.08902402923554403,0.00037517974178306635,-3.425760619838156
DTXSID6047282,"(2R)-2-[4-[[[[2-(1,3-Benzodioxol-5-yloxy)-3-pyridinyl]carbonyl]amino]methyl]-3-fluorophenoxy]propanoic acid",445295-04-5,C23H19FN2O7,454.117629,16,608,3,Inactive,0,-5.218255406651611,0.3534617012936137,0.0008598048320041637,-3.065600118527167
DTXSID6047284,"(R)-N-(Quinuclidin-3-yl)furo(2,3-C)pyridine-5-carboxamide",478149-53-0,C15H17N3O2,271.132077,20,620,3,Inactive,0,-1.8021127632573088,0.12206720322886461,0.00020000000204955926,-3.6989699998854575
DTXSID6047313,GW473178E methyl benzene sulphonic acid,263553-33-9,C28H37N3O5S,527.245392,103,611,17,Inactive,0,3.8885528832293415,0.2633934927609022,39.52100051624184,1.596827930682359
DTXSID6047363,Volinanserin,139290-65-6,C22H28FNO3,373.205322,105,672,16,Inactive,0,-2.3020904972758442,0.15593349889730812,0.0002033558464476567,-3.6917433371838753
DTXSID6047448,Potassium chlorate,3811-04-9,ClKO3,121.917303,4,366,1,Inactive,0,-3.0688175201701204,0.20786821976101838,0.007201345196345644,-2.1425863706823622
DTXSID6047527,"Adipic acid, polypropyleneglycol, laurate",66456-53-9,, ,20,597,3,Inactive,0,-2.4528251395721945,0.16614360150018928,0.0010741619878951482,-2.968930220364426
DTXSID2029612,Limonene,138-86-3,C10H16,136.125201,4,365,1,Inactive,0,-3.227030775086271,0.21858489073472726,0.0011661926711630639,-2.933229692192492
DTXSID2032550,"Fenpyroximate (Z,E)",111812-58-9,C24H27N3O4,421.200156,295,756,39,Inactive,-0.002395368419753311,-10.985043128967781,0.7440785723518539,1.7672656330387841,0.24730183207188533
DTXSID2032552,Flufenacet,142459-58-3,C14H13F4N3O2S,363.066460,122,752,16,Inactive,0,-4.330774794141478,0.29334766265091433,0.0020252548247535504,-2.6935203245373893
DTXSID2034625,Fluoxastrobin,361377-29-9,C21H16ClFN4O5,458.079325,274,760,36,Inactive,-0.8791330111231275,-17.17487205256363,1.163350396276335,19.842522841136187,1.297596888903272
DTXSID2034962,Thiamethoxam,153719-23-4,C8H10ClN5O3S,291.019288,5,715,1,Inactive,0,2.6061632306598033,0.17653005028915708,24.679971666300343,1.392344656772206
DTXSID2036112,2-(8-Heptadecenyl)-2-imidazoline-1-ethanol,95-38-5,C22H42N2O,350.329714,157,376,42,Inactive,0,2.4102887870820515,0.16326237581337716,100,2
DTXSID2038788,"1,4-Cyclohexanedicarboxylic acid",1076-97-7,C8H12O4,172.073559,7,366,2,Inactive,0,-3.3985808266683932,0.23020493773586334,0.05400531950399516,-1.2675634602242656
DTXSID2040363,Diniconazole,83657-24-3,C15H17Cl2N3O,325.074868,306,736,42,Inactive,-0.05484801289551499,-12.187662166081196,0.8255387037061671,73.30976339221999,1.8651618178198353
DTXSID2047270,Besonprodil,253450-09-8,C21H23FN2O3S,402.141342,132,644,20,Inactive,0,1.62466627345055,0.11004775740110227,26.08809366526491,1.416442345067859
DTXSID2047276,CP-409092,194098-25-4,C17H19N3O2,297.147727,38,620,6,Inactive,0,-2.3537165671458378,0.15943042211499706,0.0003269748587366025,-3.485485639179847
DTXSID3022320,Triphenylethylene,58-72-0,C20H16,256.125201,65,436,15,Active,1,98.65608901712963,6.682530146477546,4.419595077706174,0.6453824812102947
DTXSID3022370,Progesterone,57-83-0,C21H30O2,314.224580,261,660,40,Active,0.9951005423777187,20.251542730705303,1.371750554465207,25.069036896227242,1.3991376495270844
DTXSID3029154,Cyclopentanone,120-92-3,C5H8O,84.057515,2,363,1,Inactive,0,-2.494947485267832,0.16899678418516853,0.26048771451155583,-0.5842127546894373
DTXSID3029653,Ammonium isothiocyanate,1762-95-4,CH4N2S,76.009519,5,375,1,Inactive,0,-2.710705341904289,0.18361127372835487,0.06319426239476603,-1.1993223508854736
DTXSID3032337,Butralin,33629-47-9,C14H21N3O4,295.153206,133,703,19,Active,1,59.07908178005934,4.0017575088843245,11.097984305008545,1.0452441062906357
DTXSID3032464,Profenofos,41198-08-7,C11H15BrClO3PS,371.935143,114,733,16,Inactive,4.318124920965616e-10,4.286131385871108,0.2903237142602939,148.01791227148135,2.1703142743810844
DTXSID3032547,Etridiazole,2593-15-9,C5H5Cl3N2OS,245.918817,87,663,13,Inactive,0,8.447269979648368,0.5721809657854341,21.171323065847574,1.3257479993629213
DTXSID3034456,Cinmethylin,87818-31-3,C18H26O2,274.193280,79,671,12,Active,0.999999999999999,45.121840407035855,3.0563552821581195,47.612983919489494,1.6777253996883454
DTXSID3034618,Flufenpyr-ethyl,188489-07-8,C16H13ClF4N2O4,408.049997,20,655,3,Inactive,0,-4.3606640798836,0.29537223158546566,0.0005922420188328691,-3.2275007832015663
DTXSID3034872,Chloridazon,1698-60-8,C10H8ClN3O,221.035590,20,666,3,Inactive,0,3.7694930084433143,0.25532889978524387,100,2
DTXSID3036286,Citralva,5146-66-7,C10H15N,149.120449,3,362,1,Inactive,0,-1.5065855179847205,0.10204948566764403,0.07456200230334561,-1.127482437864135
DTXSID3037709,Potassium perfluorohexanesulfonate,3871-99-6,C6F13KO3S,437.899763,56,747,7,Inactive,0,-0.8910406480193416,0.06035517981147901,0.02366609987352445,-1.6258733070462918
DTXSID3041247,"1,3-Diphenyl-1,3-propanedione",120-46-7,C15H12O2,224.083730,73,363,20,Active,0.9999999999971513,212.7369329982315,14.409865444625726,30.818668294364727,1.4888138684867376
DTXSID4041604,n-Amyl butyrate,540-18-1,C9H18O2,158.130680,6,360,2,Inactive,0,4.74101161423087,0.321135302975542,0.0011687372368179157,-2.932283118801622
DTXSID4042171,4-Dodecylmorpholine,1541-81-7,C16H33NO,255.256215,31,378,8,Inactive,0.2913552804563185,13.411947900383677,0.9084664419622235,20.713579963568463,1.316255165241095
DTXSID4042206,1-Dodecyl-2-pyrrolidinone,2687-96-9,C16H31NO,253.240565,193,614,31,Inactive,-0.7076693196375055,-16.53680969447854,1.120130854677683,118.91404855467982,2.075233165378677
DTXSID4042418,Sodium tridecyl sulfate,3026-63-9,C13H27NaO4S,302.152775,70,380,18,Inactive,-0.028870015108804555,-12.919158258870777,0.8750870361081151,23.498401891231588,1.3710383272325886
DTXSID4044581,2-tert-Butyl-4-ethylphenol,96-70-8,C12H18O,178.135765,155,628,25,Inactive,-6.168592404505378e-8,-5.074045069205273,0.3436935264448061,188.13646551399822,2.2744729807530923
DTXSID4044901,Triallyl trimellitate,2694-54-4,C18H18O6,330.110338,20,366,5,Inactive,0,-3.256766993195089,0.22059909154011198,0.00020000004544468812,-3.6989699056541436
DTXSID5041275,1-Monolaurin,142-18-7,C15H30O4,274.214409,37,364,10,Inactive,0,-2.6521716964233466,0.17964646167867276,0.0006487439084034373,-3.1879267070767323
DTXSID5041306,"2,2',4,4'-Tetrahydroxybenzophenone",131-55-5,C13H10O5,246.052823,146,737,20,Active,1,113.93578009998305,7.717509307999987,6.673549765975289,0.8243569034353085
DTXSID5041514,(4Z)-4-Decenal,21662-09-9,C10H18O,154.135765,7,372,2,Inactive,0.33293821843699684,13.785218923672282,0.9337501815750874,63.51112804092425,1.8028498264471218
DTXSID5042243,Oleyl sarcosine,110-25-8,C21H39NO3,353.292994,103,387,27,Inactive,-0.08620546496737827,-12.835048482164996,0.8693898092663711,19.84252266924982,1.297596885141185
DTXSID5044443,"N,N-Dibutyl-N-methylbutan-1-aminium chloride",56375-79-2,C13H30ClN,235.206678,4,359,1,Inactive,0,-6.49826069779757,0.44016363759526933,0.00020206323518184413,-3.694512697915264
DTXSID5044572,Fluorotelomer alcohol 6:2,647-42-7,C8H5F13O,364.013281,62,711,9,Inactive,0,0.8039995027761093,0.05445939494035121,0.00020067414449291012,-3.6975085798164957
DTXSID1020140,Sodium benzoate,532-32-1,C7H5NaO2,144.018724,0,668,0,Inactive,0,-2.520575871006154,0.17073273846845818,0.0002000000981359353,-3.6989697912365953
DTXSID1020190,C.I. Acid Blue 74,860-22-0,C16H8N2Na2O8S2,465.951746,18,363,5,Inactive,0.006294740715767817,10.812505202351867,0.7323916110349362,100.00000000000001,2
DTXSID1020221,"4-(1,1-Dimethylethyl)phenol",98-54-4,C10H14O,150.104465,64,645,10,Active,1,106.06372690401568,7.184291000637397,26.69272956776811,1.426392986511634
DTXSID1020350,2-Methoxy-5-methylaniline,120-71-8,C8H11NO,137.084064,20,606,3,Inactive,0,4.719083773806455,0.3196500073780461,13.52579864509055,1.1311629179128506
DTXSID1020352,Cupferron,135-20-6,C6H9N3O2,155.069477,27,367,7,Active,0.9999999999999998,103.50845982419017,7.011208432056447,72.78247644995774,1.862026828527681
DTXSID1020431,"1,4-Dichlorobenzene",106-46-7,C6H4Cl2,145.969006,3,592,1,Inactive,0,-2.152063185222932,0.14577130773833663,0.0031520948719045,-2.5014007195693635
DTXSID1020510,"7,12-Dimethylbenz[a]anthracene",57-97-6,C20H16,256.125201,356,712,50,Active,0.9999999620438486,25.861012473450167,1.7517113965693127,13.909832626118407,1.1433219042558482
DTXSID1020516,"1,1-Dimethylhydrazine",57-14-7,C2H8N2,60.068748,5,362,1,Inactive,1.2768355448627993e-9,5.129512291470946,0.3474506324544247,100,2
DTXSID1020699,4-Hexylresorcinol,136-77-6,C12H18O2,194.130680,246,655,38,Active,0.999999999976663,73.78003125984404,4.997535256200533,2.4775072651147116,0.3940149366970116
DTXSID1020805,dl-Menthol,89-78-1,C10H20O,156.151415,2,360,1,Inactive,0,-3.482653923408824,0.2358996800378626,0.0455694534793172,-1.3413261799393874
DTXSID1020930,(-)-Nicotine,54-11-5,C10H14N2,162.115698,16,688,2,Inactive,0,5.012193285459321,0.3395039582831899,18.064500757077404,1.2568259636099666
DTXSID1020932,Nicotinic acid,59-67-6,C6H5NO2,123.032028,2,612,0,Inactive,0,-7.0691372381311215,0.47883230699725,4.401052741817283,0.6435565731398509
DTXSID1021160,Picloram,1918-02-1,C6H3Cl3N2O2,239.926010,14,669,2,Active,0.9999999999999999,74.2495629309428,5.029339269293923,41.747324580589286,1.6206286485114183
DTXSID1021322,Tetraethylthiuram disulfide,97-77-8,C10H20N2S4,296.050933,325,768,42,Inactive,0,4.150890710957651,0.28116310495434194,25.988665527450486,1.4147839798109858
DTXSID1021403,Trimethyl orthophosphate,512-56-1,C3H9O4P,140.023846,18,362,5,Inactive,0,-0.8529325943265588,0.05777390763494473,100,2
DTXSID1021409,Triphenyltin hydroxide,76-87-9,C18H16OSn,368.022317,402,707,57,Inactive,-0.9997713884668584,-16.397151074116785,1.110670993151844,0.9643439048279467,-0.01576806014881978
DTXSID1021798,Quinoline,91-22-5,C9H7N,129.057849,11,591,2,Inactive,0,-1.1748507853453711,0.07957923194502571,0.007720835419273863,-2.112335705059216
DTXSID1027924,Diisodecyl hexanedioate,27178-16-1,C26H50O4, ,11,598,2,Inactive,0,3.5244570683961003,0.2387312414688711,0.0002000000546969349,-3.69896988556315
DTXSID1027926,n-Dodecylphenol,27193-86-8,C18H30O, ,202,406,50,Active,0.9999999999999988,70.74503433979395,4.791957895342657,0.9943899102116278,-0.0024432910052337303
DTXSID1032355,Clomazone,81777-89-1,C12H14ClNO2,239.071306,52,668,8,Inactive,0.5534552782455797,14.825979796938558,1.0042467518341072,150.66085401573434,2.178000424886488
DTXSID1038321,3-Phenoxybenzoic acid,3739-38-6,C13H10O3,214.062994,15,645,2,Inactive,0,-4.435339085297562,0.3004303884599038,0.0006591798590185569,-3.180996070805376
DTXSID2026529,2-tert-Butyl-5-methylphenol,88-60-8,C11H16O,164.120115,119,623,19,Inactive,0,11.197096496448784,0.7584421360707425,36.852792639063374,1.566470403505275
DTXSID2026602,"2,4-Di-tert-butylphenol",96-76-4,C14H22O,206.167065,276,614,45,Inactive,-0.5416910327650364,-15.773035166127492,1.068396122826197,179.02416878478294,2.2529116659592976
DTXSID2026781,4-Methyl-2-pentanol,108-11-2,C6H14O,102.104465,9,583,2,Inactive,0,-0.7202481551839826,0.04878644651245102,0.0002059195452211483,-3.6863024295896687
DTXSID2026864,Methyl octanoate,111-11-5,C9H18O2,158.130680,6,587,1,Inactive,0,-1.6976131675075998,0.1149888596025437,0.0021292741480942465,-2.671768418721583
DTXSID2026943,Pentaerythritol,115-77-5,C5H12O4,136.073559,8,597,1,Inactive,0,-2.810248922485323,0.19035391865527448,0.00020000001018940852,-3.69896998221
DTXSID2026997,4-Methoxybenzaldehyde,123-11-5,C8H8O2,136.052429,1,364,0,Inactive,0,2.4653708880909297,0.16699339540061459,0.00020005315547184092,-3.698854594031545
DTXSID2027094,Bis(2-ethylhexyl) maleate,142-16-5,C20H36O4,340.261360,47,471,10,Inactive,2.9680387553191774e-11,8.033742202808359,0.5441704105052689,76.90444751495876,1.8859514565160191
DTXSID2027204,Methyl isothiocyanate,556-61-6,C2H3NS,72.998620,32,670,5,Inactive,0,-1.931387532214325,0.1308237082691585,0.024864821109259645,-1.6044146609658756
DTXSID2029329,Tripropylene glycol monomethyl ether,25498-49-1,, ,6,591,1,Inactive,0,-3.33430518296808,0.22585118794717046,0.004068574840177534,-2.3905576908820367
DTXSID3023556,Retinol,68-26-8,C20H30O,286.229666,162,656,25,Inactive,0,-2.919485168009544,0.19775310213270672,0.07955086008274696,-1.0993551205155552
DTXSID3023845,Acenaphthylene,208-96-8,C12H8,152.062600,28,618,5,Inactive,0.00001660614131869674,11.080219645633631,0.7505254115504546,19.842514810976933,1.2975967131466617
DTXSID2020006,Acetaminophen,103-90-2,C8H9NO2,151.063329,2,675,0,Inactive,0,-3.1198345497019675,0.21132388926126697,0.00020790407069718906,-3.6821370072340946
DTXSID3024289,Pyrene,129-00-0,C16H10,202.078250,61,669,9,Inactive,2.2354759047386392e-18,5.650822020664972,0.3827618637803113,29.639392100815975,1.4718692920883794
DTXSID3024316,Tebuthiuron,34014-18-1,C9H16N4OS,228.104482,13,642,2,Inactive,0,-1.70305383562149,0.11535738656373042,0.01225677926981611,-1.9116236349648759
DTXSID3024368,2-[2-(2-Ethoxyethoxy)ethoxy]ethanol,112-50-5,C8H18O4,178.120509,4,585,1,Inactive,0,-1.926181828595133,0.13047109677081667,0.014760489917516476,-1.8308992275439433
DTXSID3024657,3-Bromo-1-propanol,627-18-9,C3H7BrO,137.968028,3,592,1,Inactive,0,1.1983136172865674,0.08116850112578107,25.570164976603454,1.407733530067688
DTXSID3025049,Diethylene glycol monomethyl ether,111-77-3,C5H12O3,120.078644,9,606,1,Inactive,0,-1.988983874084257,0.13472503148911524,0.020320288650436925,-1.692070127175442
DTXSID3025122,Dimethyl glutarate,1119-40-0,C7H12O4,160.073559,4,586,1,Inactive,0,-1.9967318003099508,0.13524984198070988,0.04119436973984407,-1.3851621373165888
DTXSID3025469,Isopentyl alcohol,123-51-3,C5H12O,88.088815,3,599,1,Inactive,0,-4.297836608947465,0.29111657465906177,0.0002000000040006576,-3.698969995648701
DTXSID3026514,Phthalimide,85-41-6,C8H5NO2,147.032028,3,359,1,Inactive,0,-3.3928291073010826,0.229815341528989,0.02068751563731635,-1.6842916606047915
DTXSID3026564,Triethylene glycol bis(2-ethylhexanoate),94-28-0,C22H42O6,402.298139,35,631,6,Inactive,0,6.395537707127865,0.4332056333937502,43.111578172753504,1.634593921234153
DTXSID3026641,"1,3-Benzenedicarbonyl dichloride",99-63-8,C8H4Cl2O2,201.958835,9,364,2,Inactive,0,-3.36625738788631,0.22801548996582666,0.00020000001966996323,-3.6989699616232383
DTXSID4027282,Phenyl phosphorus dichloride,644-97-3,C6H5Cl2P,177.950593,3,367,1,Inactive,0,1.5111391752177306,0.10235793040774549,5.35038245334964,0.7283848271507141
DTXSID4027494,"2,3-Diaminotoluene",2687-25-4,C7H10N2,122.084398,144,632,23,Inactive,0,-4.449647653517085,0.3013995880240917,0.01790352783695853,-1.747061384150589
DTXSID4027496,"2,4-D sodium salt",2702-72-9,C8H5Cl2NaO3,241.951344,6,360,2,Inactive,0,-6.004139488455727,0.4066940371850251,0.0023213415826767274,-2.634260948920858
DTXSID4027525,Potassium 2-ethylhexanoate,3164-85-0,C8H15KO2,182.070911,3,365,1,Inactive,0,-2.7656905722946465,0.18733573172537502,0.0007055808199310671,-3.151453233306105
DTXSID4027991,1-Hexadecanol,36653-82-4,C16H34O,242.260966,22,600,4,Inactive,2.3825418722536704e-8,4.657686814821171,0.31549124704800746,100,2
DTXSID4027997,Dichlormid,37764-25-3,C8H11Cl2NO,207.021769,5,470,1,Inactive,0,2.987732675243181,0.20237588851167557,17.18488658893559,1.2351466703712957
DTXSID4029698,Sodium persulfate,7775-27-1,Na2O8S2,237.882998,6,362,2,Inactive,0,-2.959989094682505,0.20049666022161275,0.001260181222179682,-2.899566996046479
DTXSID4032376,Dimethenamid,87674-68-8,C12H18ClNO2S,275.074678,108,680,16,Inactive,0,-3.594998275125146,0.24350939297712626,0.00020193506337625217,-3.6947882649657706
DTXSID4032580,Trifloxystrobin,141517-21-7,C20H19F3N2O4,408.129692,233,768,30,Inactive,-1.1440134908098734e-10,-9.173841984476994,0.621395762096799,27.17106455224569,1.4341066542481793
DTXSID4034576,2-Bromo-4-hydroxyacetophenone,2491-38-5,C8H7BrO2,213.962942,34,369,9,Active,0.9965332472415485,22.22773662161871,1.5056092486713057,100,2
DTXSID4034653,Hexaconazole,79983-71-4,C14H17Cl2N3O,313.074868,275,725,38,Inactive,-0.000017706973394704266,-14.012880062146518,0.9491709471476141,114.65715308042992,2.059401154106985
DTXSID4034948,Tebufenozide,112410-23-8,C22H28N2O2,352.215078,101,670,15,Inactive,0
DTXSID4036229,Sodium decyl sulfate,142-87-0,C10H21NaO4S,260.105825,18,363,5,Inactive,0,-5.6535910555711535,0.38294942604252497,0.2556863180136777,-0.5922925108087814
DTXSID4040713,Octyl gallate,1034-01-1,C15H22O5,282.146724,346,713,49,Inactive,-0.0007122280147876676,-11.921183965765024,0.8074886408592331,99.99999999999999,2
DTXSID4041232,"1,3,5-Triisopropylbenzene",717-74-8,C15H24,204.187801,33,361,9,Inactive,0,-2.4453580070374388,0.1656378107398989,0.041598190264368465,-1.3809255630101527
DTXSID5022439,Phenolphthalin,81-90-3,C20H16O4,320.104859,33,642,5,Active,0.9999999999697645,95.08269618242385,6.4404842111376395,123.33567178920958,2.0910887036894037
DTXSID5027770,2-Acrylamido-2-methyl-1-propanesulfonic acid,15214-89-8,C7H13NO4S,207.056529,25,363,7,Inactive,0,-1.7152425246253706,0.11618299482091898,0.012855968706896422,-1.8908951933728035
DTXSID5032365,"2,6-Dichlorobenzonitrile",1194-65-6,C7H3Cl2N,170.964255,15,682,2,Inactive,1.9969339792652504e-16,2.671950114741255,0.18098616486350222,165.24478672016846,2.2181277668906407
DTXSID5032498,Triclosan,3380-34-5,C12H7Cl3O2,287.951163,374,882,42,Inactive,-0.0000558527828866598,-11.06731330751016,0.7496511928940089,79.43730241913669,1.90002448769811
DTXSID5032523,"1,2-Benzisothiazolin-3-one",2634-33-5,C7H5NOS,151.009185,270,635,43,Inactive,7.33480999939408e-15,7.729659499720338,0.5235731838094564,15.823206616817323,1.1992944990650116
DTXSID5032525,Bifenazate,149877-41-8,C17H20N2O3,300.147393,107,683,16,Inactive,-1.3991445496806013e-12,-8.154128298078604,0.5523248358314183,60.17850139838017,1.7794413684735577
DTXSID5032573,Pyridaben,96489-71-3,C19H25ClN2OS,364.137612,298,826,36,Inactive,-0.000006382859423320849,-9.99595314163663,0.6770819609539311,0.3453215901948564,-0.46177626784410375
DTXSID5032577,Tefluthrin,79538-32-2,C17H14ClF7O2,418.057054,91,702,13,Inactive,0,5.341312394637807,0.3617970411610769,31.27082812799751,1.4951393825751162
DTXSID2020137,"4,4′-Diamino-1,1′-biphenyl",92-87-5,C12H12N2,184.100048,59,627,9,Inactive,0.00008637975587747444,10.754327450789619,0.7284509056761266,49.37373549749898,1.6934959861334373
DTXSID2020212,4-Methyl-2-tert-butylphenol,2409-55-4,C11H16O,164.120115,177,480,37,Inactive,0,5.315907799918112,0.3600762454984399,71.87297825242283,1.8565656414032068
DTXSID2020420,Propyzamide,23950-58-5,C12H11Cl2NO,255.021769,87,742,12,Inactive,0,-3.1174878094728884,0.2111649313856507,0.011493607015121397,-1.9395436561741306
DTXSID2020505,Dimethylaminoethanol,108-01-0,C4H11NO,89.084064,2,610,0,Inactive,0,-2.397477168439071,0.16239457303850713,0.030641748882493432,-1.5136864509082053
DTXSID2020507,"N,N-Dimethylaniline",121-69-7,C8H11N,121.089149,10,589,2,Inactive,3.7548418254820385e-13,1.4927299451572624,0.10111097002163938,100,2
DTXSID2020634,5-Fluorouracil,51-21-8,C4H3FN2O2,130.017856,107,662,16,Inactive,0,-2.630606025633836,0.17818569786150087,0.10325009382441498,-0.98610954502355
DTXSID2020688,Hexachlorocyclopentadiene,77-47-4,C5Cl6,269.813116,183,616,30,Inactive,0,3.1053270824375514,0.21034121714939494,100,2
DTXSID2020890,6-Methyl-2-thiouracil,56-04-2,C5H6N2OS,142.020084,10,612,2,Inactive,2.54165973601802e-18,3.83397255922386,0.25969646134393803,100,2
DTXSID2020921,2-Naphthylamine,91-59-8,C10H9N,143.073499,69,635,11,Active,0.9999974445593823,19.401427359661295,1.3141674731614352,13.812303358795138,1.1402661081659757
DTXSID2021026,N-Nitrosodibutylamine,924-16-3,C8H18N2O,158.141913,7,592,1,Inactive,5.379842771367849e-7,7.9097687695283305,0.5357729946588707,86.21450244143766,1.935580326155673
DTXSID2021151,2-Phenylphenol,90-43-7,C12H10O,170.073165,63,704,9,Active,0.9999777814238372,25.032979409283637,1.69562407374211,57.9093266202144,1.7627485149104867
DTXSID2021575,Dalapon,75-99-0,C3H4Cl2O2,141.958835,4,606,1,Inactive,0,-3.0959182185898797,0.2097039020385633,0.02683167176581422,-1.5713522674678482
DTXSID2021600,Heptanoic acid,111-14-8,C7H14O2,130.099380,5,588,1,Inactive,0,-3.4722214674199865,0.2351930312912748,0.0002000000048717164,-3.6989699937572214
DTXSID2021739,1-Propanol,71-23-8,C3H8O,60.057515,2,363,1,Inactive,0,-3.806487015286196,0.2578347113213532,0.04339243993038466,-1.3625859290708333
DTXSID2021864,"2,4-Dimethylphenol",105-67-9,C8H10O,122.073165,18,616,3,Inactive,0,-0.9637271370199505,0.06527864331816476,0.015396095106515129,-1.812589414795741
DTXSID2021941,2-(2-Ethoxyethoxy)ethanol,111-90-0,C6H14O3,134.094294,2,587,0,Inactive,0,-3.6690278515978885,0.24852383132998018,0.015983133103741474,-1.7963380838272582
DTXSID2021943,2-Undecanone,112-12-9,C11H22O,170.167065,3,359,1,Inactive,0,-4.018802028643092,0.27221599778265715,0.00019790203268684736,-3.7035497450551116
DTXSID2021993,Dibenzofuran,132-64-9,C12H8O,168.057515,11,589,2,Active,0.9999999998554151,57.76220762328123,3.9125582375625214,75.93055116522982,1.8804165523492609
DTXSID2021995,DEET,134-62-3,C12H17NO,191.131014,27,709,4,Inactive,0,4.716280219940279,0.3194601069530988,0.00020000001846205896,-3.698969964246169
DTXSID2022048,Flavone,525-82-6,C15H10O2,222.068080,70,373,19,Active,0.9991216819273883,21.67374237785561,1.4680841118875116,45.55503732977979,1.658536406853888
DTXSID2041252,"1,4-Diamino-9,10-anthracenedione",128-95-0,C14H10N2O2,238.074228,81,378,21,Inactive,0,-2.2284493998061916,0.15094537440582131,0.00021459796807667044,-3.6683743944728984
DTXSID6048202,Isopropyl phenyl ketone,611-70-1,C10H12O,148.088815,3,361,1,Inactive,0,-2.560377504434015,0.17342872629759812,0.0002017456166295276,-3.695195892513148
DTXSID6048206,4-Chloropentylbenzene,79098-20-7,C11H15Cl,182.086228,11,361,3,Inactive,0,0.9251006151353407,0.06266225238356504,0.00021132011075142764,-3.675059170374265
DTXSID6048208,Methyl 2-methylbenzoate,89-71-4,C9H10O2,150.068080,2,363,1,Inactive,0,-2.2339900945732314,0.151320676733149,0.12707217080891536,-0.8959495508422912
DTXSID7020972,Nitrofurantoin,67-20-9,C8H6N4O5,238.033819,103,601,17,Inactive,2.808776998217353e-8,0.03686939832648272,0.0024973711025219184,100,2
DTXSID7024241,Oxyfluorfen,42874-03-3,C15H11ClF3NO4,361.032870,181,718,25,Inactive,-6.25117598496418e-11,-4.231499187459204,0.28662316909888474,100,2
DTXSID7024245,Pendimethalin,40487-42-1,C13H19N3O4,281.137556,146,703,21,Active,0.9358556747402469,15.475226023247998,1.0482238395437802,12.877687272776509,1.1098378742926334
DTXSID8020834,Methyl carbamate,598-55-0,C2H5NO2,75.032028,12,360,3,Inactive,0,3.5655223239848244,0.24151282151302636,0.00020000007779042892,-3.6989698354162814
DTXSID8024109,Flutolanil,66332-96-5,C17H16F3NO2,323.113313,95,683,14,Inactive,-1.637356964490292e-9,-6.946275577546321,0.4705101977500279,100,2
DTXSID8024157,Isopropalin,33820-53-0,C15H23N3O4,309.168856,138,601,23,Active,0.9533554701541397,15.571817248199736,1.0547665048678951,13.344352932773862,1.125297519709222
DTXSID8044175,Clove leaf oil,8000-34-8,, ,71,634,11,Inactive,1.442017093583906e-12,9.381282715253967,0.6354468860652726,13.297013377113434,1.1237541056666953
DTXSID8047347,SR271425,155990-20-8,C22H27N3O3S,413.177313,368,696,53,Inactive,-0.00021760166192317734,-8.215077047170858,0.5564532363919592,176.41993203440103,2.2465476504303465
DTXSID8047395,"Diisononyl cyclohexane-1,2-dicarboxylate",166412-78-8,, ,18,594,3,Inactive,0,5.940003763799484,0.40234976489781626,19.842516364555927,1.2975967471499503
DTXSID3020043,Allantoin,97-59-6,C4H6N4O3,158.043990,1,366,0,Inactive,0,-5.103962236069513,0.34571998392410846,0.0002000000038249641,-3.6989699960302147
DTXSID9020409,"Dibenz[a,h]anthracene",53-70-3,C22H14,278.109550,49,510,10,Inactive,-1.5700824030575775e-12,-7.474978749418394,0.5063222284089767,9.642804153977018,0.9842033462998749
DTXSID9021427,Urethane,51-79-6,C3H7NO2,89.047678,1,592,0,Inactive,0,-3.4519930301994948,0.23382284580258597,0.00020000020565794812,-3.6989695577556883
DTXSID9024304,Sethoxydim,74051-80-2,C17H29NO3S,327.186815,41,699,6,Inactive,0,6.239060672158264,0.422606566333285,34.466644659317545,1.537399006736327
DTXSID9047257,Zamifenacin,127308-82-1,C27H29NO3,415.214744,273,684,40,Active,0.996213291362143,19.590116919185142,1.326948475149308,29.05163572002001,1.4631705898822724
DTXSID9047338,HMR1426,262376-75-0,C16H12ClNOS,301.032813,177,642,28,Inactive,0.8237313838341381,17.624768143427602,1.1938243814092637,100,2
DTXSID9047540,3-Hydroxyfluorene,6344-67-8,C13H10O,182.073165,190,662,29,Active,1,82.20153296008088,5.567970791919705,20.913767310333437,1.3204322716851422
DTXSID9047592,9-Phenanthrol,484-17-3,C14H10O,194.073165,327,678,48,Inactive,-0.04048021812755106,-14.537758580906274,0.9847239126036189,13.603651705132762,1.1336555041431242
DTXSID9047598,"4,4'-Sulfonylbis[2-(prop-2-en-1-yl)phenol]",41481-66-7,C18H18O4S,330.092580,334,740,45,Inactive,-0.00005776591541575947,-10.883198947649497,0.7371800948358377,183.18650971292286,2.262893488038393
DTXSID9048190,Methyl abietate,127-25-3,C21H32O2,316.240230,65,364,18,Inactive,0,-2.064195900004048,0.13981956377388266,0.002511619539603408,-2.6000461469272222
DTXSID9048198,4-Propylcyclohexanone,40649-36-3,C9H16O,140.120115,2,360,1,Inactive,2.199785825104503e-15,3.965815787832166,0.26862694255965863,0.00047942361927105786,-3.3192805738351048
DTXSID5034303,Fluroxypyr-meptyl,81406-37-3,C15H21Cl2FN2O3,366.091326,134,670,20,Inactive,5.662835799661064e-11,8.29558912589517,0.561906770974476,5.264670236869188,0.7213711734715129
DTXSID5034723,Isoxaflutole,141112-29-0,C15H12F3NO4S,359.043914,24,715,3,Inactive,0,-2.3633313618473704,0.16008168607736667,0.028266942507872227,-1.5487211644065002
DTXSID5035589,Didecylmethyl(3-(trimethoxysilyl)propyl)ammonium chloride,68959-20-6,C27H60ClNO3Si,509.403099,160,377,42,Inactive,0,-1.6133853254306665,0.10928363553113206,0.00020025572162049726,-3.6984150665909863
DTXSID5037028,Hexadecyltrimethylammonium bromide,57-09-0,C19H42BrN,363.250063,205,379,54,Inactive,0,-4.347850755860973,0.29450431329566884,0.001105511648209856,-2.956436677122704
DTXSID5038888,Basic Blue 7,2390-60-5,C33H40ClN3,513.291076,321,507,63,Inactive,-0.3638352095094213,-14.326131701546956,0.970389237316845,3.1742037335235507,0.5016347981294402
DTXSID5040700,Trimethoxyphenylsilane,2996-92-1,C9H14O3Si,198.071221,3,481,1,Inactive,0,-0.1009576968500943,0.006838430951814405,100,2
DTXSID6027218,"2,6-Diethylaniline",579-66-8,C10H15N,149.120449,14,591,2,Inactive,0,-0.669691881749767,0.0453619866064938,0.00020000001067070042,-3.698969981164888
DTXSID6029755,"1,2-Propanediol monobutyl ether",29387-86-8,, ,1,362,0,Inactive,0,-2.553021752220494,0.17293047995105648,0.00020000007413197897,-3.698969843360502
DTXSID6031380,Glycoluril,496-46-8,C4H6N4O2,142.049075,8,360,2,Inactive,0,-1.7293033736098216,0.11713541497217135,0.027211904297966133,-1.5652410650868305
DTXSID6032516,2-Hydroxyethyl octyl sulfide,3547-33-9,C10H22OS,190.139137,19,361,5,Inactive,5.696984293267559e-9,5.120582188494199,0.34684574650214556,156.11747524612866,2.1934515191942694
DTXSID6032518,"4,5-Dichloro-3H-1,2-dithiol-3-one",1192-52-5,C3Cl2OS2,185.876762,238,493,48,Inactive,0,4.356281948562044,0.2950754052572191,50.092249720789894,1.6997705369677
DTXSID3026645,p-Cymene,99-87-6,C10H14,134.109550,3,586,1,Inactive,0,-2.640362550320892,0.1788465619905744,0.00020000006290054904,-3.6989698677492333
DTXSID3026647,4-Hydroxybenzoic acid,99-96-7,C7H6O3,138.031694,5,366,1,Inactive,0,-3.405941970017696,0.23070354925426356,0.030004193372033996,-1.5228180442447747
DTXSID3026691,Triacetin,102-76-1,C9H14O6,218.079038,4,594,1,Inactive,0,-1.1383614087658018,0.07710760184648405,0.02684951186577072,-1.571063605529761
DTXSID3026728,(Z)-Nerol,106-25-2,C10H18O,154.135765,25,627,4,Active,1,83.44130553560548,5.651947540777859,16.462268129173857,1.2164896709809572
DTXSID3027875,Glyceryl monooleate,25496-72-4,, ,28,369,8,Inactive,0,-1.8776408776674218,0.12718314595962246,0.02053515279906387,-1.6875020612766842
DTXSID3034402,Butachlor,23184-66-9,C17H26ClNO2,311.165207,221,697,32,Inactive,-5.677198232367767e-14,-3.019920545125478,0.20455615343989503,0.7236230980252174,-0.14048757892555586
DTXSID4022288,4-Hexyloxyaniline,39905-57-2,C12H19NO,193.146664,52,365,14,Inactive,0.6336348817031358,14.770110821742891,1.0004624328456155,59.96945211968602,1.7779300811458665
DTXSID4022361,Vinclozolin,50471-44-8,C12H9Cl2NO3,284.995949,112,836,13,Inactive,1.7742730245540344e-10,10.626208501042772,0.719772690752467,79.64249015076241,1.9011448304843055
DTXSID4022367,Estrone,53-16-7,C18H22O2,270.161980,121,686,18,Inactive,0
DTXSID4022442,Bisphenol B,77-40-7,C16H18O2,242.130680,234,687,34,Active,1,102.76112071730303,6.960586963466224,0.9271704070036552,-0.03284043843371479
DTXSID4022525,2-Ethylhexyl p-hydroxybenzoate,5153-25-3,C15H22O3,250.156895,190,441,43,Active,0.999999573247905,31.352414884350054,2.123674876197077,60.47568886311247,1.781580823999517
DTXSID4023541,Pyridoxine,65-23-6,C8H11NO3,169.073893,5,589,1,Inactive,0,-2.1655493425794803,0.14668480080291194,0.021074505340198103,-1.6762426103233188
DTXSID4024018,Dicamba,1918-00-9,C8H6Cl2O3,219.969400,7,648,1,Inactive,0,3.705130849032339,0.25096928980231054,19.842515254379975,1.2975967228514542
DTXSID4024062,"3,4-Dimethylphenol",95-65-8,C8H10O,122.073165,15,611,2,Inactive,0.008913686696172242,14.27561625646121,0.9669675429438843,49.51608090218509,1.6947462638410218
DTXSID4024193,Thitrol,94-81-5,C11H13ClO3,228.055322,11,363,3,Inactive,0,-2.278952295476768,0.15436621873651882,0.0015822341675137037,-2.8007292413610063
DTXSID4024272,Prometryn,7287-19-6,C10H19N5S,241.136117,79,682,12,Inactive,-6.326056883023234e-16,-8.92738358526457,0.6047017526443904,19.842516670316606,1.2975967538421547
DTXSID4024359,"2,4,5-Trichlorophenol",95-95-4,C6H3Cl3O,195.924948,159,661,24,Inactive,0,-7.844736456329166,0.5313679914018176,33.41006275836094,1.523877291429339
DTXSID4024721,D-Camphor,464-49-3,C10H16O,152.120115,0,375,0,Inactive,0,-2.6600402613063854,0.18017944370303918,0.020365440494060694,-1.6911061919088968
DTXSID4024729,Carbendazim,10605-21-7,C9H9N3O2,191.069477,99,686,14,Inactive,0,-2.6158949060220147,0.1771892312341104,0.013493402157180572,-1.8698785357391412
DTXSID4025080,Diisobutyl ketone,108-83-8,C9H18O,142.135765,4,363,1,Inactive,0,5.8399479701323695,0.39557242490622047,22.509936141281777,1.3523742629468423
DTXSID4026214,Triclocarban,101-20-2,C13H9Cl3N2O,313.978046,259,647,40,Inactive,0,-5.889709125406732,0.39894302700039774,12.480710152447807,1.0962392974068869
DTXSID4026262,"Tris(2,3-epoxypropyl)isocyanurate",2451-62-9,C12H15N3O6,297.096085,159,593,27,Inactive,0,-7.205684359626564,0.48808140925640797,19.842525314348933,1.2975969430346237
DTXSID4026684,2-(Phenylmethylene)octanal,101-86-0,C15H20O,216.151415,85,602,14,Active,0.9999999346133581,54.168929140639115,3.669165335774414,102.02820093791085,2.0087202288103145
DTXSID4026842,Methyl decanoate,110-42-9,C11H22O2,186.161980,7,362,2,Inactive,0,-2.0962681710606548,0.14199199854539038,0.001264155806039821,-2.8981993963595656
DTXSID3020093,p-Anisidinium chloride,20265-97-8,C7H10ClNO,159.045092,22,374,6,Inactive,0,-2.453379842273346,0.16618117462476484,0.00020000000084782402,-3.6989700024949923
DTXSID3020209,Butylparaben,94-26-8,C11H14O3,194.094294,121,677,18,Inactive,0,4.313868212725419,0.29220248508395164,73.21554449322375,1.8646032965083263
DTXSID3020257,"1,​2-​Benzenediol",120-80-9,C6H6O2,110.036779,117,603,19,Active,0.9999999999852653,35.594243701203006,2.4109977290206395,26.86024851992153,1.4291100265877694
DTXSID3020625,Finasteride,98319-26-7,C23H36N2O2,372.277678,44,447,10,Inactive,-0.0000013235278669861164,-7.43125553130715,0.5033606096580179,154.02021140153582,2.187577715149474
DTXSID3020673,"C.I. Food Green 3, disodium salt",2353-45-9,C37H34N2Na2O10S3,808.117097,84,381,22,Inactive,-0.00006918700215870827,-12.780131513970185,0.8656699750506517,24.405934944305223,1.3874954492953557
DTXSID3020887,6-Methylquinoline,91-62-3,C10H9N,143.073499,6,626,1,Inactive,2.2104893277359562e-12,9.483698898225821,0.6423841084609196,25.905720647480734,1.4133956780310182
DTXSID3020910,Busulfan,55-98-1,C6H14O6S2,246.023181,29,629,5,Inactive,0,-4.714685389474812,0.3193520801422837,0.00020000000281380134,-3.6989699982259268
DTXSID3020964,Nitrobenzene,98-95-3,C6H5NO2,123.032028,8,601,1,Inactive,0,-2.2177339713891477,0.15021955834983633,0.4337298062678795,-0.3627807317528501
DTXSID3020966,4-Nitrobenzoic acid,62-23-7,C7H5NO4,167.021858,4,577,1,Inactive,0,-2.2146168032094424,0.15000841506876725,0.0002000001054107174,-3.6989697754396147
DTXSID3021196,"2,4-Bis(isopropylamino)-6-chloro-1,3,5-triazine",139-40-2,C9H16ClN5,229.109423,46,664,7,Inactive,0,-1.0688957854904622,0.07240230563713695,100,2
DTXSID3021277,"2E,4E-Hexadienoic acid",110-44-1,C6H8O2,112.052429,22,600,4,Inactive,0,-2.532773853080119,0.17155897619739666,0.0252036363394848,-1.5985367953993346
DTXSID3021356,dl-alpha-Tocopheryl acetate,52225-20-4,C31H52O3,472.391646,3,361,1,Inactive,3.969894139265484e-9,4.1170520880932635,0.2788710252696578,100,2
DTXSID3021518,Fumaric acid,110-17-8,C4H4O4,116.010959,7,363,2,Inactive,0,-3.849272460187507,0.2607328094340183,0.00020000024292387617,-3.6989694768338444
DTXSID3021641,Nonanoic acid,112-05-0,C9H18O2,158.130680,8,602,1,Inactive,0,-1.873273789827108,0.1268873386107203,0.00048070645924964804,-3.318120042219944
DTXSID3021643,Octanal,124-13-0,C8H16O,128.120115,13,596,2,Active,0.9999999990219895,29.747206459342962,2.014945107985536,27.880868509519708,1.4453062982285891
DTXSID3021645,Octanoic acid,124-07-2,C8H16O2,144.115030,18,643,3,Inactive,0,-7.586482313915614,0.5138749901149774,0.00020020378466574883,-3.698527716847137
DTXSID3021770,"2,2',6,6'-Tetrachlorobisphenol A",79-95-8,C15H12Cl4O2,363.959140,241,566,43,Inactive,-0.4716384697377429,-14.965041456910006,1.0136661778851142,100,2
DTXSID3021936,Hexanedinitrile,111-69-3,C6H8N2,108.068748,3,596,1,Inactive,0,-2.661973928521898,0.180310421827042,0.004450839244341941,-2.3515580913063365
DTXSID3021980,Ethyl hexanoate,123-66-0,C8H16O2,144.115030,4,362,1,Inactive,0,-1.0906794665260464,0.07387783651081944,0.00020000286778414225,-3.6989637770665236
DTXSID3021986,Tributyl phosphate,126-73-8,C12H27O4P,266.164696,93,771,12,Inactive,0,-1.6343336236232626,0.11070258124025215,0.0002000000752051544,-3.6989698410301317
DTXSID3022162,Bromoxynil,1689-84-5,C7H3Br2NO,274.858140,184,673,27,Inactive,-1.366540362339312e-15,-7.6128326779227535,0.5156598480350779,71.91494386585087,1.8568191457948202
DTXSID3023899,Benfluralin,1861-40-1,C13H16F3N3O4,335.109290,72,679,11,Inactive,-1.810164816884181e-11,-5.051062754473776,0.3421368053892775,0.004113309280687802,-2.385808634559337
DTXSID4020161,Biphenyl,92-52-4,C12H10,154.078250,13,613,2,Active,0.9999999999881302,90.56327366120244,6.134358380044865,87.97282068198172,1.9443485170245607
DTXSID4027072,Sodium phenolate,139-02-6,C6H5NaO,116.023809,4,366,1,Inactive,0,3.6665488083816715,0.24835591183112476,74.91688867276326,1.8745797326606408
DTXSID4027868,tert-Nonanethiol,25360-10-5,, ,6,360,2,Inactive,0,-3.0552119974144905,0.20694664140859356,0.0032818009321403793,-2.48388776596878
DTXSID5022489,E-Cinnamic acid,140-10-3,C9H8O2,148.052429,10,389,3,Inactive,0,2.2812513006005197,0.1545219432457654,2.689455760982735,0.42966440494093605
DTXSID5022934,Digoxin,20830-75-5,C41H64O14,780.429607,107,370,29,Inactive,-1.768740212279435e-13,-9.560925244914815,0.6476150819871651,3.9708237082414803,0.5988806062183856
DTXSID5023322,Mifepristone,84371-65-3,C29H35NO2,429.266779,363,736,49,Inactive,1.9269393213425255e-8,11.911586432660886,0.8068385461216536,0.26803162816670173,-0.571813955494316
DTXSID5023742,Warfarin,81-81-2,C19H16O4,308.104859,36,663,5,Inactive,0.7313910637854356,15.95213403133429,1.0805274933058897,60.796938472573395,1.7838817102276001
DTXSID5023792,4-Nitrotoluene,99-99-0,C7H7NO2,137.047678,15,592,3,Inactive,0,6.228688110947392,0.4219039745958829,13.679750997614871,1.1360781923149428
DTXSID5023871,Amitraz,33089-61-1,C19H23N3,293.189198,168,686,24,Inactive,4.121768148665728e-14,9.428253806573398,0.638628501481839,8.54590591332863,0.9317581071159626
DTXSID5023877,2-Anisidine,90-04-0,C7H9NO,123.068414,17,593,3,Inactive,0,-2.4364080817025986,0.16503158210814756,0.034217380193454744,-1.4657532446803934
DTXSID5024051,Bis(1-methylethyl) methylphosphonate,1445-75-6,C7H17O3P,180.091531,15,608,2,Inactive,0,-4.271110703399129,0.2893062792044381,0.0002000000135313852,-3.6989699749529903
DTXSID5024055,Dimethyl sulfate,77-78-1,C2H6O4S,125.998680,7,617,1,Inactive,0,2.0638143710908112,0.13979372068107554,36.72987949720214,1.5650195035212804
DTXSID5024057,Dimethylamine,124-40-3,C2H7N,45.057849,0,363,0,Inactive,0,-2.9240734419798056,0.19806389165854377,0.0008852544279416114,-3.0529318922729876
DTXSID5024059,"3,3'-Dimethylbenzidine",119-93-7,C14H16N2,212.131349,90,643,14,Active,0.9999999999998094,41.45857297409356,2.8082216362865924,11.896196465342179,1.075408127933991
DTXSID5024344,Tri-allate,2303-17-5,C10H16Cl3NOS,303.001818,164,760,22,Inactive,-1.218883718267179e-10,-4.910532992867376,0.3326179365818082,0.0031337835014600295,-2.503931010218743
DTXSID5024394,Acetic acid,64-19-7,C2H4O2,60.021129,18,584,3,Inactive,0,-4.1496472860824865,0.281078880814748,0.0002000001955144416,-3.698969579782011
DTXSID5024681,tert-Butylamine,75-64-9,C4H11N,73.089149,1,360,0,Inactive,0,-3.6056310072785136,0.2442296075514336,0.002834880869297794,-2.5474651868217526
DTXSID5024845,Colchicine,64-86-8,C22H25NO6,399.168188,216,689,31,Inactive,0,-7.415016360634311,0.502260639563357,0.06408041386581236,-1.1932746920071813
DTXSID5024922,"1,6-Hexanediamine",124-09-4,C6H16N2,116.131349,7,362,2,Inactive,0,-3.6653645070159544,0.2482756924583748,0.0011656303334476575,-2.9334391593527513
DTXSID5025023,Dicyclopentadiene,77-73-6,C10H12,132.093900,5,475,1,Inactive,0,1.5960290212517458,0.10810799571951402,0.00020000001880432982,-3.6989699635029374
DTXSID5025102,3-(Dimethylamino)propylamine,109-55-7,C5H14N2,102.115698,1,360,0,Inactive,0,-2.5761286462150226,0.17449563945867783,0.019481616322050425,-1.7103750140576552
DTXSID5025152,Dimethyl succinate,106-65-0,C6H10O4,146.057909,6,590,1,Inactive,0,6.306342170951944,0.4271639195434948,0.00020000000770893796,-3.698969987596273
DTXSID5044815,Dibutyl azelate,2917-73-9,C17H32O4,300.230060,7,472,1,Inactive,0,4.166745744745304,0.2822370553036307,0.0005238402352349305,-3.280801147244463
DTXSID5044865,"2,2'-(Tetradecylimino)diethanol",18924-66-8,C18H39NO2,301.298079,156,378,41,Inactive,-0.7899119431681118,-18.917335308675916,1.2813772038875513,168.58720782095216,2.226824617835927
DTXSID6041422,7-(Dimethylamino)-4-methylcoumarin,87-01-4,C12H13NO2,203.094629,96,409,23,Inactive,0,8.430031661988389,0.5710133178623813,15.340177252019568,1.185830377809133
DTXSID6041682,Bromophenol blue,115-39-9,C19H10Br4O5S,665.698247,95,385,25,Inactive,-1.368263659078456e-15,-8.992241328182965,0.609094931277383,63.09890718572162,1.8000218377335058
DTXSID6041715,"C.I. Acid Violet 12, disodium salt",6625-46-3,C19H15N3Na2O9S2,539.004510,48,367,13,Inactive,-0.0000029142852990787354,-12.519952744202717,0.8480466079603278,46.34873257473802,1.6660378626806587
DTXSID6044430,"1,2-Diphenylethanone",451-40-1,C14H12O,196.088815,22,379,6,Active,0.9999999999848327,85.12294395234099,5.765854340928417,112.26276761271991,2.050235744672503
DTXSID7041413,R-(-)-Carvone,6485-40-1,C10H14O,150.104465,4,365,1,Inactive,0,-0.4328005482924013,0.02931600816725879,100,2
DTXSID7041623,Benodanil,15310-01-7,C13H10INO,322.980710,86,614,14,Active,1,54.241884237036054,3.674106993566333,38.40295462102468,1.5843646391134634
DTXSID7041889,Diphenyl phosphite,4712-55-4,C12H11O3P,234.044581,22,395,6,Active,1,68.13835660163946,4.615392994575662,11.709391236038638,1.0685343169594996
DTXSID7042196,Butyl lactate,138-22-7,C7H14O3,146.094294,1,362,0,Inactive,0,4.050541043711853,0.2743658592572963,0.001062143854764364,-2.973816659243818
DTXSID6032647,2-(Thiocyanomethylthio)benzothiazole,21564-17-0,C9H6N2S3,237.969312,366,758,48,Inactive,0,-1.033772885017266,0.07002323462811783,0.018715479345883794,-1.7277990451401932
DTXSID6032649,Tetramethrin,7696-12-0,C19H25NO4,331.178358,142,717,20,Inactive,1.8947624096848438e-15,2.5973147024126875,0.17593068985076546,100.00000000000001,2
DTXSID6034392,Boscalid,188425-85-6,C18H12Cl2N2O,342.032668,63,739,9,Inactive,0,4.3188611139214155,0.2925406822808305,0.24266260185844826,-0.614997150153457
DTXSID6034849,Propamocarb hydrochloride,25606-41-1,C9H21ClN2O2,224.129156,8,648,1,Inactive,0,1.5481882340687476,0.104867470925083,100,2
DTXSID6034972,Thymol,89-83-8,C10H14O,150.104465,26,618,4,Inactive,0,8.028741281037895,0.5438316700299041,30.26322477984225,1.4809152035771527
DTXSID6035152,"1-(Hydroxymethyl)-5,5-dimethylhydantoin",116-25-6,C6H10N2O3,158.069142,11,592,2,Inactive,0,2.0760421729690814,0.1406219782725812,35.605555918623274,1.5515177709092356
DTXSID6036467,"Disodium 4,4'-bis(2-sulfostyryl)biphenyl",27344-41-8,C28H20Na2O6S2,562.049669,60,376,16,Inactive,3.029822153077632e-17,1.9910737924765962,0.13486659338153995,100,2
DTXSID6040111,Ethyl butyrate,105-54-4,C6H12O2,116.083730,10,584,2,Inactive,0,-1.4648141345883112,0.09922007562729558,0.31474986172344843,-0.5020344520151959
DTXSID7022174,O-Ethyl O-(p-nitrophenyl phenyl)phosphonothioate,2104-64-5,C14H14NO4PS,323.038116,101,651,16,Active,0.999999999999493,33.816922159499256,2.2906097742502345,19.56022503983548,1.291373847026048
DTXSID7027388,Diisooctyl adipate,1330-86-5,C22H42O4, ,8,473,2,Inactive,0,3.8379342371059435,0.25996480800293703,0.021962046042613557,-1.6583272023082822
DTXSID7027461,Thiocarbazide,2231-57-4,CH6N4S,106.031317,50,395,13,Inactive,0,-2.613168933491041,0.17700458582805198,0.0010513658604102165,-2.9782461293493396
DTXSID7027540,N-Butylbenzenesulfonamide,3622-84-2,C10H15NO2S,213.082350,17,420,4,Inactive,0,-2.0949205842102367,0.14190071893109965,0.06151932982011456,-1.2109884043023906
DTXSID7027756,3-Phenoxybenzenemethanol,13826-35-2,C13H12O2,200.083730,49,411,12,Active,1,86.94476468450948,5.8892564754087315,38.82214550020484,1.589079532936736
DTXSID7029110,"3,7-Dimethyl-3-octanol",78-69-3,C10H22O,158.167065,4,361,1,Inactive,0,2.811611974666759,0.19044624582316055,100.00000000000001,2
DTXSID7029162,"3-Bromo-1-chloro-5,5-dimethylhydantoin",126-06-7,C5H6BrClN2O2,239.930118,15,364,4,Inactive,0,2.3249165359389963,0.15747963449837266,27.799128173526086,1.4440311759409554
DTXSID7029241,"2,4-Bis(1-methyl-1-phenylethyl)phenol",2772-45-4,C24H26O,330.198365,351,643,55,Inactive,-0.00904306015177394,-12.828636708986032,0.8689555039134257,44.5075800339628,1.6484339814659035
DTXSID7029661,"3,5,5-Trimethyl-1-hexanol",3452-97-9,C9H20O,144.151415,4,359,1,Inactive,0,0.7588542837469211,0.05140145609301356,100,2
DTXSID7029904,Fluorotelomer alcohol 8:2,678-39-7,C10H5F17O,464.006894,186,726,26,Inactive,0,2.1346913210034932,0.14459461395791767,100,2
DTXSID7032551,Fluazinam,79622-59-6,C13H4Cl2F6N4O4,463.951379,460,792,58,Inactive,0,-6.596433423393611,0.44681342682666186,5.140746904747423,0.7110262227004616
DTXSID7034676,Isazofos,42509-80-8,C9H17ClN3O3PS,313.041677,94,688,14,Inactive,0.7072403801213928,15.987486219993556,1.0829220952895389,70.46316272088187,1.8479621324784987
DTXSID7035010,Sodium warfarin,129-06-6,C19H15NaO4,330.086803,8,365,2,Inactive,0,-3.880357926588812,0.262838402392482,0.00023290474808381633,-3.6328216576843753
DTXSID7037185,Amiodarone hydrochloride,19774-82-4,C25H30ClI2NO3,681.000360,393,705,56,Inactive,-0.0008927019293393032,-10.036041661907296,0.67979738123772,100,2
DTXSID7037551,Fenuron,101-42-8,C9H12N2O,164.094963,4,366,1,Inactive,0,-4.063847366418306,0.27526717111255533,0.010071625071784107,-1.9969004497276353
DTXSID7040362,5-Chloro-N-(2-chloro-4-nitrophenyl)-2-hydroxybenzamide,50-65-7,C13H8Cl2N2O4,325.986112,324,716,45,Inactive,0,-9.81336297488754,0.66471410504248,5.787171752900596,0.7624663716377996
DTXSID7040788,2-tert-Butyl-4-methoxyphenol,121-00-6,C11H16O2,180.115030,71,633,11,Inactive,0.009073116546714544,13.9509936235595,0.9449790316192773,51.775841584281665,1.714127166811055
DTXSID8022377,17alpha-Estradiol,57-91-0,C18H24O2,272.177630,195,664,29,Active,1,69.8426083529048,4.7308315226835465,0.0016402710432783173,-2.7850843819071778
DTXSID8027246,2-Pyrrolidinone,616-45-5,C4H7NO,85.052764,7,365,2,Inactive,0,-3.5753284579227045,0.2421770459548538,0.00020000995177157287,-3.698948394876249
DTXSID8027292,Dibutyltin dichloride,683-18-1,C8H18Cl2Sn,303.980758,203,389,52,Inactive,-0.0037501834660962565,-13.05302989378006,0.8841549126573689,1.3181448474572677,0.11996313635432682
DTXSID8027454,"N,N-Dimethylacetoacetamide",2044-64-6,C6H11NO2,129.078979,4,366,1,Inactive,0,-2.139322360854766,0.1449083002566954,0.00020000025804031168,-3.698969444008963
DTXSID8027826,Dicyclohexyl sodium sulfosuccinate,23386-52-9,C16H25NaO7S,384.121869,11,361,3,Inactive,0,-3.202024193209682,0.21689105471390496,0.011404339932026445,-1.9429298460448774
DTXSID8029157,alpha-Amylcinnamaldehyde,122-40-7,C14H18O,202.135765,76,478,16,Inactive,9.416869711390764e-11,5.108048423166627,0.34599676429045634,168.7006838688818,2.2271168431100485
DTXSID4020664,"3-Chloro-1,2-propanediol",96-24-2,C3H7ClO2,110.013457,5,360,1,Active,1,73.92244366764406,5.00718164719208,0.5554796534842595,-0.25533184408826703
DTXSID8029159,"2,6,8-Trimethyl-4-nonanol",123-17-1,C12H26O,186.198365,10,362,3,Inactive,0,-2.669822748085552,0.18084206639019992,0.0002000000100956141,-3.6989699824136717
DTXSID8029600,Methacrylamide,79-39-0,C4H7NO,85.052764,2,569,0,Inactive,0,-1.7462386114627515,0.11828253360030105,0.00020000000110378778,-3.6989700019391742
DTXSID8034401,Buprofezin,69327-76-0,C16H23N3OS,305.156184,227,676,34,Inactive,2.1831972250250184e-10,9.140527681349354,0.6191391975281317,58.28382841408252,1.7655480709720572
DTXSID8034580,Ethofumesate,26225-79-6,C13H18O5S,286.087495,138,671,21,Inactive,-3.6611603645894633e-9,-6.340342941160921,0.42946698237710756,166.68911612760718,2.2219072437390093
DTXSID8034877,Pyrimethanil,53112-28-0,C12H13N3,199.110947,57,658,9,Active,0.9998965561944542,33.128387352608925,2.243971450657812,93.25391410817622,1.9696670693269227
DTXSID8035180,Allethrin,584-79-2,C19H26O3,302.188195,242,770,31,Inactive,-4.284088576067438e-15,-4.37417069723717,0.2962871105203735,0.0003004904308916362,-3.522169353535216
DTXSID8035423,"1,4-Dimethylnaphthalene",571-58-4,C12H12,156.093900,6,360,2,Inactive,0,4.360681162877249,0.2953733887124224,67.90878431244082,1.8319259558956305
DTXSID8037706,Potassium perfluorooctanesulfonate,2795-39-3,C8F17KO3S,537.893375,198,779,25,Inactive,-0.018795989290220638,-13.480534568823598,0.9131122016316207,162.54705097244457,2.2109790946687355
DTXSID8040222,Trifloxysulfuron-sodium,199119-58-9,C14H13F3N5NaO6S,459.043633,20,651,3,Inactive,0,-3.3675927857249643,0.2281059439499979,0.0003211049808491854,-3.4933529577827986
DTXSID8040484,Forskolin,66575-29-9,C22H34O7,410.230453,97,381,25,Inactive,-5.024039515365781e-15,-10.38159110542352,0.703203382797287,2.1349566274736276,0.3293890565787459
DTXSID8040694,Butyl benzoate,136-60-7,C11H14O2,178.099380,5,591,1,Inactive,0,5.7013391122582435,0.38618366968046,44.70038325537736,1.6503112467333236
DTXSID4020666,Glycidol,556-52-5,C3H6O2,74.036779,11,594,2,Inactive,0,-4.458708296468254,0.3020133161808723,0.04132942106712917,-1.3837406781712838
DTXSID4020870,"2,2'-Methylenebis(4-methyl-6-tert-butylphenol)",119-47-1,C23H32O2,340.240230,209,375,56,Inactive,-0.9993674482831789,-19.95441611941886,1.3516245028750449,3.39357309892364,0.5306572085053113
DTXSID4020959,C.I. Azoic Diazo Component 12,99-55-8,C7H8N2O2,152.058578,33,594,6,Inactive,0,-1.5466234643572236,0.10476148029770532,0.03647620684695291,-1.4379903301870411
DTXSID4021185,Prednisone,53-03-2,C21H26O5,358.178024,46,653,7,Inactive,0,3.18231938664723,0.2155563376660679,25.230113126729872,1.401919197810654
DTXSID4021218,Quercetin,117-39-5,C15H10O7,302.042653,179,651,27,Active,1,47.86217202751207,3.241973309870513,21.18357148721482,1.32599918270389
DTXSID4021393,Triethylene glycol,112-27-6,C6H14O4,150.089209,8,609,1,Inactive,0,-6.755454066939729,0.45758478675990105,0.00020000000615064822,-3.698969990980056
DTXSID4021395,Trifluralin,1582-09-8,C13H16F3N3O4,335.109290,99,762,13,Inactive,0.010475690695921736,12.453802842553248,0.843565904170394,7.441625721536663,0.8716678232830795
DTXSID4021553,Decanal,112-31-2,C10H20O,156.151415,24,475,5,Inactive,0,1.8412918889596286,0.12472102511889438,0.00020814508878726478,-3.6816338318958843
DTXSID4021842,Cyclohexanone oxime,100-64-1,C6H11NO,113.084064,19,362,5,Inactive,0,-1.8113977238367667,0.12269612567652324,0.02694490682806211,-1.5695233137984606
DTXSID4021848,N-Ethyl-3-methylaniline,102-27-2,C9H13N,135.104799,4,591,1,Inactive,0,-6.8136989037476985,0.46153003617859983,0.0018542843391320721,-2.73182366962641
DTXSID4021894,Cyclohexanol,108-93-0,C6H12O,100.088815,4,589,1,Inactive,5.235814203958903e-12,7.045195018928139,0.47721056622897645,0.00009214150938783549,-4.035544677763403
DTXSID4021975,Diphenylamine,122-39-4,C12H11N,169.089149,78,681,11,Active,0.9999999999872252,66.47753362098464,4.50289614063833,73.06505339543627,1.8637097060069743
DTXSID4022020,Bromacil,314-40-9,C9H13BrN2O2,260.016041,61,680,9,Inactive,2.369496340731119e-16,0.8597679415059404,0.05823690403022984,100,2
DTXSID4022109,gamma-Decanolactone,706-14-9,C10H18O2,170.130680,6,361,2,Active,0.9999994331532853,34.6094097326806,2.3442894016432647,0.0002439166209798687,-3.6127586049593448
DTXSID4029353,Acetylcedrene,32388-55-9,C17H26O,246.198365,64,383,17,Active,0.9999999999833131,62.56261825316801,4.237716968962464,0.00020378027971583942,-3.6908378459673643
DTXSID5020108,Aspirin,50-78-2,C9H8O4,180.042259,23,688,3,Inactive,0,4.298317034775003,0.2911491165944624,57.91002380504979,1.7627537434586658
DTXSID8040721,4-Cyclohexylcyclohexanone,92-68-2,C12H20O,180.151415,58,627,9,Active,0.9847399889612514,20.94205459445132,1.418522795205279,100,2
DTXSID8047268,CI-959,104795-68-8,C14H14N5NaO3S,355.071505,241,639,38,Inactive,0,-4.838236164136655,0.32772086695031405,0.0006163732676199836,-3.2101562050880847
DTXSID9027312,1-Phenoxy-2-propanol,770-35-4,C9H12O2,152.083730,5,365,1,Inactive,0,-2.3663667661519145,0.16028729103266082,0.0004945899784096948,-3.305754687743147
DTXSID9027528,3-(Methylthio)propanal,3268-49-3,C4H8OS,104.029586,16,474,3,Inactive,0.0013438124104601377,10.715872079888808,0.7258461077574292,59.01978361484119,1.7709976129061855
DTXSID9029221,Clopyralid,1702-17-6,C6H3Cl2NO2,190.954084,15,651,2,Inactive,0,-1.1367875388354713,0.07700099481025498,100.00000000000001,2
DTXSID9029223,"1,1-Bis(3,4-dimethylphenyl)ethane",1742-14-9,C18H22,238.172151,45,387,12,Active,0.9922028466524622,16.42632724108833,1.112647258553082,15.997509323581937,1.2040523719543657
DTXSID9033058,"4-Amino-1,2,4-triazole",584-13-4,C2H4N4,84.043596,10,595,2,Inactive,0,-4.179651265763674,0.2831112186129656,0.08360001351296571,-1.0777936523623477
DTXSID9034282,4-Chlorophenoxyacetic acid,122-88-3,C8H7ClO3,186.008372,0,363,0,Inactive,0,-2.580599897952453,0.1747985024124554,0.6860261172108735,-0.1636593502631389
DTXSID9034361,Denatonium saccharide,90823-38-4,C28H33N3O4S,507.219178,17,485,4,Inactive,0,3.602964311954405,0.24404897732300712,100,2
DTXSID9034816,Monocrotophos,6923-22-4,C7H14NO5P,223.060960,9,683,1,Inactive,0,-2.8139412654997544,0.19060402175332847,0.00043490364375155927,-3.3616069536716005
DTXSID9034818,Azamethiphos,35575-96-3,C9H10ClN2O5PS,323.973657,154,655,24,Inactive,0.000005913378150172534,7.463280624905579,0.5055298488357244,167.3956516032995,2.2237441722401545
DTXSID9037749,5-Chlorosalicylanilide,4638-48-6,C13H10ClNO2,247.040006,126,366,34,Inactive,0,-6.058221671600371,0.41035732672804215,10.492418605791784,1.0208756088873308
DTXSID9040342,"4-Ethyl-1,3-dioxolan-2-one",4437-85-8,C5H8O3,116.047344,3,359,1,Inactive,0,-4.381994624968668,0.29681706902015265,0.0001576609916324205,-3.802275746204354
DTXSID7042198,N-Butyl-p-toluenesulfonamide,1907-65-9,C11H17NO2S,227.098000,12,365,3,Inactive,0,4.191611730838771,0.28392136798363804,6.847425209143807,0.835527297379664
DTXSID7044928,Isopropyl triethanolamine titanate,36673-16-2,C18H42N2O8Ti,462.242058,52,631,8,Inactive,0,1.298170437394432,0.08793236352241761,4.730235243366481,0.6748827395444712
DTXSID8020121,Sodium azide,26628-22-8,N3Na,64.998991,54,612,9,Inactive,0,2.751115644608318,0.18634849014082658,26.538822274954526,1.4238816460778758
DTXSID8020127,3'-Azido-3'-deoxythymidine,30516-87-1,C10H13N5O4,267.096754,8,607,1,Inactive,0,-2.97032141013148,0.20119652588787387,0.004282487189052785,-2.3683039275409703
DTXSID8041610,Arabinose,147-81-9,C5H10O5,150.052823,3,365,1,Inactive,0,0.8476859551753145,0.05741852334346129,0.00020000001046339554,-3.6989699816150448
DTXSID8041955,Ethyl diethanolamine,139-87-7,C6H15NO2,133.110279,3,359,1,Inactive,0,-1.675545534499637,0.11349409506944418,181.942657288211,2.2599345333294596
DTXSID8041957,Ethyl orthoformate,122-51-0,C7H16O3,148.109944,2,362,1,Inactive,0,-3.7687770842330224,0.25528040622376647,0.00020000000525528203,-3.698969992924319
DTXSID8042187,"N,N'-Dibutylthiourea",109-46-6,C9H20N2S,188.134720,43,361,12,Inactive,0,-0.9213018004997673,0.06240493736554632,100,2
DTXSID8042189,"N,N-Diisopropylaniline",4107-98-6,C12H19N,177.151750,1,360,0,Inactive,0,-3.8991872905459397,0.264113820803409,0.016092771857870246,-1.7933691455281435
DTXSID8042426,Sulfosuccinic acid,5138-18-1,C4H6O7S,197.983424,4,361,1,Inactive,0,-5.3452773358811285,0.36206560886583267,0.00020000001601283235,-3.6989699695645966
DTXSID9020114,Auramine hydrochloride,2465-27-2,C17H22ClN3,303.150225,155,408,38,Inactive,-0.00008905934527475622,-10.795872206979574,0.7312649649849163,19.842562711166977,1.2975977615401393
DTXSID9041368,5-Ethyl-5-methylhydantoin,5394-36-5,C6H10N2O2,142.074228,1,360,0,Inactive,0,1.0296605293363716,0.06974468171684396,5.178667732012869,0.7142180471865553
DTXSID9041861,Diethyl phosphite,762-04-9,C4H11O3P,138.044581,2,359,1,Inactive,0,-2.78576638934594,0.18869557939415035,0.00020000000425360296,-3.6989699950994375
DTXSID9042209,N-Methyldioctylamine,4455-26-9,C17H37N,255.292600,16,618,3,Inactive,0,-1.689819810271116,0.11446097181382313,0.02465910156695556,-1.6080227505959843
DTXSID9042415,Sodium 4-methylbenzenesulfonate,657-84-1,C7H7NaO3S,194.001360,2,360,1,Inactive,0,2.887190512999151,0.19556560404893844,9.816955047114579,0.99197680231833
DTXSID9044536,Celestolide,13171-00-1,C17H24O,244.182715,64,366,17,Inactive,0,3.924882453651203,0.2658542982922315,44.045049681152825,1.6438971041902866
DTXSID9044538,C.I. Disperse Orange 37,13301-61-6,C17H15Cl2N5O2,391.060280,75,377,20,Inactive,0,6.509338599768869,0.44091400601774017,25.797509159941782,1.4115777753308785
DTXSID5020152,Benzyl alcohol,100-51-6,C7H8O,108.057515,7,607,1,Inactive,0,-4.719837425898465,0.31970105646052027,0.0010184229554694993,-2.9920718201543073
DTXSID5020281,1-Chloro-4-nitrobenzene,100-00-5,C6H4ClNO2,156.993056,1,592,0,Inactive,0,4.966015608579916,0.33637608527590557,7.365883223788148,0.8672248294162015
DTXSID5020283,"4-Chloro-1,2-diaminobenzene",95-83-0,C6H7ClN2,142.029776,213,634,34,Inactive,0.000005744478550250716,8.026307414527171,0.5436668106026508,99.99999999999999,2
DTXSID5020443,"2,4-D Butyl ester",94-80-4,C12H14Cl2O3,276.032000,9,373,2,Inactive,0,-2.3647660005689954,0.1601788622030582,0.00020000002692250297,-3.69896994587455
DTXSID5020449,Dichlorvos,62-73-7,C4H7Cl2O4P,219.945901,85,730,12,Inactive,0,1.059010348412027,0.07173270954888862,0.0002982408953196579,-3.5254328055714073
DTXSID5020493,Dimethyl phosphonate,868-85-9,C2H7O3P,110.013281,8,364,2,Inactive,0,-3.504768387717056,0.23739761671754694,0.00025597790532534394,-3.5917975190998357
DTXSID5020528,"2,6-Dinitrotoluene",606-20-2,C7H6N2O4,182.032757,14,609,2,Inactive,0.00040185785868688455,1.8966630252449008,0.12847162268623563,100,2
DTXSID5020576,17alpha-Ethinylestradiol,57-63-6,C20H24O2,296.177630,220,734,30,Active,1,74.74314188350412,5.06277213961159,0.0002091912242808962,-3.6794565383818316
DTXSID5020605,2-Ethyl-1-hexanol,104-76-7,C8H18O,130.135765,7,594,1,Inactive,0,-2.2461610758757757,0.15214508554842593,0.00020041744723556167,-3.6980644738811237
DTXSID5020730,8-Hydroxyquinoline,148-24-3,C9H7NO,145.052764,164,608,27,Inactive,-1.35141286266143e-7,-7.574012371418868,0.5130303309815216,137.63132016221456,2.138717275656839
DTXSID5020944,Nitrofurazone,59-87-0,C6H6N4O4,198.038905,79,602,13,Inactive,-0.8674458744086312,-18.538269470383018,1.2557009489586513,100,2
DTXSID5021097,Oxytetracycline hydrochloride,2058-46-0,C22H25ClN2O9,496.124858,42,659,6,Inactive,0,-1.4225626916225846,0.09635814846026973,0.02598000068434478,-1.5853608418231466
DTXSID5021126,Phenothiazine,92-84-2,C12H9NS,199.045570,112,669,17,Active,0.9999999999999998,59.5815026750403,4.035789293545356,41.29102247280644,1.615855637265589
DTXSID5021201,Gallic acid n-propyl ester,121-79-9,C10H12O5,212.068473,110,617,18,Active,0.9999999990119337,45.58464530353191,3.087703653085689,35.92590734231682,1.5554077454572097
DTXSID5021209,6-Propyl-2-thiouracil,51-52-5,C7H10N2OS,170.051384,26,720,4,Inactive,0,4.231412804772136,0.2866173179150783,13.96959587116379,1.145183842516314
DTXSID5021386,"2,4,6-Trichlorophenol",88-06-2,C6H3Cl3O,195.924948,36,612,6,Inactive,0,5.288449364078764,0.3582163316593691,1.9201261076687366,0.28332975269632593
DTXSID5021754,"5,5-Dimethylhydantoin",77-71-4,C5H8N2O2,128.058578,6,598,1,Inactive,0,-5.548128888732114,0.3758058820784787,0.0015161705543273634,-2.8192519420832776
DTXSID5021758,Tris(2-butoxyethyl) phosphate,78-51-3,C18H39O7P,398.243341,48,505,10,Inactive,-1.178184609566066e-9,-6.281235809771986,0.42546332491091926,157.61316369519352,2.1975924865129377
DTXSID5021831,3-Nitrotoluene,99-08-1,C7H7NO2,137.047678,4,594,1,Inactive,2.0089667747592126e-7,6.970971678370395,0.47218300314806744,0.0008400566991712621,-3.0756914004783655
DTXSID5021885,"2-Methyl-2,4-pentanediol",107-41-5,C6H14O2,118.099380,11,609,2,Inactive,0.000929180264101178,9.440243311249887,0.6394406178675601,135.07145504568538,2.1305635782893377
DTXSID5021914,5-Methyl-2-hexanone,110-12-3,C7H14O,114.104465,19,366,5,Inactive,0,-3.2580956021446994,0.22068908567475795,0.0021511877692017294,-2.6673216800034694
DTXSID5023902,Benz(a)anthracene,56-55-3,C18H12,228.093900,160,663,24,Active,0.9999936848731849,38.27326411921346,2.592462805172962,53.83942741801286,1.7311004325212744
DTXSID5026623,4-tert-Butylcyclohexanol,98-52-2,C10H20O,156.151415,7,361,2,Inactive,0,1.7827325981020041,0.12075447596403707,0.00020000000787699125,-3.69896998723135
DTXSID5026912,2-[2-(2-Methoxyethoxy)ethoxy]ethanol,112-35-6,C7H16O4,164.104859,1,419,0,Inactive,0,-4.886459014414472,0.33098727102066633,0.6882003065814486,-0.1622851382442928
DTXSID5027061,2-Naphthalenol,135-19-3,C10H8O,144.057515,99,626,16,Active,0.9999999999999998,78.74961030183985,5.334152712804492,29.791466820360657,1.4740918867768356
DTXSID5027198,N-Methylphthalimide,550-44-7,C9H7NO2,161.047678,1,366,0,Inactive,0,-7.052948984416915,0.4777357857937262,0.0029858097439698517,-2.5249378690076747
DTXSID6022422,"4,4'-Diaminobiphenyl methane",101-77-9,C13H14N2,198.115698,44,611,7,Active,0.9981366779198756,38.800012323346394,2.628142414903995,131.87432804648358,2.1201602597397944
DTXSID6022472,Butylbenzene,104-51-8,C10H14,134.109550,3,581,1,Inactive,0,1.507231511826823,0.10209324245313285,27.386513983573597,1.437536754632596
DTXSID6022474,Corticosterone,50-22-6,C21H30O4,346.214409,91,663,14,Inactive,-1.995005561711899e-11,-4.073265206977159,0.27590509426637433,158.76295374381488,2.2007491702471356
DTXSID6023602,Butanedioic acid,110-15-6,C4H6O4,118.026609,0,365,0,Inactive,0,-2.6133129422172443,0.17701434034664074,0.06935070671733162,-1.1589491088967736
DTXSID6023652,6-Thioguanine,154-42-7,C5H5N5S,167.026566,168,640,26,Inactive,-0.000019335345406308028,-10.622229368000113,0.7195031617575582,49.7034795269099,1.6963867928870784
DTXSID5023950,Carbosulfan,55285-14-8,C20H32N2O3S,380.213364,153,611,25,Inactive,0.0000019594277713018862,11.126087837716366,0.7536323214169512,7.551814543960955,0.8780513160988899
DTXSID5028665,DINP branched,68515-48-0,, ,6,383,2,Inactive,0,4.7438842695645285,0.3213298840303847,19.292586991214016,1.2853904671813692
DTXSID6020068,2-Aminoanthraquinone,117-79-3,C14H9NO2,223.063329,111,650,17,Active,1,244.52364913346025,16.562957979991776,72.08586667704171,1.8578501242776804
DTXSID6023999,Cyromazine,66215-27-8,C6H10N6,166.096694,5,659,1,Inactive,0,-3.4039010366896854,0.23056530539494116,0.00020000097520692865,-3.6989678867062423
DTXSID6024177,Methamidophos,10265-92-6,C2H8NO2PS,141.001337,10,742,1,Inactive,0,2.967535046120472,0.20100778982821324,0.00020000002775384426,-3.698969944069316
DTXSID6024200,m-Cresol,108-39-4,C7H8O,108.057515,3,371,1,Inactive,0,-2.9888766335509187,0.20245337522287535,0.00016077811404902737,-3.793773069982099
DTXSID6024206,Molinate,2212-67-1,C9H17NOS,187.103085,29,724,4,Inactive,0,-6.142957264741426,0.4160969436263609,0.013386016658258731,-1.8733486388734313
DTXSID6024466,4-Aminobenzoic acid,150-13-0,C7H7NO2,137.047678,7,571,1,Inactive,0,-1.3320828458967955,0.09022944112213228,0.0002019316015531706,-3.6947957102480498
DTXSID6025014,Benzal chloride,98-87-3,C7H6Cl2,159.984656,8,591,1,Inactive,0,3.4603244289937614,0.23438717816321045,40.06164721790642,1.6027288022451243
DTXSID6025068,Dihexyl phthalate,84-75-3,C20H30O4,334.214409,55,622,9,Inactive,5.130423857348468e-15,8.036372358987155,0.5443485657324815,27.954697278032306,1.4464547936366532
DTXSID6025141,"1,3-Dimethylolurea",140-95-4,C3H8N2O3,120.053492,3,363,1,Inactive,0,-4.177127798467643,0.2829402900220659,0.0031026100857593636,-2.5082728000662557
DTXSID6025438,Hydroxyurea,127-07-1,CH4N2O2,76.027277,17,651,3,Inactive,0,-1.097244274536099,0.07432250777105354,0.016779538595628328,-1.7752199855888215
DTXSID6025486,Isoproterenol hydrochloride,51-30-9,C11H18ClNO3,247.097521,88,630,14,Inactive,0,-2.642429731013795,0.17898658373110923,0.021049809545721276,-1.6767518292162695
DTXSID6025567,Methyl 2-aminobenzoate,134-20-3,C8H9NO2,151.063329,5,593,1,Inactive,0,-1.5915223659544617,0.10780273468409374,0.019690080396597233,-1.7057525105898015
DTXSID6020141,"2,3-Benzofuran",271-89-6,C8H6O,118.041865,4,605,1,Inactive,0,3.5156210457746897,0.23813272810663674,36.13162893408039,1.5578875414499886
DTXSID6020143,Benzoic acid,65-85-0,C7H6O2,122.036779,10,611,2,Inactive,0,-5.507322728530506,0.3730418520178315,0.09922519927267841,-1.0033780202319582
DTXSID6020147,1H-Benzotriazole,95-14-7,C6H5N3,119.048347,9,607,1,Inactive,0,-2.5785837112895234,0.1746619347835317,1.2097434997219976,0.08269329720558263
DTXSID6020220,tert-Butylhydroquinone,1948-33-0,C10H14O2,166.099380,202,728,28,Active,0.9995162167451352,32.477668076338205,2.1998945850137854,0.000220889147409247,-3.65582562109579
DTXSID6020692,Methenamine,100-97-0,C6H12N4,140.106196,2,582,0,Inactive,0,1.3883684107974643,0.09404197806746903,100,2
DTXSID6020856,N-Methyl-2-pyrrolidone,872-50-4,C5H9NO,99.068414,8,608,1,Inactive,0,5.364076644791688,0.3633389914799149,0.0006342029781082215,-3.1977717229318716
DTXSID6020939,Nitrilotriacetic acid,139-13-9,C6H9NO6,191.042987,15,627,2,Active,0.9999999999999992,58.394769488006055,3.9554051999005657,28.494366937177936,1.4547590126436118
DTXSID6021032,N-Nitrosodi-n-propylamine,621-64-7,C6H14N2O,130.110613,5,631,1,Inactive,0,-2.546979813055983,0.17252122552984162,0.006018562953705703,-2.2205071924262194
DTXSID6021240,Retinol acetate,127-47-9,C22H32O2,328.240230,66,382,17,Inactive,0,4.020783011865566,0.2723501808851471,33.588573688605166,1.5261915622721478
DTXSID6021244,Rifampicin,13292-46-1,C43H58N4O12,822.405123,106,653,16,Inactive,0,-5.142523254354067,0.34833193793254946,0.00020000000030263363,-3.698970003678858
DTXSID6021402,"1,2,4-Trimethylbenzene",95-63-6,C9H12,120.093900,3,590,1,Inactive,-1.956075266933226e-16,-1.3624994982303236,0.09228973155325242,99.99999999999999,2
DTXSID6021666,Tetradecanoic acid,544-63-8,C14H28O2,228.208930,21,372,6,Inactive,0,-5.182117392712472,0.3510138709570575,2.789128957316554,0.44546859463759336
DTXSID6021793,1-Naphthol,90-15-3,C10H8O,144.057515,57,503,11,Inactive,1.2527673039090825e-16,8.019815700664582,0.5432270904189171,90.09411183192677,1.954696408265803
DTXSID6021824,Dichlorophen,97-23-4,C13H10Cl2O2,268.005785,191,412,46,Inactive,-1.0156124217920702e-16,-9.707947002913924,0.6575736901157175,8.855566878774212,0.9472163672701391
DTXSID6021828,Acetophenone,98-86-2,C8H8O,120.057515,6,593,1,Inactive,0,-3.251983979080782,0.22027511117226733,0.003680873203745389,-2.434049142581083
DTXSID6021907,Propanedinitrile,109-77-3,C3H2N2,66.021798,37,369,10,Inactive,0,-1.5446650308549308,0.10462882461421606,0.0018705779254692065,-2.7280241950325497
DTXSID6021957,Phenyl salicylate,118-55-8,C13H10O3,214.062994,11,368,3,Inactive,7.63965892505618e-10,6.931563573121637,0.46951367118930043,100,2
DTXSID6022000,Ethanolamine,141-43-5,C2H7NO,61.052764,3,643,0,Inactive,0,-0.18356778356209313,0.012434075380413282,100,2
DTXSID6022008,1-Nonanol,143-08-8,C9H20O,144.151415,1,365,0,Inactive,0,-1.9479887823672004,0.13194820403744853,0.02467310145954616,-1.6077762553701664
DTXSID6022056,"1,3-Dichlorobenzene",541-73-1,C6H4Cl2,145.969006,22,590,4,Inactive,0,1.8799702857337257,0.12734092983065978,0.0002000000011026476,-3.69897000194165
DTXSID6022137,(Z)-3-Hexen-1-ol,928-96-1,C6H12O,100.088815,2,362,1,Inactive,0,-9.338912562507591,0.6325769180191102,0.0025766472838925744,-2.5889450277600026
DTXSID6022187,"2,3,6-Trimethylphenol",2416-94-6,C9H12O,136.088815,18,612,3,Inactive,0.011820352682208796,14.559586480492642,0.9862024386477121,100,2
DTXSID6023862,Aldicarb sulfone,1646-88-4,C7H14N2O4S,222.067428,5,363,1,Inactive,0,-1.6391363792515947,0.11102789881154691,0.0002000001027018425,-3.6989697813218587
DTXSID6032354,Clodinafop-propargyl,105512-06-9,C17H13ClFNO4,349.051714,59,753,8,Inactive,9.47827414670822e-18,5.942386112000045,0.4025111347010211,0.00030482606113433036,-3.515947905695323
DTXSID7020425,Dichlone,117-80-6,C10H4Cl2O2,225.958835,174,375,46,Inactive,-0.0029686074827496426,-12.779064067941103,0.8655976709451461,160.6104765194471,2.2057738706200523
DTXSID6025692,Myrcene,123-35-3,C10H16,136.125201,13,593,2,Inactive,0,1.5720318281432533,0.10648253126034109,7.485634550712012,0.8742286210039832
DTXSID6026080,Terephthalic acid,100-21-0,C8H6O4,166.026609,8,362,2,Inactive,3.638561757514631e-17,6.0879079919297965,0.41236814767701496,0.000868874194263274,-3.06104310121823
DTXSID6027050,Sodium dimethyldithiocarbamate,128-04-1,C3H6NNaS2,142.983936,159,642,25,Inactive,0,-5.250443987483385,0.3556420143784281,0.019589555608820912,-1.7079754159106206
DTXSID6027131,"1H-1,2,4-Triazole",288-88-0,C2H3N3,69.032697,23,591,4,Inactive,0,-4.417329563058516,0.29921050252599873,0.00020000001465518634,-3.698969972512687
DTXSID6041557,Dihydromyrcenol,53219-21-9,, ,6,359,2,Inactive,0,-3.7319840581754806,0.2527882082432955,0.0031599315575628313,-2.5003223238672585
DTXSID7022253,Resmethrin,10453-86-8,C22H26O3,338.188195,150,725,21,Inactive,0.7407058927633323,15.81955344818688,1.0715470669323455,43.329582181136935,1.6367845012360471
DTXSID7022411,"4,4'-Methylenebis(2,6-di-t-butylphenol)",118-82-1,C29H44O2,424.334131,10,367,3,Inactive,0,-1.5360601439108228,0.10404596736755338,0.14706338155121648,-0.8324954521535535
DTXSID7023645,Tetracycline,60-54-8,C22H24N2O8,444.153266,32,653,5,Inactive,0,0.06893298043898165,0.004669217323119913,100,2
DTXSID7023936,Butylate,2008-41-5,C11H23NOS,217.150036,4,651,1,Inactive,0,4.24474025302877,0.28752006072231756,57.52423416493219,1.7598508455039497
DTXSID7024112,Fomesafen,72178-02-0,C15H10ClF3N2O6S,437.990019,33,607,5,Inactive,0,1.890974622729959,0.12808631528483644,0.0002000000442099857,-3.698969908335265
DTXSID7024160,Lactofen,77501-63-4,C19H15ClF3NO7,461.048914,141,742,19,Inactive,0,-1.423761310718477,0.09643933765317453,0.000200000023690113,-3.698969952893595
DTXSID7024299,Hexythiazox,78587-05-0,C17H21ClN2O2S,352.101227,191,687,28,Inactive,0,2.8598672449774023,0.19371484588413912,39.85732314300755,1.600508127699677
DTXSID7024586,Benzothiazole,95-16-9,C7H5NS,135.014270,8,422,2,Inactive,0,3.54982326762448,0.2404494363895695,0.00020000003700968523,-3.698969923970516
DTXSID7025132,"1,2-Dimethyl-3-nitrobenzene",83-41-0,C8H9NO2,151.063329,6,594,1,Inactive,0,-1.6032894521005514,0.1085997854154864,0.0002682451306952806,-3.571468152796732
DTXSID7025217,(2-Dodecenyl)succinic anhydride,19780-11-1,C16H26O3,266.188195,27,372,7,Inactive,0,-3.1540993463819396,0.2136448360883511,0.06837423020218966,-1.1651075501769506
DTXSID7025427,2-Hydroxy-2-methylpropanenitrile,75-86-5,C4H7NO,85.052764,8,365,2,Inactive,0,-2.141459930017449,0.14505308980300843,0.01522073741733226,-1.8175643062697682
DTXSID7025502,Linalool,78-70-6,C10H18O,154.135765,7,486,1,Inactive,0,-2.7567821998993987,0.1867323177072402,0.0002000000032886225,-3.6989699971948657
DTXSID7025895,"N-Phenyl-1,4-benzenediamine",101-54-2,C12H12N2,184.100048,213,662,32,Active,0.9948528735915644,26.892888471663873,1.8216061444169842,113.63361938829536,2.055506839779412
DTXSID7026102,Tetrachlorophthalic anhydride,117-08-8,C8Cl4O3,283.860155,6,360,2,Inactive,0,-2.2739804987846637,0.15402945106603702,0.00020000002858444426,-3.698969942265691
DTXSID7026235,Trimellitic anhydride,552-30-7,C9H4O5,192.005873,2,363,1,Inactive,0,-2.227495014703757,0.1508807285508933,0.02307751722493795,-1.6368109162055946
DTXSID7027205,Octamethylcyclotetrasiloxane,556-67-2,C8H24O4Si4,296.075165,6,669,1,Inactive,0,-1.4011592431844813,0.09490837287265881,0.04073988419878982,-1.3899802097957972
DTXSID7020683,"Hexachloro-1,3-butadiene",87-68-3,C4Cl6,257.813116,83,487,17,Inactive,0,-6.58838538686108,0.44626828818104564,0.0021229110850025604,-2.6730681952364543
DTXSID7020685,beta-Hexachlorocyclohexane,319-85-7,C6H6Cl6,287.860066,41,595,7,Active,0.9999999999999961,30.702900516392347,2.079679625749899,2.601418279676668,0.4152101876247425
DTXSID7020710,"1,2-Diphenylhydrazine",122-66-7,C12H12N2,184.100048,57,625,9,Active,1,141.00462596180466,9.551034033175027,38.13416526122573,1.5813142443287398
DTXSID7020766,Propham,122-42-9,C10H13NO2,179.094629,11,377,3,Active,0.9999929004972447,22.078535148079723,1.4955029961859672,17.03192484056629,1.2312637319554338
DTXSID7020845,Methyl methanesulfonate,66-27-3,C2H6O3S,110.003765,8,597,1,Inactive,0,-3.989507793550953,0.27023173496551633,0.00020000014757815964,-3.698969683874235
DTXSID7020970,Nitrofen,1836-75-5,C12H7Cl2NO3,282.980299,126,696,18,Inactive,0,6.309726548781368,0.42739316243258063,6.696856472775084,0.8258709912238096
DTXSID7021029,N-Nitrosodimethylamine,62-75-9,C2H6N2O,74.048013,6,594,1,Inactive,0,-4.284573773732184,0.2902182084554462,0.0002037911023568631,-3.690814781476166
DTXSID7021150,Phenylmercuric acetate,62-38-4,C8H8HgO2,338.023072,503,740,68,Inactive,-0.000039418559990026085,-10.78350964276763,0.7304275791848392,3.4057514606242103,0.5322129515485277
DTXSID7021520,2-[2-(2-Butoxyethoxy)ethoxy]ethanol,143-22-6,C10H22O4,206.151809,19,365,5,Inactive,0,-1.667265496919347,0.1129332416918625,0.030175555331236587,-1.5203447286847165
DTXSID7021607,Hexanoic acid,142-62-1,C6H12O2,116.083730,4,594,1,Inactive,0,-3.107244627417608,0.2104711032239811,0.024701195357454443,-1.6072820295506605
DTXSID7021780,Diethyl phthalate,84-66-2,C12H14O4,222.089209,8,606,1,Inactive,0,-3.279952221013222,0.22216955703688152,0.00453640174330416,-2.343288491334248
DTXSID7021788,3-(Trifluoromethyl)-4-nitrophenol,88-30-2,C7H4F3NO3,207.014327,108,373,29,Inactive,0,-6.86426997747197,0.46495549859119867,31.486865643889264,1.4981294309981548
DTXSID7021815,"3,4-Dichloroaniline",95-76-1,C6H5Cl2N,160.979905,26,380,7,Inactive,0,-0.9823587673120004,0.06654066811911778,0.01955547439977083,-1.7087316439561042
DTXSID7021863,Diethyl malonate,105-53-3,C7H12O4,160.073559,2,364,1,Inactive,0,-0.4777374383243504,0.03235983572335933,100,2
DTXSID7021869,p-Cresol,106-44-5,C7H8O,108.057515,5,601,1,Inactive,3.3165945068185345e-8,10.42454872928575,0.7061131435565093,0.39651462203981375,-0.40174079282527725
DTXSID7021940,1-Octanol,111-87-5,C8H18O,130.135765,5,595,1,Inactive,0,3.0557064505652383,0.20698013349325667,0.00014429283989453385,-3.840755218951168
DTXSID7021946,1-Decanol,112-30-1,C10H22O,158.167065,23,608,4,Inactive,0,-1.3525213381883936,0.09161385481872063,0.026406395963372346,-1.5782908687676303
DTXSID7021948,Propoxur,114-26-1,C11H15NO3,209.105193,25,663,4,Inactive,0,5.637980159702919,0.38189201252357957,34.21546304837842,1.5342224218128158
DTXSID7024320,"1,2,4,5-Tetrachlorobenzene",95-94-3,C6H2Cl4,213.891061,7,606,1,Inactive,0,2.218145119816271,0.1502474077384174,12.488349225608825,1.0965050348841352
DTXSID7025429,6-Hydroxy-2-naphthyl disulfide,6088-51-3,C20H14O2S2,350.043522,169,408,41,Active,1,80.56602064387806,5.457188371221242,38.432950296261836,1.584703724256334
DTXSID7032345,Chlorhexidine diacetate,56-95-1,C26H38Cl2N10O4,624.245455,214,391,55,Inactive,-0.1916854774513736,-13.289755800433902,0.9001896858115312,31.732279558046237,1.5015012717197131
DTXSID7034252,Tepraloxydim,149979-41-9,C17H24ClNO4,341.139386,8,662,1,Inactive,0,3.6821879215840125,0.24941523666834464,39.73040546926723,1.5991229972770284
DTXSID8020123,Azobenzene,103-33-3,C12H10N2,182.084398,28,627,4,Active,1,133.2649789044748,9.026784336081086,34.37342915440863,1.536222860288201
DTXSID8020462,Diethylene glycol,111-46-6,C4H10O3,106.062994,3,640,0,Inactive,8.11301494028291e-7,10.910358557913185,0.739019767542934,23.945025517369427,1.3792153041911899
DTXSID8020597,Ethylene glycol,107-21-1,C2H6O2,62.036779,16,603,3,Active,0.9999961123888479,23.853958733210867,1.6157623917144692,28.209536463873093,1.450395949932891
DTXSID8020628,Fluometuron,2164-17-2,C10H11F3N2O,232.082347,39,669,6,Inactive,0,-4.767880982154727,0.322955315941359,0.006749222516028119,-2.170746253309181
DTXSID8020759,Isophorone,78-59-1,C9H14O,138.104465,11,606,2,Inactive,0.03437691200237563,12.587066720058974,0.8525926139025616,129.67088803530183,2.1128424850682253
DTXSID8020913,Naphthalene,91-20-3,C10H8,128.062600,16,638,3,Inactive,0,-1.5493212983480111,0.10494421972264338,0.018444352029042863,-1.7341365974257485
DTXSID8020915,1-Naphthaleneacetic acid,86-87-3,C12H10O2,186.068080,6,365,2,Inactive,0,1.2084748377003418,0.08185677756585219,105.52832484400128,2.023369044206266
DTXSID8021199,Pebulate,1114-71-2,C10H21NOS,203.134385,20,369,5,Inactive,0,-2.3844323058321235,0.16151097134198691,0.016990497340122222,-1.7697939084229228
DTXSID8021272,Sodium chlorite,7758-19-2,ClNaO2,89.948451,12,639,2,Inactive,0,-2.285008400654908,0.15477643270127606,0.0002000001040209545,-3.6989697784574447
DTXSID8021519,2-(2-Butoxyethoxy)ethanol,112-34-5,C8H18O3,162.125594,3,588,1,Inactive,0,-5.510178134029767,0.37323526464465795,0.000536497785680023,-3.270432066184389
DTXSID8021642,1-Octadecanoic acid,57-11-4,C18H36O2,284.271530,23,613,4,Inactive,0,-2.2886441896896548,0.1550227050811462,0.00020000192931320736,-3.6989658149058267
DTXSID8021771,4-(2-Methylbutan-2-yl)phenol,80-46-6,C11H16O,164.120115,127,678,19,Active,1,104.59562652400304,7.084848329179113,7.309493394005456,0.8638872779411452
DTXSID8021800,"N,N-Diethylaniline",91-66-7,C10H15N,149.120449,6,588,1,Inactive,0,-1.0193392030454713,0.06904556040788352,0.023749050184948748,-1.6243537547837121
DTXSID8021808,o-Cresol,95-48-7,C7H8O,108.057515,4,584,1,Inactive,0,-3.6159466803404823,0.24492834593549667,0.00027796467447495295,-3.5560103934898963
DTXSID8022111,"N-(3,4-Dichlorophenyl)propanamide",709-98-8,C9H9Cl2NO,217.006119,120,743,16,Inactive,-1.6413950072882812e-18,-8.119040026564303,0.5499481104359752,24.28603589292577,1.3853566325357076
DTXSID8022113,"3,4-Dichloro-1-butene",760-23-6,C4H6Cl2,123.984656,24,469,5,Inactive,0,-2.898578996871224,0.19633700992521017,0.024414899580912492,-1.6123450576401595
DTXSID8023890,Asulam,3337-71-1,C8H10N2O4S,230.036128,7,653,1,Inactive,0,-1.1352924141039136,0.0768997216279211,0.028935233365805314,-1.538573010654061
DTXSID7027916,Neodecanoic acid,26896-20-8,, ,6,362,2,Inactive,0,-2.8283448957383737,0.1915796604011526,1.4402934107346304,0.15845097381933165
DTXSID8022325,"2,2-Bis(4-hydroxyphenyl)-1,1,1-trichloroethane",2971-36-0,C14H11Cl3O2,315.982463,394,861,46,Active,1,62.47858438625765,4.232024883916846,0.7164522291616556,-0.14481276172599988
DTXSID8022406,"2,4-Dihydroxybenzophenone",131-56-6,C13H10O3,214.062994,95,584,16,Active,1,126.23937874684347,8.550901039690562,42.31022055331128,1.6264452892130343
DTXSID8022408,Phenol red,143-74-8,C19H14O5S,354.056195,43,373,12,Inactive,0,3.135639794783247,0.21239446714227112,0.0002000000171481743,-3.698969967099233
DTXSID8023846,Acephate,30560-19-1,C4H10NO3PS,183.011901,16,757,2,Inactive,0,1.9785292508282115,0.1340168812292113,30.458866018948378,1.483713730553513
DTXSID8023848,Acetochlor,34256-82-1,C14H20ClNO2,269.118257,177,734,24,Inactive,-6.82666032487473e-9,-9.26991763952669,0.6279035049802687,110.91074347544777,2.0449736165379426
DTXSID8024072,Diphenamid,957-51-7,C16H17NO,239.131014,10,366,3,Inactive,2.3171180534388138e-12,10.111655083303075,0.6849191022889962,30.91640063899203,1.490188926591199
DTXSID8024311,Sodium fluoroacetate,62-74-8,C2H2FNaO2,99.993652,2,363,1,Inactive,0,-3.7657170194859253,0.25507313087840894,0.0009258802423711919,-3.033445183340554
DTXSID8024315,Myclobutanil,88671-89-0,C15H17ClN4,288.114174,125,722,17,Inactive,-0.00000827624968493966,-10.36914343541762,0.7023602323045344,133.93754745420728,2.1269023422569013
DTXSID8024317,Terbacil,5902-51-2,C9H13ClN2O2,216.066555,45,656,7,Inactive,5.301532049658021e-19,2.7157568549924656,0.1839534410373712,100,2
DTXSID8024523,"4-Androstene-3,17-dione",63-05-8,C19H26O2,286.193280,144,699,21,Inactive,0
DTXSID8024993,"Dichloro-1,3,5-triazinetrione",2782-57-2,C3HCl2N3O3,196.939496,5,362,1,Active,0.9998013747071266,24.91204359664654,1.6874324129760336,38.04931917788049,1.5803468902804434
DTXSID8025096,Dimethyl adipate,627-93-0,C8H14O4,174.089209,2,606,0,Inactive,0,-4.034987638078386,0.2733123398743417,0.01386562961230597,-1.8580604051382656
DTXSID8025337,Formamide,75-12-7,CH3NO,45.021464,6,583,1,Inactive,0,-3.97910184415467,0.2695268816590843,0.01745415006979253,-1.7581012943139167
DTXSID8025595,"N,N'-Methylenebisacrylamide",110-26-9,C7H10N2O2,154.074228,23,590,4,Inactive,0,-2.6856783356771174,0.18191605425173327,0.00041797925828011433,-3.378845269033562
DTXSID8025599,Methylene bis(thiocyanate),6317-18-6,C3H2N2S2,129.965940,304,703,43,Inactive,0,-3.61902103178828,0.2451365889992087,0.00021698153907148847,-3.66357721463276
DTXSID8025886,"Ethyl 2,3-epoxy-3-phenylpropionate",121-39-1,C11H12O3,192.078644,21,363,6,Inactive,-1.1409736286479783e-16,-1.771670598446868,0.12000518469461592,165.90699608426533,2.219864700049247
DTXSID8026224,Triethylene glycol dimethyl ether,112-49-2,C8H18O4,178.120509,2,598,0,Inactive,0,-1.8524364193417335,0.12547590665726369,0.000333087588631248,-3.4774415495045123
DTXSID8026488,Camphene,79-92-5,C10H16,136.125201,3,362,1,Inactive,0,1.3863495930158685,0.09390523221812347,0.0002000000743471221,-3.6989698428933244
DTXSID8026513,"1,2,3,6-Tetrahydrophthalimide",85-40-5,C8H9NO2,151.063329,1,359,0,Inactive,0,-3.8919868184844795,0.26362609245233665,0.0037082872616775904,-2.430826630695499
DTXSID8026640,"1,3-Diisopropylbenzene",99-62-7,C12H18,162.140851,4,587,1,Inactive,0,-5.8406859224622965,0.3956224105557686,0.0002001371068590394,-3.6986723825777688
DTXSID8026694,2-Ethylhexyl acetate,103-09-3,C10H20O2,172.146330,3,363,1,Inactive,0,2.2155053091557244,0.1500685985590161,100.00000000000001,2
DTXSID9020087,(E)-Anethole,4180-23-8,C10H12O,148.088815,8,605,1,Active,0.9999999999999942,86.10770054748306,5.832557427372852,78.91160180045196,1.8971408590713217
DTXSID9020112,Atrazine,1912-24-9,C8H14ClN5,215.093773,57,761,7,Inactive,-2.825990873154582e-16,-4.165653393169842,0.2821630642058049,1.7376493318484114,0.23996213770008748
DTXSID9020164,Pentaerythritol dibromide,3296-90-0,C5H10Br2O2,259.904756,7,614,1,Active,0.9999999999998657,91.28243684859478,6.183071335604574,72.58766420851693,1.8608628215076746
DTXSID9020168,Bis(chloroethyl) ether,111-44-4,C4H8Cl2O,141.995220,3,626,0,Inactive,0,-1.2308498743849632,0.0833723642738106,0.0008615122855360261,-3.064738524945541
DTXSID9020249,Carbofuran,1563-66-2,C12H15NO3,221.105193,48,663,7,Active,0.9999270447354699,38.40031355941872,2.6010685762178425,100,2
DTXSID9020295,4-Chloroaniline,106-47-8,C6H6ClN,127.018877,22,607,4,Inactive,0,-3.289575681511648,0.2228214079822702,0.00014963479334352602,-3.8249674118178305
DTXSID9020372,Mitotane,53-19-0,C14H10Cl4,317.953661,160,417,38,Active,1,65.05050639026113,4.406235583908796,5.187762575042403,0.7149800917936052
DTXSID9020582,Ethoxyquin,91-53-2,C14H19NO,217.146664,136,652,21,Active,0.9934210901667277,21.363122384080455,1.4470440778340563,34.517302183207896,1.538036844611775
DTXSID9020617,Eugenol,97-53-0,C10H12O2,164.083730,21,641,3,Inactive,5.935261665265086e-10,8.492737093671458,0.575260708385811,36.6267460457395,1.563798337251722
DTXSID9020663,Glycerol,56-81-5,C3H8O3,92.047344,9,647,1,Active,0.9999999999993097,54.21364372323721,3.6721941052013785,0.0001998173016632364,-3.699366910046211
DTXSID9020792,Maleic hydrazide,123-33-1,C4H4N2O2,112.027277,8,654,1,Inactive,4.071857080018808e-11,4.340439652355396,0.29400231769572077,0.0005913286665691388,-3.2281710666612753
DTXSID9021348,Thiourea,62-56-6,CH4N2S,76.009519,5,367,1,Inactive,2.7085296473941244e-10,4.776811927495043,0.32356025895164636,170.17725956890305,2.2309015257628486
DTXSID9021554,Decanoic acid,334-48-5,C10H20O2,172.146330,22,613,4,Inactive,0.7962349612815433,16.034766040277606,1.0861246226501498,0.000039561563523331815,-4.402726552865124
DTXSID9021922,2-(Ethylamino)ethanol,110-73-6,C4H11NO,89.084064,3,359,1,Inactive,-5.111852292831468e-12,-3.358780321481113,0.2275090263287848,100,2
DTXSID9021928,Ethylene glycol monoethyl ether acetate,111-15-9,C6H12O3,132.078644,2,606,0,Inactive,0,-3.7047692434995003,0.25094479623178284,0.05569498591994282,-1.254183901510635
DTXSID9021976,2-Phenoxyethanol,122-99-6,C8H10O2,138.068080,8,645,1,Active,0.9999999999998345,50.682338415403024,3.4329989940722436,33.952741917415665,1.530874852298981
DTXSID9022364,5alpha-Dihydrotestosterone,521-18-6,C19H30O2,290.224580,145,709,20,Active,1,95.3645587602183,6.459576344142712,0.8295272167809983,-0.0811693602075627
DTXSID9023833,Poly[oxy(dimethylsilylene)],9016-00-6,(C2H6OSi)n, ,4,361,1,Active,0.9988837741889346,25.60148702215089,1.7341322824024774,79.88348909687952,1.9024570254328799
DTXSID9023881,Clofentezine,74115-24-5,C14H8Cl2N4,302.012602,58,673,9,Inactive,0,2.39202819190122,0.16202548330117408,100,2
DTXSID9024063,"2,6-Dimethylphenol",576-26-1,C8H10O,122.073165,8,601,1,Inactive,0,6.297136016612071,0.42654033508436784,4.236948290504335,0.6270531637211532
DTXSID9024065,"1,3-Dinitrobenzene",99-65-0,C6H4N2O4,168.017107,19,621,3,Inactive,0,-7.699235521137649,0.521512397130397,14.131187968260079,1.1501786732691621
DTXSID9024194,(+/-)-2-(4-Chloro-2-methylphenoxy)propionic acid,93-65-2,C10H11ClO3,214.039672,6,472,1,Inactive,0,-5.159098185303467,0.3494546509535969,0.0002001093777664704,-3.698732558456247
DTXSID9024489,5-Amino-2-methylphenol,2835-95-2,C7H9NO,123.068414,58,660,9,Inactive,0,-2.890342889597527,0.19577913219364365,0.022647927703101714,-1.6449715299991041
DTXSID9024691,Butyl glycidyl ether,2426-08-6,C7H14O2,130.099380,18,369,5,Active,0.9999999999999885,75.62373469380451,5.122419628785643,77.30099702105946,1.8881850954442247
DTXSID9024930,"3,4-Diaminotoluene",496-72-0,C7H10N2,122.084398,91,638,14,Inactive,0,-3.6171607944889863,0.24501058469520703,0.0008655931930231693,-3.0626861674917802
DTXSID9024986,"4,4'-Dichlorodiphenyl sulfone",80-07-9,C12H8Cl2O2S,285.962206,46,510,9,Inactive,0,2.915475346755007,0.1974814944531161,0.00023384425158819776,-3.6310733015485495
DTXSID9025293,2-Ethylhexanoic acid,149-57-5,C8H16O2,144.115030,5,590,1,Inactive,0,-3.815343588204451,0.25843461667043344,0.013033381893294293,-1.8849428792201794
DTXSID9025453,3-Methylbutyl acetate,123-92-2,C7H14O2,130.099380,5,611,1,Inactive,0,-5.868779395077136,0.39752533899676235,0.00009405245300518631,-4.026629873024566
DTXSID9026132,Theobromine,83-67-0,C7H8N4O2,180.064726,5,638,1,Inactive,0,-3.5744473320173897,0.24211736235616496,0.01939318114721449,-1.7123509458793147
DTXSID9026922,Tetraethylene glycol,112-60-7,C8H18O5,194.115424,10,364,3,Active,0.9995170019514816,21.370803710470625,1.4475643771453166,0.00034209894930542647,-3.465848259669238
DTXSID9026974,"2,4-Di-tert-pentylphenol",120-95-6,C16H26O,234.198365,292,630,46,Inactive,-0.023815482580921508,-13.029178405484172,0.8825393176022278,64.73622570506421,1.8111473752759097
DTXSID9029304,Glyceryl stearate,11099-07-3,, ,2,362,1,Inactive,0,1.689604864880816,0.114446412357181,20.352035856209085,1.3086078591088481
DTXSID9047708,Igepal CO-890,NOCAS_47708,, ,10,360,3,Inactive,0.000008790411265179354,6.428981249769976,0.4354709520794737,150.51822854368677,2.1775890984451367