DTXSID,PREFERRED NAME,CASRN,MOLECULAR FORMULA,MONOISOTOPIC MASS,TOXCAST ACTIVE,TOXCAST TOTAL,% TOXCAST ACTIVE,HIT CALL,CONTINUOUS HIT CALL,TOP,SCALED TOP,AC50,LOGAC50
DTXSID9034317,Benzalkonium chloride,8001-54-5,, ,181,392,46,Inactive,-0.99999999999999,409.25899609356037,16.623505257299488,0.0027499738313598032,-2.5606714388788685
DTXSID7027756,3-Phenoxybenzenemethanol,13826-35-2,C13H12O2,200.083730,49,411,12,Inactive,-0.9999999917618388,54.37325997288718,2.2085627479014973,0.006067151991331395,-2.2170151251862134
DTXSID5042243,Oleyl sarcosine,110-25-8,C21H39NO3,353.292994,103,387,27,Inactive,-0.9999999891426831,888.6010477858251,36.09368231488443,0.001335584811014443,-2.8743285286189564
DTXSID9020409,"Dibenz[a,h]anthracene",53-70-3,C22H14,278.109550,49,510,10,Inactive,-0.9999998436417709,435.8793790025081,17.704786498425957,0.0005711184190493544,-3.2432738332470596
DTXSID7044394,4-tert-Butylcyclohexanone,98-53-3,C10H18O,154.135765,28,358,8,Inactive,-0.9999997780527952,55.608601759785714,2.2587405347921607,0.013392060083388776,-1.8731526108871306
DTXSID2027963,Isooctadecanoic acid,30399-84-9,, ,22,372,6,Inactive,-0.9999997528647752,56.199704109089396,2.2827502526115473,0.002290000009874246,-2.6401645157874785
DTXSID8027036,Neopentyl glycol,126-30-7,C5H12O2,104.083730,7,475,1,Inactive,-0.9999920596313432,58.76502429485628,2.3869498279459975,0.00031971368166258343,-3.4952387783563235
DTXSID4042418,Sodium tridecyl sulfate,3026-63-9,C13H27NaO4S,302.152775,70,380,18,Inactive,-0.9998756114830436,930.7202010744027,37.80450106977775,0.06744243258544627,-1.171066773505154
DTXSID6041761,Cetylpyridinium chloride,123-03-5,C21H38ClN,339.269278,149,249,60,Inactive,-0.9998691598545644,41.173966679221124,1.6724266493568622,7.511904452856847,0.8757500553149059
DTXSID7024538,Anthralin,1143-38-0,C14H10O3,226.062994,59,627,9,Inactive,-0.999539496392264,59.65450519931141,2.4230792487592594,6.070651082267763,0.7832352720097576
DTXSID4020822,Methotrexate,59-05-2,C20H22N8O5,454.171316,121,736,16,Inactive,-0.9981137099554208,32.42697465556742,1.3171365536505164,0.11679687018898732,-0.9325687948765655
DTXSID3038939,Perfluorooctanesulfonamide,754-91-6,C8H2F17NO2S,498.953478,343,732,47,Inactive,-0.9963274193014191,34.519718920203914,1.4021407823111738,6.075628823591047,0.7835912337901256
DTXSID6025226,Econazole nitrate,24169-02-6,C18H16Cl3N3O4,443.020639,184,376,49,Inactive,-0.9892614981700169,37.7161188298616,1.5319738982837277,6.08695170099542,0.7843998557082588
DTXSID8044545,"2-Naphthacenecarboxamide, 4,7-bis(dimethylamino)-1,4,4a,5,5a,6,11,12a-octahydro-3,10,12,12a-tetrahydroxy-1,11-dioxo-, monohydrochloride",13614-98-7,C23H28ClN3O7,493.161578,18,332,5,Inactive,-0.9874397013329039,26.91107367569477,1.093088677335308,0.1501816233305984,-0.8233832056432979
DTXSID9024431,Aldicarb oxime,1646-75-9,C5H11NOS,133.056135,3,642,0,Inactive,-0.9873085431242654,36.14182620806867,1.4680284213981816,6.287179422049099,0.7984558543209184
DTXSID5042249,Phenylarsine oxide,637-03-6,C6H5AsO,167.955635,182,332,55,Inactive,-0.9686695266564221,41.67320198259024,1.6927048613678422,40.67481407732647,1.6093255764736605
DTXSID0037730,"1,4-Dihydroxy-2-naphthoic acid",31519-22-9,C11H8O4,204.042259,156,391,40,Inactive,-0.8831971765239653,49.28215163738769,2.001769331046931,0.0012282685805787823,-2.9107066573728266
DTXSID6024913,Decane,124-18-5,C10H22,142.172151,13,700,2,Inactive,-0.8726273570776059,29.271983952657095,1.18898541943679,0.5747511440927505,-0.2405201555564236
DTXSID7029110,"3,7-Dimethyl-3-octanol",78-69-3,C10H22O,158.167065,4,361,1,Inactive,-0.850551554164937,27.52159551863,1.117887186745251,6.686470374806949,0.8251969247539481
DTXSID2032344,Chlorethoxyfos,54593-83-8,C6H11Cl4O3PS,333.892063,128,717,18,Inactive,-0.7643999563485772,32.03403097000862,1.3011757525806336,24.999999999999996,1.3979400086720375
DTXSID2021028,N-Nitrosodiethylamine,55-18-5,C4H10N2O,102.079313,6,647,1,Inactive,-0.5137221246092233,39.52004581767318,1.6052467891716649,25,1.3979400086720377
DTXSID4020666,Glycidol,556-52-5,C3H6O2,74.036779,11,594,2,Inactive,-0.4452631176484845,39.98547765101546,1.6241519533887787,25,1.3979400086720377
DTXSID0021206,"1,2-Propylene glycol",57-55-6,C3H8O2,76.052429,6,623,1,Inactive,-0.35524711756988053,27.41920158461476,1.1137280940517118,25,1.3979400086720377
DTXSID4022070,2-Tridecanone,593-08-8,C13H26O,198.198365,69,439,16,Inactive,-0.32361296303063525,23.50630050236322,0.9547917424186955,0.1707463522883988,-0.767648565526029
DTXSID1048170,FR150011,149413-74-1,C24H23NO4S,421.134779,290,633,46,Inactive,-0.2985714536601295,38.45258016192822,1.5618878865949546,25,1.3979400086720377
DTXSID6032358,Cymoxanil,57966-95-7,C7H10N4O3,198.075290,41,742,6,Inactive,-0.2599424641081204,24.402137416711835,0.991179335110617,25,1.3979400086720377
DTXSID0044367,Tetradonium bromide,1119-97-7,C17H38BrN,335.218763,290,465,62,Inactive,-0.1504817499603759,24.038079569656503,0.9763918347935758,7.355048676284642,0.8665855512677456
DTXSID6027052,"2,6-Di-tert-butylphenol",128-39-2,C14H22O,206.167065,82,590,14,Inactive,-0.13762216949107567,18.164261294158422,0.737805878430525,0.06503276051998169,-1.186867810606129
DTXSID2047272,CJ-013610,249296-43-3,C23H27N3O5S2,489.139213,239,639,37,Inactive,-0.10514920149629764,22.707930266274133,0.9223631044569673,9.853194950083402,0.99357707559475
DTXSID1032640,Pyriproxyfen,95737-68-1,C20H19NO3,321.136493,104,705,15,Inactive,-0.08083985568686936,21.35910703568582,0.8675758663537723,25,1.3979400086720377
DTXSID8027795,"3,4,5,6-Tetrachloropyridine-2-carbonitrile",17824-83-8,C6Cl4N2,239.881559,156,329,47,Inactive,-0.0410103812963506,19.60323528295993,0.7962549092307926,0.3540497111624589,-0.4509357555792192
DTXSID7020716,Hydroquinone,123-31-9,C6H6O2,110.036779,121,627,19,Inactive,-0.03938889671010374,14.2315689056408,0.5780656327184455,25,1.3979400086720377
DTXSID0021339,Thiotepa,52-24-4,C6H12N3PS,189.048956,30,451,7,Inactive,-0.026352811393805287,19.699684979962548,0.8001725556612731,0.5671993844268483,-0.2462642491581494
DTXSID9032327,Bendiocarb,22781-23-3,C11H13NO4,223.084458,63,665,9,Inactive,-0.02393042264841228,17.390839629876186,0.706390615174184,0.1323073610111433,-0.8784159928677542
DTXSID4024270,Prochloraz,67747-09-5,C15H16Cl3N3O2,375.030810,325,853,38,Inactive,-0.02276949273883145,21.88581714265777,0.8889700649319248,25,1.3979400086720377
DTXSID6024917,Diacetone alcohol,123-42-2,C6H12O2,116.083730,19,584,3,Inactive,-0.014553663137366965,19.394874924566288,0.787791614480449,10.601973460233332,1.0253867127286795
DTXSID9021427,Urethane,51-79-6,C3H7NO2,89.047678,1,592,0,Inactive,-0.013271347216371614,20.16593565519985,0.8191109800453636,0.1533377858606337,-0.8143508120818151
DTXSID4024274,Propachlor,1918-16-7,C11H14ClNO,211.076392,225,478,47,Inactive,-0.010423883338676623,13.924601697790074,0.5655970711419553,0.08071448995206526,-1.0930484932663245
DTXSID5047035,(2E)-2-Decenal,3913-81-3,C10H18O,154.135765,11,247,4,Inactive,-0.010335632645934055,19.39127632547394,0.7876454446185729,4.960629928769305,0.6955368291550652
DTXSID6020197,Bromocriptine mesylate,22260-51-1,C33H44BrN5O8S,749.209398,75,366,20,Inactive,-0.009462570699530885,20.90069607423613,0.8489558797428474,10,1
DTXSID9044322,Dodecylamine hydrochloride,929-73-7,C12H28ClN,221.191028,129,247,52,Inactive,-0.008111034667365475,14.754186332636088,0.5992935925877171,25,1.3979400086720377
DTXSID0047741,Dibenzothiophene,132-65-0,C12H8S,184.034671,18,471,4,Inactive,-0.005211849757694191,8.796754300330695,0.35731136701828053,25.000000000000004,1.3979400086720377
DTXSID4042090,Lauryldiethanolamine,1541-67-9,C16H35NO2,273.266779,131,247,53,Inactive,-0.004795156016575954,19.211449800214282,0.7803411526748659,40.99647362139637,1.6127465017774565
DTXSID0025571,"2-Methyl-1,3-benzenediol",608-25-3,C7H8O2,124.052429,10,440,2,Inactive,-0.004601527767928998,18.00305157947099,0.7312577742588049,0.757372200446462,-0.12069063982025344
DTXSID1025809,Oleic acid,112-80-1,C18H34O2,282.255880,33,374,9,Inactive,-0.003025066023923787,5.020987720025017,0.20394521942674868,25,1.3979400086720377
DTXSID2032398,Fludioxonil,131341-86-1,C12H6F2N2O2,248.039734,234,746,31,Inactive,-0.002928756966034239,20.965508702945822,0.8515884744674083,25,1.3979400086720377
DTXSID5020233,Ergocalciferol,50-14-6,C28H44O,396.339216,111,397,28,Inactive,-0.002812990703333371,15.147588233534764,0.6152730056983472,0.019253621731398638,-1.715487564855952
DTXSID1032646,N-Ethylperfluorooctane sulfonamide,4151-50-2,C10H6F17NO2S,526.984778,211,774,27,Inactive,-0.0026742114354033316,5.506373155401138,0.22366086994099404,24.15,1.382917135087531
DTXSID6034972,Thymol,89-83-8,C10H14O,150.104465,26,618,4,Inactive,-0.002636602775836826,18.46488074277054,0.7500166032579583,39.962336792915366,1.6016508756149086
DTXSID0026171,Tolyltriazole,29385-43-1,C7H7N3, ,12,365,3,Inactive,-0.002235367349337088,15.718086470172926,0.6384458144247472,25,1.3979400086720377
DTXSID1021166,Piperonyl butoxide,51-03-6,C19H30O5,338.209324,120,715,17,Inactive,-0.002233279151614583,15.551370250662352,0.6316740440349339,25,1.3979400086720377
DTXSID3034612,Fluazifop-butyl,69806-50-4,C19H20F3NO4,383.134443,23,662,3,Inactive,-0.0019459532357070297,13.190389596495129,0.5357744433137347,25,1.3979400086720377
DTXSID6021959,"2,4,6-Tribromophenol",118-79-6,C6H3Br3O,327.773404,84,489,17,Inactive,-0.0015145713299674897,22.002218513114734,0.8936981193234422,0.11738776832417304,-0.9303771537363303
DTXSID4024195,2-(4-Chloro-2-methylphenoxy)acetic acid,94-74-6,C9H9ClO3,200.024022,22,660,3,Inactive,-0.0015079871193841325,14.663137839353006,0.5955953351976352,46.70863114202795,1.6693971399023233
DTXSID8031865,Perfluorooctanoic acid,335-67-1,C8HF15O2,413.973702,97,959,10,Inactive,-0.0011396293667856633,10.71830855591927,0.4353621064641165,25,1.3979400086720377
DTXSID7021784,Salicylanilide,87-17-2,C13H11NO2,213.078979,64,333,19,Inactive,-0.0011330905874512777,20.1808172264054,0.81971544782624,6.8368722940342534,0.8348574677873842
DTXSID7029879,Ketoconazole,65277-42-1,C26H28Cl2N4O4,530.148761,359,640,56,Inactive,-0.0010144475910147158,4.965253303813085,0.2016813684918757,25,1.3979400086720377
DTXSID8024159,Isoxaben,82558-50-7,C18H24N2O4,332.173607,105,687,15,Inactive,-0.0009236345795353293,11.007872202819147,0.4471237607038745,25,1.3979400086720377
DTXSID3021148,Phenylhydrazine hydrochloride,59-88-1,C6H9ClN2,144.045426,13,247,5,Inactive,-0.0008382889137805361,3.2351105264329965,0.1314054849311351,25,1.3979400086720377
DTXSID9024691,Butyl glycidyl ether,2426-08-6,C7H14O2,130.099380,18,369,5,Inactive,-0.0007790153712599907,3.9781391094936875,0.1615862254273305,25,1.3979400086720377
DTXSID5034723,Isoxaflutole,141112-29-0,C15H12F3NO4S,359.043914,24,715,3,Inactive,-0.000715307171384744,11.371842357698439,0.461907699092251,25,1.3979400086720377
DTXSID9021390,"1,2,3-Trichloropropane",96-18-4,C3H5Cl3,145.945683,7,610,1,Inactive,-0.0005639887155041305,1.512033946342973,0.06141662002831465,25,1.3979400086720377
DTXSID7024291,Quinalphos,13593-03-8,C12H15N2O3PS,298.054101,35,252,14,Inactive,-0.0005023423412580994,11.815225382059202,0.479917272752969,25,1.3979400086720377
DTXSID0044525,Phenylmercuric lactate,122-64-5,C9H10HgO3,368.033637,154,247,62,Inactive,-0.00045671669182642256,17.860680245093604,0.7254748576996044,4.960685315143074,0.6955416781082351
DTXSID7044893,2-Hexyldecanoic acid,25354-97-6,C16H32O2,256.240230,36,247,15,Inactive,-0.000434323077949192,3.038996364977658,0.12343961289141968,25,1.3979400086720377
DTXSID1022053,"4,6-Dinitro-o-cresol",534-52-1,C7H6N2O5,198.027671,224,641,35,Inactive,-0.00040994448429754356,5.976011634514586,0.24273690199182715,25,1.3979400086720377
DTXSID8044913,N-[3-(Dimethylamino)propyl]dodecanamide,3179-80-4,C17H36N2O,284.282764,167,329,51,Inactive,-0.0003697702492230125,10.689353013023675,0.4341859744202339,25,1.3979400086720377
DTXSID2047357,Surinabant,288104-79-0,C23H23BrCl2N4O,520.043230,261,667,39,Inactive,-0.00030145639755905883,8.139218146668693,0.33060320467707704,0.0022900000515175744,-2.6401645078898945
DTXSID3042500,Triphenyltin fluoride,379-52-2,C18H15FSn,370.017981,201,329,61,Inactive,-0.000298155024376047,9.499419251953627,0.385852595504199,25,1.3979400086720377
DTXSID5047295,UK-373911,291305-06-1,C17H18Cl2N2O2S,384.046604,293,618,47,Inactive,-0.0002972510604121372,17.27689265658441,0.7017622548262145,0.13343403893012903,-0.8747333680670834
DTXSID1032569,Pirimicarb,23103-98-2,C11H18N4O2,238.142976,36,679,5,Inactive,-0.00027279420112947763,21.4288351301652,0.8704081201495922,15.914820551636824,1.2018017460752572
DTXSID0034518,Desmedipham,13684-56-5,C16H16N2O4,300.111007,35,379,9,Inactive,-0.0002655396612001979,13.448692512127822,0.5462663321102714,25,1.3979400086720377
DTXSID7047279,CP-532623,261947-38-0,C27H27F9N2O3,598.187796,41,608,7,Inactive,-0.0002577404691456339,2.9655131120044107,0.12045483001851007,25,1.3979400086720377
DTXSID2024163,Linuron,330-55-2,C9H10Cl2N2O2,248.011933,128,799,16,Inactive,-0.0002226872936974554,2.5273596710321455,0.10265767442992234,25,1.3979400086720377
DTXSID5020029,Acrylonitrile,107-13-1,C3H3N,53.026549,5,367,1,Inactive,-0.00021979501906111497,2.349507679116015,0.09543358515916849,25.000000000000004,1.3979400086720377
DTXSID7034676,Isazofos,42509-80-8,C9H17ClN3O3PS,313.041677,94,688,14,Inactive,-0.00021543945829202534,11.775929322927835,0.47832112397726295,0.6066070516184362,-0.21709254545764167
DTXSID0041985,Fluorosalan,4776-06-1,C14H8Br2F3NO2,436.887389,155,333,47,Inactive,-0.0002035334936608671,12.972127796307069,0.5269089663968525,4.960644866604555,0.6955381369344694
DTXSID0042084,"N-(1,1-Dimethylethyl)-, 3-[[(dimethylamino)carbonyl]amino]phenyl ester",4849-32-5,C14H21N3O3,279.158292,5,247,2,Inactive,-0.000163220379316952,8.05284428163972,0.3270948238886089,24.999999999999996,1.3979400086720375
DTXSID3020960,5-Nitroacenaphthene,602-87-9,C12H9NO2,199.063329,39,448,9,Inactive,-0.00014072241325618963,15.133789592294061,0.6147125249577944,43.01713318593365,1.633641464093849
DTXSID6020226,Cadmium chloride,10108-64-2,CdCl2,183.841070,244,428,57,Inactive,-0.0001232544433968426,9.571953004440697,0.3887988110481691,25,1.3979400086720377
DTXSID7020057,1-Amino-2-methylanthraquinone,82-28-0,C15H11NO2,237.078979,87,459,19,Inactive,-0.0001203469063991937,16.862590595935444,0.6849339076205404,6.782284038618923,0.831375973855774
DTXSID1042441,Terbucarb,1918-11-2,C17H27NO2,277.204179,5,247,2,Inactive,-0.00011401627316146864,5.64975175631459,0.22948470020207432,25,1.3979400086720377
DTXSID9024772,4-Chlorobenzoic acid,74-11-3,C7H5ClO2,155.997807,1,252,0,Inactive,-0.00011290187240601215,7.215324167079706,0.2930759747970189,25,1.3979400086720377
DTXSID7029162,"3-Bromo-1-chloro-5,5-dimethylhydantoin",126-06-7,C5H6BrClN2O2,239.930118,15,364,4,Inactive,-0.00011152143024838518,11.681458974413738,0.4744838758039229,25,1.3979400086720377
DTXSID0021385,Folpet,133-07-3,C9H4Cl3NO2S,294.902833,179,710,25,Inactive,-0.00009206854164424791,1.0951814861639806,0.04448467930264383,25,1.3979400086720377
DTXSID0034776,Tolclofos-methyl,57018-04-9,C9H11Cl2O3PS,299.954358,48,442,11,Inactive,-0.00007714009844541544,11.842616046965425,0.4810298417286439,4.039686060773478,0.6063476157612431
DTXSID7024873,Cyanuric acid,108-80-5,C3H3N3O3,129.017441,7,589,1,Inactive,-0.00007405961355642294,13.808029429902012,0.5608620751453138,24.85,1.395326393069351
DTXSID5047297,CP-085958,134002-60-1,C25H20FNO5S,465.104622,81,600,14,Inactive,-0.00007107933117689988,7.3888467783724545,0.30012421092284347,25,1.3979400086720377
DTXSID0023907,Benzo(b)fluoranthene,205-99-2,C20H12,252.093900,162,634,26,Inactive,-0.00006563039584121131,4.060287467300835,0.16492297225738295,25.000000000000004,1.3979400086720377
DTXSID2027466,"3,4-Epoxycyclohexylmethyl 3,4-epoxycyclohexanecarboxylate",2386-87-0,C14H20O4,252.136159,12,358,3,Inactive,-0.000060635486098227,3.7315160668300305,0.1515687560853658,25,1.3979400086720377
DTXSID3020122,Azinphos-methyl,86-50-0,C10H12N3O3PS2,317.005771,176,835,21,Inactive,-0.000057161677720299175,4.787734383480647,0.1944708081044828,25.000000000000004,1.3979400086720377
DTXSID8020464,Diethyl maleate,141-05-9,C8H12O4,172.073559,13,456,3,Inactive,-0.000054555420861642576,3.5256868920086837,0.14320827433076053,25,1.3979400086720377
DTXSID3021643,Octanal,124-13-0,C8H16O,128.120115,13,596,2,Inactive,-0.000054535016306649755,2.809832696873659,0.11413131795381011,25,1.3979400086720377
DTXSID2036827,"3,3'-Diaminobenzidine",91-95-2,C12H14N4,214.121846,67,445,15,Inactive,-0.00004634005267954618,9.128264947737641,0.37077684741729977,25,1.3979400086720377
DTXSID0032651,Thidiazuron,51707-55-2,C9H8N4OS,220.041882,155,700,22,Inactive,-0.000038883765138381866,7.046080710660519,0.2862015517192065,25,1.3979400086720377
DTXSID1024124,Thifensulfuron methyl,79277-27-3,C12H13N5O6S2,387.030726,2,469,0,Inactive,-0.00003498146990472343,6.59651308265882,0.2679407684525403,25,1.3979400086720377
DTXSID5024687,4-tert-Butylcatechol,98-29-3,C10H14O2,166.099380,153,464,33,Inactive,-0.00003427166688263145,8.40737239991348,0.3414952404811303,0.5852988854184258,-0.2326223029097187
DTXSID8047476,2-Thienyl disulfide,6911-51-9,C8H6S4,229.935235,67,247,27,Inactive,-0.000030939818071366586,15.175493072899572,0.6164064596927926,4.9610861998030416,0.6955767730498059
DTXSID3042180,"N-(3,4-Dichlorophenyl)-N'-methylurea",3567-62-2,C8H8Cl2N2O,218.001368,19,247,8,Inactive,-0.00002764047810864216,2.026782227950246,0.082324946655613,25,1.3979400086720377
DTXSID5020819,Methidathion,950-37-8,C6H11N2O4PS3,301.961857,81,688,12,Inactive,-0.00002470445834576009,2.9145328019621553,0.11838408396260064,25,1.3979400086720377
DTXSID2026496,alpha-Terpinyl acetate,80-26-2,C12H20O2,196.146330,46,467,10,Inactive,-0.000022712422110943335,5.190550320058626,0.21083260565406492,25,1.3979400086720377
DTXSID5044865,"2,2'-(Tetradecylimino)diethanol",18924-66-8,C18H39NO2,301.298079,156,378,41,Inactive,-0.000022121311288964654,5.8922672294181915,0.23933532604193383,25.000000000000004,1.3979400086720377
DTXSID9048194,Heptanophenone,1671-75-6,C13H18O,190.135765,11,360,3,Inactive,-0.000020877695242211116,4.44454850082449,0.18053109662832653,25,1.3979400086720377
DTXSID6047369,SR146131 trifluoroacetate (1:1),221671-62-1,C34H37ClF3N3O7S,723.199284,368,613,60,Inactive,-0.00001938919865433708,6.083593179215924,0.2471067078873639,21.1,1.3242824552976926
DTXSID7047306,CP-634384,290352-28-2,C19H19NO5,341.126323,70,648,11,Inactive,-0.000016037323521102122,1.1229633698711987,0.04561313901708599,25,1.3979400086720377
DTXSID5023035,Etoposide,33419-42-0,C29H32O13,588.184291,74,334,22,Inactive,-0.000014536216562029197,4.852961267627865,0.19712022928248588,22.5,1.3521825181113625
DTXSID0046989,D-Tryptophan,153-94-6,C11H12N2O2,204.089878,3,247,1,Inactive,-0.000014234482884777426,0.39535364094469544,0.01605868995298562,25,1.3979400086720377
DTXSID4041527,"2,2,6,6-Tetramethyl-4-piperidone",826-36-8,C9H17NO,155.131014,1,337,0,Inactive,-0.000012620931594020827,9.768887078815663,0.3967979867583232,25,1.3979400086720377
DTXSID0034566,Emamectin benzoate,155569-91-8,, ,499,841,59,Inactive,-0.00001253723801039799,3.3881375953849115,0.13762122193267373,25,1.3979400086720377
DTXSID0021832,"N,N,4-Trimethylaniline",99-97-8,C9H13N,135.104799,14,587,2,Inactive,-0.000011652443263471424,2.7131413126978665,0.11020385454182834,25,1.3979400086720377
DTXSID7047277,Elzasonan,361343-19-3,C22H23Cl2N3OS,447.093889,292,631,46,Inactive,-0.000011509004485270665,2.484084470804836,0.10089989872955653,25,1.3979400086720377
DTXSID3023899,Benfluralin,1861-40-1,C13H16F3N3O4,335.109290,72,679,11,Inactive,-0.000009659754278052176,10.77117893603534,0.43750962441779395,24.999999999999996,1.3979400086720375
DTXSID4047628,Dicyclohexyl disulfide,2550-40-5,C12H22S2,230.116293,60,595,10,Inactive,-0.000008854878974109137,7.769903404848375,0.3156021769395102,25,1.3979400086720377
DTXSID2047278,CP-457677,214535-77-0,C22H21FN2O3,380.153621,52,619,8,Inactive,-0.000008653095278016491,11.048131561226256,0.44875903729528527,44.9976319485238,1.6531896591364614
DTXSID6032562,Octylbicycloheptenedicarboximide,113-48-4,C17H25NO2,275.188529,183,782,23,Inactive,-0.000008460714352058721,15.873328914671392,0.6447515367592815,25,1.3979400086720377
DTXSID9020790,Malaoxon,1634-78-2,C10H19O7PS,314.058911,42,776,5,Inactive,-0.000008147773568555556,3.1502245706199,0.12795754085122707,25,1.3979400086720377
DTXSID8022111,"N-(3,4-Dichlorophenyl)propanamide",709-98-8,C9H9Cl2NO,217.006119,120,743,16,Inactive,-0.00000810991297366525,10.767389056363546,0.4373556850169501,46.58266977560352,1.6682243754735822
DTXSID1047364,SSR 103800,1075752-90-7,, ,239,651,37,Inactive,-0.0000077706664322544,10.224082794436912,0.41528737475946115,0.1016259021287853,-0.9929955861672287
DTXSID6024175,Metalaxyl,57837-19-1,C15H21NO4,279.147058,28,689,4,Inactive,-0.00000614296267525828,13.307755793988232,0.5405416875763626,43.247666471897865,1.6359626790674495
DTXSID2021151,2-Phenylphenol,90-43-7,C12H10O,170.073165,63,704,9,Inactive,-0.0000059337630116857575,11.788525653106944,0.47883276859095214,11.999788212357487,1.0791735811296124
DTXSID3047429,Dexamethasone sodium phosphate,2392-39-4,C22H28FNa2O8P,516.130122,87,736,12,Inactive,-0.000005686210601763382,11.03256799370114,0.4481268678156999,4.712611323366215,0.6732616224292575
DTXSID5020730,8-Hydroxyquinoline,148-24-3,C9H7NO,145.052764,164,608,27,Inactive,-0.000005210237939236559,3.127816181874046,0.12704734468772197,25,1.3979400086720377
DTXSID6024882,Cycloheximide,66-81-9,C15H23NO4,281.162708,259,632,41,Inactive,-0.000004449722029447182,1.6666718375891145,0.06769778628890986,22.35,1.3492775274679554
DTXSID7041966,Famphur,52-85-7,C10H16NO5PS2,325.020752,28,447,6,Inactive,-0.000003984122218421005,3.177762079413017,0.12907607441204014,25,1.3979400086720377
DTXSID1026900,Alkyl trimethyl ammonium compound C12 chloride (ATMAC C12 Cl),112-00-5,C15H34ClN,263.237978,321,656,49,Inactive,-0.000003855586380365537,0.8605382110332065,0.034953810696313474,25,1.3979400086720377
DTXSID5025861,Phenethyl anthranilate,133-18-6,C15H15NO2,241.110279,80,329,24,Inactive,-0.0000034369962319932743,6.858587653838288,0.2785858564124649,25,1.3979400086720377
DTXSID3032628,Methoxyfenozide,161050-58-4,C22H28N2O3,368.209993,69,669,10,Inactive,-0.000002857052723823059,9.595286481001834,0.389746582933424,25,1.3979400086720377
DTXSID7022411,"4,4'-Methylenebis(2,6-di-t-butylphenol)",118-82-1,C29H44O2,424.334131,10,367,3,Inactive,-0.0000020726675060114165,6.03697376289058,0.24521309499241503,25,1.3979400086720377
DTXSID4032611,Ethoprop,13194-48-4,C8H19O2PS2,242.056409,51,735,7,Inactive,-0.0000018296495540580732,12.77645388118948,0.5189609765231492,13.962645381324952,1.1449677080916865
DTXSID2029246,Triethoxyoctylsilane,2943-75-1,C14H32O3Si,276.212071,45,607,7,Inactive,-0.0000017385488259366515,7.285654252389857,0.2959326805849408,0.938798761799212,-0.027427491872895778
DTXSID2026523,Symclosene,87-90-1,C3Cl3N3O3,230.900524,16,658,2,Inactive,-0.0000017307244958780562,4.012189504242406,0.1629693029443096,25,1.3979400086720377
DTXSID3041405,2-Chloro-4-nitrobenzamide,3011-89-0,C7H5ClN2O3,199.998870,2,329,1,Inactive,-0.0000016507690649636833,4.678561155178869,0.19003635033579866,25,1.3979400086720377
DTXSID6031461,1-Butyl-3-methylimidazolium chloride,79917-90-1,C8H15ClN2,174.092376,2,329,1,Inactive,-0.0000015360552595238272,0.21499474251869136,0.008732773785464143,25,1.3979400086720377
DTXSID7021106,Pentachlorophenol,87-86-5,C6HCl5O,263.847003,258,618,42,Inactive,-0.0000015328640377807864,2.8315574843295686,0.1150137472270434,12.750000000000002,1.105510184769974
DTXSID4044668,"1,1,2-Trimethyl-1H-benzo[e]indole",41532-84-7,C15H15N,209.120449,60,329,18,Inactive,-0.0000015167547774035136,2.1405020237202694,0.08694407938302125,25,1.3979400086720377
DTXSID0021389,Trichlorfon,52-68-6,C4H8Cl3O4P,255.922579,92,711,13,Inactive,-0.0000014952268050504226,4.418592607415382,0.17947680598435115,25,1.3979400086720377
DTXSID5027142,"1,2-Dichloro-4-(trifluoromethyl)benzene",328-84-7,C7H3Cl2F3,213.956390,3,360,1,Inactive,-0.0000013724124896357049,0.4109762364689077,0.01669325706405295,25,1.3979400086720377
DTXSID1040619,Bexarotene,153559-49-0,C24H28O2,348.208930,192,378,51,Inactive,-0.000001140327808190893,1.3154397870566694,0.05343125117474123,25,1.3979400086720377
DTXSID4034948,Tebufenozide,112410-23-8,C22H28N2O2,352.215078,101,670,15,Inactive,-0.0000010241855614710633,14.312061735949511,0.5813351344290587,25,1.3979400086720377
DTXSID0020319,Chlorothalonil,1897-45-6,C8Cl4N2,263.881559,349,748,47,Inactive,-0.0000010069811063138813,8.366467255680227,0.33983373300859415,1.9056196606228313,0.2800362248565652
DTXSID9020792,Maleic hydrazide,123-33-1,C4H4N2O2,112.027277,8,654,1,Inactive,-9.956206503050968e-7,7.980127752945673,0.32414118424091326,0.1052560085336706,-0.9777531031071611
DTXSID5044815,Dibutyl azelate,2917-73-9,C17H32O4,300.230060,7,472,1,Inactive,-9.64559579477414e-7,8.7820429449887,0.35671381315824574,0.08759831728152921,-1.0575042363246763
DTXSID8024151,Imazalil,35554-44-0,C14H14Cl2N2O,296.048318,352,830,42,Inactive,-8.996182307230886e-7,5.6782344747173115,0.23064162680266045,25,1.3979400086720377
DTXSID0032497,Triclopyr,55335-06-3,C7H4Cl3NO3,254.925676,21,656,3,Inactive,-8.169818221473324e-7,2.4076517702850926,0.09779531358653602,25,1.3979400086720377
DTXSID8023846,Acephate,30560-19-1,C4H10NO3PS,183.011901,16,757,2,Inactive,-8.139575261996189e-7,1.0303697023910694,0.041852118898186304,25,1.3979400086720377
DTXSID6046977,Buflomedil hydrochloride,35543-24-9,C17H26ClNO4,343.155036,4,250,2,Inactive,-7.60699388270015e-7,5.239355367099114,0.21281499569021414,25,1.3979400086720377
DTXSID2021105,Fartox,82-68-8,C6Cl5NO2,292.837167,96,674,14,Inactive,-7.574935178473665e-7,3.174054141577929,0.12892546336943952,25,1.3979400086720377
DTXSID1020855,Methyl parathion,298-00-0,C8H10NO5PS,263.001731,138,818,17,Inactive,-7.020913208305708e-7,11.150402311535752,0.4529131264458368,25,1.3979400086720377
DTXSID6024123,Haloxyfop-methyl,69806-40-2,C16H13ClF3NO4,375.048520,48,376,13,Inactive,-6.93302138601279e-7,13.912950552383972,0.5651238185592128,1.6704389242261293,0.22283060128125892
DTXSID2045076,Chlortetracycline hydrochloride,64-72-2,C22H24Cl2N2O8,514.090971,43,329,13,Inactive,-6.819820153249623e-7,2.1271044540724313,0.08639988958731311,24.999999999999996,1.3979400086720375
DTXSID3020679,Heptachlor,76-44-8,C10H5Cl7,369.821094,282,649,43,Inactive,-6.80787055202194e-7,2.94255232582237,0.11952219627446983,25,1.3979400086720377
DTXSID5032365,"2,6-Dichlorobenzonitrile",1194-65-6,C7H3Cl2N,170.964255,15,682,2,Inactive,-6.15819737394833e-7,3.8658293994171027,0.15702436833017563,25,1.3979400086720377
DTXSID6020066,"2-Amino-5-nitro-1,3-thiazole",121-66-4,C3H3N3O2S,144.994598,30,448,7,Inactive,-5.639386707138318e-7,12.448946672141235,0.5056581099682687,25,1.3979400086720377
DTXSID4032459,Phorate,298-02-2,C7H17O2PS3,260.012830,63,661,10,Inactive,-5.539186006832703e-7,4.776930123302369,0.19403195476811347,24.999999999999996,1.3979400086720375
DTXSID1041502,"3-Methyl-4,6-di-tert-butylphenol",497-39-2,C15H24O,220.182715,269,455,59,Inactive,-5.335370258288155e-7,0.6075384091044298,0.02467732666638814,24.999999999999996,1.3979400086720375
DTXSID4047337,PharmaGSID_47337,1061517-62-1,C34H31N4NaO4,582.224300,301,646,47,Inactive,-4.987509894744014e-7,8.92339789053122,0.3624554454810553,25.000000000000004,1.3979400086720377
DTXSID0034300,Acetamiprid,135410-20-7,C10H11ClN4,222.067224,17,712,2,Inactive,-4.6996411335306726e-7,16.53003733746786,0.6714260778764529,0.05035426085862972,-1.2979637745821058
DTXSID0044993,"4,4'-Propane-2,2-diyldicyclohexanol",80-04-6,C15H28O2,240.208930,11,341,3,Inactive,-4.666020507308698e-7,16.444739935636207,0.6679614214576156,0.17713575182041283,-0.7516937750532535
DTXSID9025110,"2,5-Dimethyl-2,5-di-(tert-butylperoxy)hexane",78-63-7,C16H34O4,290.245710,22,586,4,Inactive,-4.0933719962455317e-7,0.05755806439959771,0.0023379248722194437,25,1.3979400086720377
DTXSID4024272,Prometryn,7287-19-6,C10H19N5S,241.136117,79,682,12,Inactive,-3.9888378227368375e-7,3.445170133962073,0.13993780071023063,25,1.3979400086720377
DTXSID5021126,Phenothiazine,92-84-2,C12H9NS,199.045570,112,669,17,Inactive,-3.84562368962512e-7,7.796895318613439,0.31669854922371415,0.06279604702476001,-1.202067693991579
DTXSID9034232,2-(m-Chlorophenoxy)propionic acid,101-10-0,C9H9ClO3,200.024022,15,663,2,Inactive,-3.759763311693088e-7,1.3219567912403953,0.05369596240734476,25,1.3979400086720377
DTXSID1025560,5-Methoxypsoralen,484-20-8,C12H8O4,216.042259,18,329,5,Inactive,-3.744156138755424e-7,0.6996961351645316,0.02842063947877319,25,1.3979400086720377
DTXSID1034212,Spiroxamine,118134-30-8,C18H35NO2,297.266779,128,724,18,Inactive,-3.637788431178482e-7,5.916687558376328,0.2403272442910021,25,1.3979400086720377
DTXSID3026697,Bis(2-ethylhexyl) nonanedioate,103-24-2,C25H48O4,412.355260,51,590,9,Inactive,-3.433059396061959e-7,2.6148879825947575,0.1062129471577355,25,1.3979400086720377
DTXSID0029262,"2,6-Di-tert-butyl-4-ethylphenol",4130-42-1,C16H26O,234.198365,53,374,14,Inactive,-3.224493082346283e-7,5.868467170046817,0.23836860224145412,25,1.3979400086720377
DTXSID1027633,Irganox 1010,6683-19-8,C73H108O12,1176.784079,12,361,3,Inactive,-3.1045334710876464e-7,3.3031851570967437,0.13417057743131028,11.1,1.0453229787866574
DTXSID9020407,Diazinon,333-41-5,C12H21N2O3PS,304.101051,90,742,12,Inactive,-2.435713425618504e-7,4.083575186331812,0.1658688855383056,25.000000000000004,1.3979400086720377
DTXSID8047395,"Diisononyl cyclohexane-1,2-dicarboxylate",166412-78-8,, ,18,594,3,Inactive,-2.379278007220027e-7,5.491138790927234,0.22304207221060607,25,1.3979400086720377
DTXSID6044309,"1,10-Phenanthroline hydrochloride hydrate",18851-33-7,C12H11ClN2O,234.055991,88,329,27,Inactive,-2.196524006201202e-7,6.898614061984521,0.28021167090304633,44.82141719174202,1.651485584212049
DTXSID4047252,Ingliforib,186392-65-4,C23H24ClN3O5,457.140449,81,612,13,Inactive,-2.0187432486648054e-7,2.3640392291613557,0.0960238355895346,25,1.3979400086720377
DTXSID9034816,Monocrotophos,6923-22-4,C7H14NO5P,223.060960,9,683,1,Inactive,-1.9294913668547786e-7,16.276981665204303,0.6611473244747781,0.8284571773621754,-0.0817299351818223
DTXSID1023990,Cyanazine,21725-46-2,C9H13ClN6,240.089022,41,679,6,Inactive,-1.698210367427654e-7,11.82391299140039,0.48027015081047075,39.949442557580426,1.6015107236786499
DTXSID8024523,"4-Androstene-3,17-dione",63-05-8,C19H26O2,286.193280,144,699,21,Inactive,-1.5632433595087862e-7,10.72785256181321,0.43574977010417815,0.0695783419716067,-1.157525924555971
DTXSID7020685,beta-Hexachlorocyclohexane,319-85-7,C6H6Cl6,287.860066,41,595,7,Inactive,-1.4941808617178068e-7,1.589863641965057,0.06457794908081507,25,1.3979400086720377
DTXSID5047320,SB236057A,180084-01-9,C33H35ClN4O3,570.239769,372,673,55,Inactive,-1.3776318185686846e-7,0.28458606007208126,0.011559471901457927,23.4,1.3692158574101427
DTXSID3020415,"1,2-Dibromoethane",106-93-4,C2H4Br2,185.867976,6,469,1,Inactive,-1.2903379574980978e-7,13.512314709797552,0.5488505732571708,0.12043181518654822,-0.9192587677732329
DTXSID8020123,Azobenzene,103-33-3,C12H10N2,182.084398,28,627,4,Inactive,-1.2398737978573808e-7,3.182962695605905,0.12928731587881026,25,1.3979400086720377
DTXSID0023951,Carboxin,5234-68-4,C12H13NO2S,235.066700,73,677,11,Inactive,-1.1139044958425345e-7,1.3914050837782819,0.05651685105520262,25,1.3979400086720377
DTXSID7037553,Fluorodifen,15457-05-3,C13H7F3N2O5,328.030706,33,247,13,Inactive,-9.380076967308912e-8,0.7383085376116525,0.029989019114171452,25,1.3979400086720377
DTXSID9024986,"4,4'-Dichlorodiphenyl sulfone",80-07-9,C12H8Cl2O2S,285.962206,46,510,9,Inactive,-8.340388265488749e-8,15.488612761899983,0.6291249261063504,0.16459025717354156,-0.7835958761772117
DTXSID7030307,"3,5-Dichloroaniline",626-43-7,C6H5Cl2N,160.979905,7,361,2,Inactive,-7.646708910682082e-8,10.026187083698446,0.4072491387786793,25,1.3979400086720377
DTXSID7020710,"1,2-Diphenylhydrazine",122-66-7,C12H12N2,184.100048,57,625,9,Inactive,-7.05455509960504e-8,2.981044533817271,0.12108569378601146,25,1.3979400086720377
DTXSID7021316,Tetradifon,116-29-0,C12H6Cl4O2S,353.884261,79,453,17,Inactive,-6.401641368655576e-8,6.896201917120662,0.2801136930865329,25,1.3979400086720377
DTXSID8021804,Benzocaine,94-09-7,C9H11NO2,165.078979,17,365,5,Inactive,-5.58874227994766e-8,1.06326656174437,0.04318834148492992,25,1.3979400086720377
DTXSID7024532,4-Methoxybenzenamine,104-94-9,C7H9NO,123.068414,19,334,6,Inactive,-5.5231600866735906e-8,16.024930767183605,0.6509093835416575,1.0915146559045703,0.03802957141093931
DTXSID7021491,Benzonitrile,100-47-0,C7H5N,103.042199,3,342,1,Inactive,-4.8478271317672384e-8,4.724395358350855,0.1918980690143527,25,1.3979400086720377
DTXSID7034250,Chlorfenvinphos,470-90-6,C12H14Cl3O4P,357.969529,129,472,27,Inactive,-4.713188841246487e-8,1.6096865379194427,0.06538312628707812,25,1.3979400086720377
DTXSID9024930,"3,4-Diaminotoluene",496-72-0,C7H10N2,122.084398,91,638,14,Inactive,-4.3390020474772356e-8,1.8577490707474977,0.07545906562614518,25,1.3979400086720377
DTXSID1021952,Triphenyl phosphate,115-86-6,C18H15O4P,326.070796,186,748,25,Inactive,-4.232928191165875e-8,10.676711193686845,0.4336724821031106,25,1.3979400086720377
DTXSID7047568,Metamitron,41394-05-2,C10H10N4O,202.085461,3,247,1,Inactive,-4.148397409776599e-8,14.402245125591914,0.5849982525673314,7.51540523406326,0.8759524029099812
DTXSID9025035,7-Diethylamino-4-methylcoumarin,91-44-1,C14H17NO2,231.125929,112,455,25,Inactive,-3.60898412001136e-8,13.001887264252986,0.528117752707173,44.02187222167577,1.6436685088727636
DTXSID1023817,Dicyclohexylcarbodiimide,538-75-0,C13H22N2,206.178299,191,454,42,Inactive,-3.4555387220397525e-8,6.687929627397864,0.2716539755575253,46.16438824602855,1.6643070848195385
DTXSID2027204,Methyl isothiocyanate,556-61-6,C2H3NS,72.998620,32,670,5,Inactive,-3.093830518356618e-8,2.993791900888545,0.12160347329861526,25,1.3979400086720377
DTXSID0041359,"2,4-Dichloro-3,5-dimethylphenol",133-53-9,C8H8Cl2O,189.995220,50,329,15,Inactive,-2.94721167208646e-8,12.44720288111688,0.5055872797127637,0.23323935550258854,-0.6321981673112578
DTXSID6042232,Hydroxycitronellal,107-75-5,C10H20O2,172.146330,7,358,2,Inactive,-2.8606014672125024e-8,19.29164257429288,0.7835984665377681,6.659069535984152,0.8234135499483393
DTXSID8021800,"N,N-Diethylaniline",91-66-7,C10H15N,149.120449,6,588,1,Inactive,-2.4389274794901665e-8,2.862186920421741,0.11625787037831543,25,1.3979400086720377
DTXSID0025991,4-Nitrosophenol,104-91-6,C6H5NO2,123.032028,32,441,7,Inactive,-2.225135289512396e-8,14.362838829717433,0.5833976261354316,0.2992562558253168,-0.5239567620844018
DTXSID4020296,4-Chloroaniline hydrochloride,20265-96-7,C6H7Cl2N,162.995555,16,249,6,Inactive,-1.9905314751943092e-8,9.397496359862128,0.3817126358485904,44.63389644458206,1.6496648014835038
DTXSID1041978,Flufenoxuron,101463-69-8,C21H11ClF6N2O3,488.036239,58,379,15,Inactive,-1.891959729116969e-8,7.366465411768186,0.29921511235943266,25,1.3979400086720377
DTXSID9027863,Polypropylene glycol,25322-69-4,(C3H6O)nH2O, ,2,358,1,Inactive,-1.847055338845974e-8,2.490099138420151,0.10114420578127309,3.75,0.5740312677277188
DTXSID4020791,Malathion,121-75-5,C10H19O6PS2,330.036068,134,775,17,Inactive,-1.8195057634780917e-8,15.934842699547636,0.6472501372446643,6.84267795075299,0.8352261004957753
DTXSID0025864,4-Ethoxyaniline,156-43-4,C8H11NO,137.084064,23,368,6,Inactive,-1.716419614971662e-8,3.429061999548144,0.1392835117155569,25,1.3979400086720377
DTXSID9020295,4-Chloroaniline,106-47-8,C6H6ClN,127.018877,22,607,4,Inactive,-1.4376575453821285e-8,5.476566815206983,0.222450179748114,25.399999999999995,1.404833716619938
DTXSID8024109,Flutolanil,66332-96-5,C17H16F3NO2,323.113313,95,683,14,Inactive,-1.1886550382157668e-8,0.2081720169741833,0.008455644595780276,25,1.3979400086720377
DTXSID4027608,Terbutylazine,5915-41-3,C9H16ClN5,229.109423,47,603,8,Inactive,-1.1533459932146512e-8,4.452340190916691,0.1808475837488231,24.999999999999996,1.3979400086720375
DTXSID5047160,Linalyl isovalerate,1118-27-0,C15H26O2,238.193280,18,331,5,Inactive,-1.0406516717740794e-8,3.663051003322684,0.14878780477086975,25,1.3979400086720377
DTXSID7021948,Propoxur,114-26-1,C11H15NO3,209.105193,25,663,4,Inactive,-9.662746919998948e-9,10.667643089699254,0.4333041489064055,0.1468105516119996,-0.8332427295549277
DTXSID5047322,SB243213A,200940-23-4,C22H20ClF3N4O2,464.122688,181,633,29,Inactive,-8.447417072766667e-9,0.37215849838364784,0.015116536993642394,23,1.3617278360175928
DTXSID1027635,"2,2,4-Trimethyl-1,3-pentanediol diisobutyrate",6846-50-0,C16H30O4,286.214409,29,634,5,Inactive,-8.315267281179667e-9,2.5084876221977193,0.10189111925090465,25,1.3979400086720377
DTXSID9022522,Diisobutyl phthalate,84-69-5,C16H22O4,278.151809,120,693,17,Inactive,-8.301577291942614e-9,2.6537230447574824,0.10779037090697918,25,1.3979400086720377
DTXSID7023645,Tetracycline,60-54-8,C22H24N2O8,444.153266,32,653,5,Inactive,-8.139220044550224e-9,5.877002394823594,0.2387152906595544,1.3898739098288195,0.14297540259263292
DTXSID8034586,Etoxazole,153233-91-1,C21H23F2NO2,359.169685,207,684,30,Inactive,-7.878672944677455e-9,4.618958697021524,0.18761538516219478,24.999999999999996,1.3979400086720375
DTXSID7024031,"(E)-1,2-Dichloroethylene",156-60-5,C2H2Cl2,95.953356,3,360,1,Inactive,-7.146314625487345e-9,7.360244167951205,0.2989624144828174,43.91784285292729,1.6426410003838017
DTXSID6040745,4-[3-(4-Acetyl-3-hydroxy-2-propylphenoxy)propoxy]phenoxy-acetic acid,79558-09-1,C22H26O7,402.167853,70,346,20,Inactive,-7.067980310144232e-9,19.146916790047833,0.7777199156488969,0.22797281533020275,-0.6421169374555592
DTXSID0047163,"6-Acetyl-1,2,3,4-tetrahydronaphthalene",774-55-0,C12H14O,174.104465,5,331,2,Inactive,-6.2573706362634765e-9,3.9576347933873715,0.16075336992544983,25,1.3979400086720377
DTXSID1042154,Methyl red,493-52-7,C15H15N3O2,269.116427,108,366,30,Inactive,-5.804870976071608e-9,0.8388537075356877,0.034073017698887154,25,1.3979400086720377
DTXSID1020142,"6-Phenyl-1,3,5-triazine-2,4-diamine",91-76-9,C9H9N5,187.085795,9,454,2,Inactive,-5.789232812572176e-9,2.7567706010897046,0.11197601278850534,25,1.3979400086720377
DTXSID9026500,2-(4-Tert-Butylbenzyl)propionaldehyde,80-54-6,C14H20O,204.151415,67,469,14,Inactive,-4.922993438944795e-9,8.416646151312033,0.3418719267766063,0.17221071770559165,-0.7639398232914754
DTXSID4047381,AVE8923,NOCAS_47381,C21H27BrClFN2O2S,504.064918,341,660,52,Inactive,-4.725167572586257e-9,8.064706156971056,0.3275766360144609,0.45885299025464255,-0.3383264337387417
DTXSID9021138,"1,4-Benzenediamine",106-50-3,C6H8N2,108.068748,66,382,17,Inactive,-4.372174762852738e-9,6.1059724908756206,0.24801572298191457,25,1.3979400086720377
DTXSID2020420,Propyzamide,23950-58-5,C12H11Cl2NO,255.021769,87,742,12,Inactive,-4.165983641533236e-9,5.727609283179474,0.23264715971918376,25,1.3979400086720377
DTXSID7041544,Tonalide,21145-77-7,C18H26O,258.198365,98,449,22,Inactive,-3.864718936793139e-9,6.066723754945161,0.2464214964058097,25,1.3979400086720377
DTXSID3034113,4-Hydroxyandrostenedione,566-48-3,C19H26O3,302.188195,40,348,11,Inactive,-3.85932149807125e-9,0.230005896919181,0.009342505047272806,25,1.3979400086720377
DTXSID1044851,2-Hydroxy-3-phenoxypropyl prop-2-enoate,16969-10-1,C12H14O4,222.089209,84,329,26,Inactive,-3.2917542453936967e-9,16.049234899072356,0.6518965820347467,6.814962339933996,0.8334634602287929
DTXSID3037757,10-Undecen-1-al,112-45-8,C11H20O,168.151415,12,446,3,Inactive,-2.4851457438438954e-9,15.362480634021168,0.6240016224992905,6.625793467231247,0.821237894353103
DTXSID5023324,Milrinone,78415-72-2,C12H9N3O,211.074562,7,332,2,Inactive,-2.1268639033169705e-9,2.5737621741152634,0.10454247662441758,25,1.3979400086720377
DTXSID4044379,Gold trichloride,13453-07-1,AuCl3,301.873127,133,329,40,Inactive,-1.86713658435132e-9,5.594649974367945,0.2272465459510503,1.0270028370244377,0.011571643307459821
DTXSID5020784,Lovastatin,75330-75-5,C24H36O5,404.256274,203,677,30,Inactive,-1.663899449445467e-9,12.41016174410088,0.5040827225941682,0.0669760177449954,-1.174080678277018
DTXSID0025812,Olivetol,500-66-3,C11H16O2,180.115030,73,329,22,Inactive,-1.5626017849333435e-9,6.1490147218245985,0.24976403580898965,25,1.3979400086720377
DTXSID3022455,Dimethyl phthalate,131-11-3,C10H10O4,194.057909,4,691,1,Inactive,-1.549176675025323e-9,7.812852165547939,0.317346693140983,0.05105827277122651,-1.2919338808481222
DTXSID2040363,Diniconazole,83657-24-3,C15H17Cl2N3O,325.074868,306,736,42,Inactive,-1.4174651882420556e-9,7.642111637069547,0.3104114611732396,44.668367917920484,1.6500000846144387
DTXSID7020766,Propham,122-42-9,C10H13NO2,179.094629,11,377,3,Inactive,-1.3550838868794717e-9,0.6232081008749492,0.025313806758490844,24.999999999999996,1.3979400086720375
DTXSID5041308,"2,2-Bis(4-chlorophenyl)ethanol",2642-82-2,C14H12Cl2O,266.026520,113,332,34,Inactive,-1.1552832044647842e-9,3.74240122408541,0.1520108953433626,25,1.3979400086720377
DTXSID5031131,Dipentyl phthalate,131-18-0,C18H26O4,306.183109,91,716,13,Inactive,-1.1205738900105703e-9,2.9776602534668557,0.12094822923976005,25,1.3979400086720377
DTXSID4020458,Chlorpyrifos,2921-88-2,C9H11Cl3NO3PS,348.926285,164,661,25,Inactive,-1.0581105557138119e-9,0.4718548593250464,0.019166058191862043,25,1.3979400086720377
DTXSID1048209,tert-Butyl phenyl ketone,938-16-9,C11H14O,162.104465,3,358,1,Inactive,-1.0247556638944962e-9,0.6416595029765881,0.026063275878947325,25,1.3979400086720377
DTXSID1020930,(-)-Nicotine,54-11-5,C10H14N2,162.115698,16,688,2,Inactive,-9.514942039101004e-10,13.518214760351697,0.5490902247305441,0.20903423675593286,-0.6797825769680634
DTXSID4021553,Decanal,112-31-2,C10H20O,156.151415,24,475,5,Inactive,-8.623179736260876e-10,0.45906991372239114,0.018646752293962024,25,1.3979400086720377
DTXSID7020479,Dimethoate,60-51-5,C5H12NO3PS2,228.999623,39,761,5,Inactive,-8.079018468861818e-10,3.2609640041674828,0.13245561559934518,25,1.3979400086720377
DTXSID6032649,Tetramethrin,7696-12-0,C19H25NO4,331.178358,142,717,20,Inactive,-7.12914716910121e-10,11.94384671091004,0.48514168408359737,6.7389921059102385,0.8285949476372267
DTXSID4032613,Fenitrothion,122-14-5,C9H12NO5PS,277.017381,145,787,18,Inactive,-6.83866082424179e-10,9.774436396449307,0.3970233919705185,0.1562202741267582,-0.806262604453577
DTXSID5044366,Dodecyltrimethylammonium bromide,1119-94-4,C15H34BrN,307.187463,107,329,33,Inactive,-5.836193322291715e-10,7.218045811165773,0.2931865240218498,0.14411271839442985,-0.8412976896594451
DTXSID9040001,Monomethyl phthalate,4376-18-5,C9H8O4,180.042259,15,698,2,Inactive,-5.563802776399168e-10,9.336248447737372,0.3792248347277282,0.9638231212053248,-0.01600265959587639
DTXSID3020625,Finasteride,98319-26-7,C23H36N2O2,372.277678,44,447,10,Inactive,-5.457884487186539e-10,1.1717932645418254,0.04759653832783682,25,1.3979400086720377
DTXSID6020779,Lithocholic acid,434-13-9,C24H40O3,376.297745,114,338,34,Inactive,-4.907219580525102e-10,8.684622886293337,0.3527567520469524,25,1.3979400086720377
DTXSID9020243,Captan,133-06-2,C9H8Cl3NO2S,298.934133,252,741,34,Inactive,-4.4893337615142405e-10,15.85180192866683,0.6438771418933498,0.29779653038207504,-0.5260803665055926
DTXSID7022174,O-Ethyl O-(p-nitrophenyl phenyl)phosphonothioate,2104-64-5,C14H14NO4PS,323.038116,101,651,16,Inactive,-4.274370651967816e-10,2.9021269421486853,0.11788017597817262,25,1.3979400086720377
DTXSID0041274,"1-Phenyl-1H-pyrrole-2,5-dione",941-69-5,C10H7NO2,173.047678,156,379,41,Inactive,-3.705790063558186e-10,11.15809129450697,0.45322544175244067,10.105337874197176,1.004550838825721
DTXSID1044487,Methyltrioctylammonium chloride,5137-55-3,C25H54ClN,403.394478,192,384,50,Inactive,-3.307635688000051e-10,7.748443748417442,0.31473051690294523,0.002290000197385479,-2.640164480226304
DTXSID0039223,Aldicarb,116-06-3,C7H14N2O2S,190.077599,27,732,4,Inactive,-3.190829107928631e-10,14.297395705935863,0.5807394216179471,0.9545098405846079,-0.02021958985851372
DTXSID0026098,"2,3,5,6-Tetrachloronitrobenzene",117-18-0,C6HCl4NO2,258.876139,10,331,3,Inactive,-1.5012096752407782e-10,5.852884448813564,0.23773565476609843,1.7500943120929655,0.24306145332508947
DTXSID4024276,Propargite,2312-35-8,C19H26O4S,350.155180,334,771,43,Inactive,-1.4179535955425064e-10,10.372334681179835,0.421309150803969,0.17884367921677777,-0.7475264042976965
DTXSID9020663,Glycerol,56-81-5,C3H8O3,92.047344,9,647,1,Inactive,-1.3298944500418195e-10,20.03377003974051,0.8137426049469693,6.5199486792724075,0.8142441772661964
DTXSID1021956,Di-n-octyl phthalate,117-84-0,C24H38O4,390.277010,19,609,3,Inactive,-1.3029731833960362e-10,10.224498709180493,0.41530426861150227,4.960640709003528,0.6955377729447081
DTXSID5024182,2-Methoxyethanol,109-86-4,C3H8O2,76.052429,3,706,0,Inactive,-1.1828726020071528e-10,4.3152455348318695,0.17527899818826842,0.4750745025902662,-0.3232382776875111
DTXSID7025132,"1,2-Dimethyl-3-nitrobenzene",83-41-0,C8H9NO2,151.063329,6,594,1,Inactive,-1.1142920960834632e-10,19.996957778647584,0.8122473444355267,6.740558305614491,0.8286958696815695
DTXSID3047504,Timolol maleate salt,26921-17-5,C17H28N4O7S,432.167870,1,250,0,Inactive,-9.46857531438811e-11,0.8952831055845908,0.03636509778530202,25,1.3979400086720377
DTXSID3024239,Oxadiazon,19666-30-9,C15H18Cl2N2O3,344.069448,225,745,30,Inactive,-9.317847626836126e-11,12.799891133238711,0.5199129636178152,0.4436824452817443,-0.3529277542180667
DTXSID4021135,C.I. Solvent Yellow 14,842-07-9,C16H12N2O,248.094963,174,657,26,Inactive,-8.743371955204361e-11,10.579567213361004,0.42972663489370083,4.960635835701367,0.6955373462963373
DTXSID4040268,Dinobuton,973-21-7,C14H18N2O7,326.111401,250,454,55,Inactive,-8.349196067333276e-11,9.754395433224477,0.3962093571888539,0.0826910923743604,-1.0825412708708768
DTXSID1040320,Bifenox,42576-02-3,C14H9Cl2NO5,340.985778,59,332,18,Inactive,-8.195911754266468e-11,9.49276678031936,0.3855823817807577,0.09656416636157764,-1.0151840044185014
DTXSID8024280,Propiconazole,60207-90-1,C15H17Cl2N3O2,341.069782,252,800,32,Inactive,-8.044371262768298e-11,12.429775852703644,0.504879419161837,14.230574259690798,1.1532224259298736
DTXSID6043915,"17-((1-Oxohexyl)oxy)pregn-4-ene-3,20-dione",630-56-8,C27H40O4,428.292660,161,407,40,Inactive,-6.991431916665743e-11,11.396528476396966,0.4629104133340498,4.96062838320522,0.6955366938436093
DTXSID0047111,Sclareol,515-03-7,C20H36O2,308.271530,123,331,37,Inactive,-5.074574725456682e-11,5.629989062534538,0.2286819683205838,3.3852297219242873,0.5295881452749052
DTXSID1040611,"3-Oxa-2,4-disilaheptan-1-ol, 2,2,4-trimethyl-4-(trimethylsiloxy)-, monoether with polyethylene glycol",27306-78-1,(C2H4O)nC11H30O3Si3, ,90,363,25,Inactive,-4.407721256402105e-11,6.494701448682633,0.26380532793977884,43.88306064168859,1.6422969100020781
DTXSID3041409,2-Chloro-N-phenylacetamide,587-65-5,C8H8ClNO,169.029442,133,365,36,Inactive,-4.370714974600026e-11,1.6168162398340271,0.06567272441049475,25,1.3979400086720377
DTXSID8042478,Tolylfluanid,731-27-1,C10H13Cl2FN2O2S2,345.977954,144,332,43,Inactive,-4.357755263321368e-11,7.763303795915648,0.31533411042213,0.4478809845626416,-0.3488373757665698
DTXSID8044337,Diquat-d4 dibromide,NOCAS_44337,C12H8D4Br2N2,345.961831,39,267,15,Inactive,-3.582091567689622e-11,11.040949889726257,0.44846732824288577,0.15451484125190637,-0.8110297999656736
DTXSID1027429,Cyclododecanol,1724-39-6,C12H24O,184.182715,34,361,9,Inactive,-3.575954317789456e-11,4.301261332077799,0.17471098020889508,25,1.3979400086720377
DTXSID7040990,Carbonyl cyanide chlorophenylhydrazone,555-60-2,C9H5ClN4,204.020274,126,247,51,Inactive,-3.238362807097474e-11,5.6260063422738895,0.2285201960154587,44.40457692727089,1.6474277365968972
DTXSID0037237,Glybenclamide,10238-21-8,C23H28ClN3O5S,493.143820,15,250,6,Inactive,-3.2176548858800674e-11,0.7650616235428481,0.031075690559078547,25,1.3979400086720377
DTXSID3044962,"3,3'-Sulphonyldianiline",599-61-1,C12H12N2O2S,248.061949,3,331,1,Inactive,-2.9392855900744403e-11,18.25943152680416,0.7416715548794874,6.623226955342701,0.8210696370888938
DTXSID0029214,Methylionone,1335-46-2,, ,24,365,7,Inactive,-2.3831458534334253e-11,0.7447036084492418,0.030248777591576223,25.000000000000004,1.3979400086720377
DTXSID9040269,Binapacryl,485-31-4,C15H18N2O6,322.116486,228,437,52,Inactive,-2.3731907945639385e-11,9.043287529319688,0.36732518825939175,4.965878149251863,0.6959960588035676
DTXSID6027131,"1H-1,2,4-Triazole",288-88-0,C2H3N3,69.032697,23,591,4,Inactive,-2.365316403234288e-11,8.128598242869913,0.330171839628743,1.3128204348371697,0.11820532815164156
DTXSID5026251,Triphenylphosphine,603-35-0,C18H15P,262.091137,40,361,11,Inactive,-2.3055844007897298e-11,3.7495836213044074,0.15230263387341247,25,1.3979400086720377
DTXSID8043941,N-Formylpiperidine,2591-86-8,C6H11NO,113.084064,1,334,0,Inactive,-2.2684453302682228e-11,12.799830113898212,0.5199104851009414,0.21079897187366,-0.6761315116316211
DTXSID0020365,Cyclosporin A,59865-13-3,C62H111N11O12,1201.841368,170,482,35,Inactive,-2.2486935830694533e-11,3.3446950718324793,0.13585664980217102,10.85,1.0354297381845483
DTXSID8020674,Griseofulvin,126-07-8,C17H17ClO6,352.071366,62,443,14,Inactive,-2.091954367676123e-11,10.181736458796996,0.4135673281878359,0.21578564309648984,-0.6659774536817845
DTXSID9020374,"p,p'-DDE",72-55-9,C14H8Cl4,315.938011,232,712,33,Inactive,-1.7351292008211344e-11,5.251642396585893,0.2133140769595807,0.03860778990827348,-1.4133250587259487
DTXSID7034961,Thiacloprid,111988-49-9,C10H9ClN4S,252.023645,24,742,3,Inactive,-1.6290479644431326e-11,9.869444575820765,0.4008824860511452,0.1432266134696517,-0.8439762766571972
DTXSID4021268,Simazine,122-34-9,C7H12ClN5,201.078123,21,695,3,Inactive,-1.1303317888762506e-11,2.9457256257109807,0.11965109110118062,25,1.3979400086720377
DTXSID8047349,AVE8488,NOCAS_47349,C23H25ClFN3O4,461.151762,194,625,31,Inactive,-6.787945722677738e-12,6.585019824390111,0.2674739290157116,0.04025843855836003,-1.3951430734274584
DTXSID7047649,4-Methoxybenzyl formate,122-91-8,C9H10O3,166.062994,2,249,1,Inactive,-6.634225562931908e-12,9.087113936359,0.3691053531788698,0.25786959101673834,-0.5885998685339444
DTXSID2024242,Paclobutrazol,76738-62-0,C15H20ClN3O,293.129490,95,696,14,Inactive,-2.5976675959689914e-12,13.972938833385664,0.567560455295672,0.2003191677567832,-0.6982774927797056
DTXSID5035616,Sodium 2-nitrophenolate,824-39-5,C6H4NNaO3,161.008887,3,363,1,Inactive,-2.4945817269457867e-12,6.991643648766619,0.2839903974300573,0.0743685068931211,-1.1286109378158353
DTXSID5027356,Tris(2-methoxyethoxy)vinylsilane,1067-53-4,C11H24O6Si,280.134215,10,358,3,Inactive,-1.8828664743943738e-12,4.7786519007906705,0.19410189086579702,0.6771121617907953,-0.16933938565435774
DTXSID7021946,1-Decanol,112-30-1,C10H22O,158.167065,23,608,4,Inactive,-1.6678702179838308e-12,7.340962712671217,0.2981792298093595,13.997713244680313,1.1460570923686662
DTXSID3042633,Clomipramine hydrochloride,17321-77-6,C19H24Cl2N2,350.131654,133,332,40,Inactive,-1.1225485742367434e-12,6.355559963842869,0.25815360317179475,0.09390544129699269,-1.0273092420598526
DTXSID4038922,Tetrabromobisphenol A bis(2-hydroxyethyl) ether,4162-45-2,C19H20Br4O4,627.809511,235,456,52,Inactive,-6.612803163702359e-13,7.668623328355946,0.3114883275187227,0.07708374621389916,-1.1130371871083171
DTXSID5047249,Fandosentan potassium salt,221246-12-4,C25H17F3KNO6S,555.036574,147,635,23,Inactive,-6.072328732815494e-13,2.5578991855480857,0.10389814509753607,25.000000000000004,1.3979400086720377
DTXSID6024177,Methamidophos,10265-92-6,C2H8NO2PS,141.001337,10,742,1,Inactive,-5.692790621999672e-13,15.213020633054159,0.6179307746118977,0.14423231836239442,-0.8409374156648879
DTXSID3020257,"1,​2-​Benzenediol",120-80-9,C6H6O2,110.036779,117,603,19,Inactive,-5.009944891169696e-13,22.445096047163528,0.9116871607027963,6.025379118767906,0.7799843780533606
DTXSID7044841,Bisphenol A glycidyl methacrylate,1565-94-2,C29H36O8,512.241018,120,331,36,Inactive,-4.63952771293816e-13,9.539049747282194,0.3874623285918822,0.11928836692216353,-0.9234019069403028
DTXSID9047338,HMR1426,262376-75-0,C16H12ClNOS,301.032813,177,642,28,Inactive,-4.524763796345063e-13,3.0115950861903054,0.12232661279532857,25.000000000000004,1.3979400086720377
DTXSID8044593,1-Benzylquinolinium chloride,15619-48-4,C16H14ClN,255.081477,130,624,21,Inactive,-2.298327712559029e-13,5.783726976589919,0.23492657881648024,0.16660700054433192,-0.7783067542263579
DTXSID8034665,Imazapyr,81334-34-1,C13H15N3O3,261.111341,9,685,1,Inactive,-2.2591174034125278e-13,3.975921865853872,0.16149616421510304,25,1.3979400086720377
DTXSID9044164,4-Pentylphenol,14938-35-3,C11H16O,164.120115,155,335,46,Inactive,-1.9761629488354917e-13,4.716962094309727,0.1915961406388104,4.053438189174354,0.6078235548529447
DTXSID9032589,Bromadiolone,28772-56-7,C30H23BrO4,526.077972,210,489,43,Inactive,-1.772174424498516e-13,8.103179609799117,0.32913937171840013,4.742364038301226,0.6759948886883854
DTXSID5041512,4-Chlorophenylurea,140-38-5,C7H7ClN2O,170.024691,3,370,1,Inactive,-1.5704625343212739e-13,8.4232380200468,0.3421396788984015,5.862671181567984,0.7680955366826299
DTXSID3040722,4-Cyclohexylcyclohexanol,2433-14-9,C12H22O,182.167065,38,627,6,Inactive,-1.5105174464624655e-13,4.992604624731188,0.20279233937196903,0.7436065739878226,-0.1286567794245942
DTXSID1020433,"3,3'-Dichlorobenzidine dihydrochloride",612-83-9,C12H12Cl4N2,323.975459,155,487,32,Inactive,-1.2269984439433147e-13,8.358399928394881,0.3395060499061569,13.233842877731583,1.1216859740631127
DTXSID2047351,SSR 240612,464930-42-5,C42H53ClN4O7S,792.332349,347,656,53,Inactive,-1.0721910491221789e-13,10.771319454763697,0.4375153320841907,0.21101518691736143,-0.6756862870859253
DTXSID4047387,SAR102779,NOCAS_47387,C35H38Cl2FN3O7,701.207084,317,653,49,Inactive,-5.671927193522632e-14,11.884593262979763,0.48273489519786955,4.961204222720106,0.6955871046767669
DTXSID1033161,Aldicarb sulfoxide,1646-87-3,C7H14N2O3S,206.072513,13,368,4,Inactive,-4.248849137506143e-14,0.5591965852597821,0.02271375208281262,25,1.3979400086720377
DTXSID4042129,Phenylmercuric chloride,100-56-1,C6H5ClHg,313.978621,159,247,64,Inactive,-3.340355057025334e-14,8.95457634745933,0.36372186906027076,0.18340502587944205,-0.7365887674566111
DTXSID8023892,Abamectin,71751-41-2,, ,435,803,54,Inactive,-3.235679021422064e-14,7.229147831169346,0.29363747192930606,0.45067199741278063,-0.34613942605798853
DTXSID1023869,Ametryn,834-12-8,C9H17N5S,227.120467,64,674,9,Inactive,-2.6031368002765542e-14,8.401054417992185,0.341238613243399,46.14850405569865,1.6641576275529346
DTXSID3025881,"1,2-Phenylenediamine",95-54-5,C6H8N2,108.068748,169,640,26,Inactive,-2.4881486404266574e-14,14.473974751682078,0.5879118056664583,0.4335014031744505,-0.3630094924439768
DTXSID2022678,Bicalutamide,90357-06-5,C18H14F4N2O4S,430.061041,60,409,15,Inactive,-1.142741317517836e-14,6.7263164776130235,0.27321319358927015,0.0533093439239265,-1.2731966622878617
DTXSID5037494,Desethylatrazine,6190-65-4,C6H10ClN5,187.062473,3,372,1,Inactive,-1.1236501657265109e-14,9.826990297301604,0.39915805499674073,0.6330161428620944,-0.1985852146800595
DTXSID3032751,"1,3-Diiminobenz(f)isoindoline",65558-69-2,C12H9N3,195.079647,137,247,55,Inactive,-1.1148998908383678e-14,2.3067689504199733,0.09369760015224018,25,1.3979400086720377
DTXSID2032421,Lithium perfluorooctanesulfonate,29457-72-5,C8F17LiO3S,505.945672,15,247,6,Inactive,-5.2897082960178775e-15,10.37445715932725,0.4213953627797077,6.188337798261958,0.791574012189108
DTXSID1024091,S-Ethyl dipropylthiocarbamate,759-94-4,C9H19NOS,189.118735,14,743,2,Inactive,-5.173182480877408e-15,15.065458878100195,0.6119370307170348,6.604330771902364,0.8198288163797559
DTXSID2042276,o-Ethoxyphenol,94-71-3,C8H10O2,138.068080,11,361,3,Inactive,-4.785951314529729e-15,6.640825412781749,0.2697406708610222,0.05432604380018445,-1.2649919205563498
DTXSID2023016,Ethisterone,434-03-7,C21H28O2,312.208930,30,332,9,Inactive,-3.765765945552714e-15,7.538766203864711,0.3062137199663346,45.37350246876606,1.6568023045943876
DTXSID8023927,p-Bromodiphenyl ether,101-55-3,C12H9BrO,247.983678,56,602,9,Inactive,-3.371138043723389e-15,4.7562598709528086,0.19319235917734465,0.12007436845154976,-0.9205496889174266
DTXSID4027494,"2,3-Diaminotoluene",2687-25-4,C7H10N2,122.084398,144,632,23,Inactive,-2.4821026090330866e-15,8.27260996993789,0.3360213865534977,6.856208479200137,0.8360840148646218
DTXSID6024460,C.I. Solvent Yellow 1,60-09-3,C12H11N3,197.095297,197,638,31,Inactive,-2.123036618621746e-15,10.70441795217039,0.4347978903402178,2.4099185862331765,0.3820023711446136
DTXSID4034653,Hexaconazole,79983-71-4,C14H17Cl2N3O,313.074868,275,725,38,Inactive,-1.6717912620684178e-15,4.71265968360726,0.19142138297284778,0.13466997582215628,-0.870729217849317
DTXSID6022345,"o,p'-DDT",789-02-6,C14H9Cl5,351.914689,287,710,40,Inactive,-1.485334897568566e-15,8.587079260477726,0.3487946718189318,0.4572846273502983,-0.3398133981582534
DTXSID3034165,Nilutamide,63612-50-0,C12H10F3N3O4,317.062340,116,648,18,Inactive,-1.4310425693487719e-15,6.478785500919415,0.26315884528736994,0.002914620019123545,-2.5354180564639797
DTXSID3024154,Iprodione,36734-19-7,C13H13Cl2N3O3,329.033397,116,742,16,Inactive,-1.2136813801424442e-15,4.45004810215633,0.1807544824366424,0.051737409639338656,-1.2861953190965398
DTXSID3032622,Hymexazol,10004-44-1,C4H5NO2,99.032028,2,331,1,Inactive,-1.0664428130379358e-15,6.77676776264221,0.2752624514184822,0.10316739647344392,-0.986457529150907
DTXSID4047709,Cananga oil,68606-83-7,, ,57,331,17,Inactive,-8.591514307671233e-16,6.985408989765653,0.28373715464817756,0.21092318949774636,-0.6758756700600967
DTXSID6038877,3-Hydroxy-2-naphthoic o-anisidide,135-62-6,C18H15NO3,293.105193,124,344,36,Inactive,-4.731469026776612e-16,13.220276941084494,0.5369884237873477,1.0160224968539617,0.0069033242386170035
DTXSID6035152,"1-(Hydroxymethyl)-5,5-dimethylhydantoin",116-25-6,C6H10N2O3,158.069142,11,592,2,Inactive,-4.653532196232273e-16,7.011559607575176,0.2847993547141203,0.2054946797007226,-0.687199417615302
DTXSID2027206,3-Methyl-2-buten-1-ol,556-82-1,C5H10O,86.073165,1,336,0,Inactive,-3.7570481085258385e-16,3.8766813379146337,0.15746515829053695,0.23637720113016553,-0.6263944140041899
DTXSID6047109,Hydrotropic aldehyde dimethyl acetal,90-87-9,C11H16O2,180.115030,2,331,1,Inactive,-2.692716067436103e-16,2.295225827419328,0.09322873528251595,1.1640520792008737,0.06597241090115527
DTXSID5021754,"5,5-Dimethylhydantoin",77-71-4,C5H8N2O2,128.058578,6,598,1,Inactive,-2.544287991741016e-16,6.243740568464305,0.25361166194463436,0.8402542922885639,-0.07558926033723919
DTXSID4047545,3-Thiatetradecanoic acid,116296-31-2,C13H26O2S,246.165351,71,329,22,Inactive,-2.2975807118850683e-16,14.710329221068989,0.5975121804949723,12.148107646153276,1.0845086316100105
DTXSID0041567,"(9Z,12R)-12-Hydroxyoctadec-9-enoic acid",141-22-0,C18H34O3,298.250795,67,372,18,Inactive,-2.2801693101326365e-16,5.139831431335878,0.2087724781519825,0.03999709813707436,-1.397971516391336
DTXSID4041367,"2,4-Dinitrophenyl thiocyanate",1594-56-5,C7H3N3O4S,224.984427,164,329,50,Inactive,-1.915870241161166e-16,9.655013815282992,0.39217262039357637,0.20722133767594886,-0.6835655271227518
DTXSID1038666,Chlorpyrifos oxon,5598-15-2,C9H11Cl3NO4P,332.949128,228,768,30,Inactive,-1.6472358192836428e-16,8.555982977435054,0.34753158602344164,0.07325385149165782,-1.1351695363308392
DTXSID2024585,Benzo(f)quinoline,85-02-9,C13H9N,179.073499,70,444,16,Inactive,-1.3010793423135766e-16,14.414023208432315,0.5854766611640566,6.151374849358953,0.7889721926468786
DTXSID0020442,"2,4-Dichlorophenoxyacetic acid",94-75-7,C8H6Cl2O3,219.969400,32,733,4,Inactive,-1.1693514380096029e-16,15.490614149457691,0.6292062195584309,6.240421590301132,0.7952139307331489
DTXSID5044520,Tetrabromophenolphthalein ethyl ester,1176-74-5,C22H14Br4O4,657.762561,183,464,39,Inactive,-9.169092535436302e-17,8.953431250419767,0.3636753568837786,0.055448881362338893,-1.2561072109767497
DTXSID0032493,Triadimenol,55219-65-3,C14H18ClN3O2,295.108754,116,733,16,Inactive,-9.057451671640452e-17,7.176388964271565,0.2914944834803877,6.1364277484572956,0.7879156251130002
DTXSID3020207,Dinoseb,88-85-7,C10H12N2O5,240.074621,255,626,41,Inactive,-8.708415615780036e-17,10.891584971904834,0.44240034249459226,6.209715518921981,0.7930717046222541
DTXSID1048178,FR130739,136042-19-8,C24H22N7Na,431.183438,99,621,16,Inactive,-8.247911618871468e-17,5.723379053749625,0.2324753339515454,0.03990555512206422,-1.3989666433877186
DTXSID8047185,Isopentyl benzoate,94-46-2,C12H16O2,192.115030,2,357,1,Inactive,-6.45785740306372e-17,7.925048103373586,0.3219039289747578,0.07234886808930407,-1.1405682591049253
DTXSID2038788,"1,4-Cyclohexanedicarboxylic acid",1076-97-7,C8H12O4,172.073559,7,366,2,Inactive,-3.8709667955194494e-17,8.16154396575264,0.3315100469809923,0.06152750296660672,-1.2109307099701405
DTXSID7024160,Lactofen,77501-63-4,C19H15ClF3NO7,461.048914,141,742,19,Inactive,-3.254185925197793e-17,5.3730332328837065,0.21824479619763348,0.15640829749523055,-0.805740211245443
DTXSID7026994,n-Dodecylbenzene,123-01-3,C18H30,246.234751,12,605,2,Inactive,-3.233395272377191e-17,13.219829201101206,0.5369702372403514,6.079233500782099,0.783848824771781
DTXSID3042261,Pencycuron,66063-05-6,C19H21ClN2O,328.134241,61,247,25,Inactive,-2.267027573369889e-17,6.2322286684342485,0.2531440653065695,0.04759734667610467,-1.3224172564400976
DTXSID6044519,"1,1,3,3,5-Pentamethyl-4,6-dinitro-2,3-dihydro-1H-indene",116-66-5,C14H18N2O4,278.126657,72,445,16,Inactive,-1.7052189203632388e-17,5.210728832996113,0.2116522275050263,0.048852071735497035,-1.3111170138445787
DTXSID7031458,Indole-3-carbinol,700-06-1,C9H9NO,147.068414,92,466,20,Inactive,-1.5086023895391095e-17,3.497364529258009,0.14205786114356367,0.4088768607763257,-0.3884074664119294
DTXSID9024063,"2,6-Dimethylphenol",576-26-1,C8H10O,122.073165,8,601,1,Inactive,-1.302658159761506e-17,2.434880549306016,0.0989013069929722,0.2881525436494936,-0.5403775423569157
DTXSID3020964,Nitrobenzene,98-95-3,C6H5NO2,123.032028,8,601,1,Inactive,-6.879457481235033e-18,8.579335779104944,0.3484801428665107,0.2793685287449379,-0.5538225193465007
DTXSID2041759,Quaternium 17,124-03-8,C20H44BrN,377.265713,293,464,63,Inactive,-6.665394127295279e-18,11.013724949535064,0.4473614907641306,5.839759225166072,0.7663949414039418
DTXSID4022731,Carbamazepine,298-46-4,C15H12N2O,236.094963,30,659,5,Inactive,-3.501556744723775e-18,5.880363569492975,0.23885181668664354,1.8706720125324576,0.2719976487325419
DTXSID8024072,Diphenamid,957-51-7,C16H17NO,239.131014,10,366,3,Inactive,-3.187722982047201e-18,6.774270028717041,0.27516099709876607,4.96078572884771,0.6955504689654858
DTXSID3026691,Triacetin,102-76-1,C9H14O6,218.079038,4,594,1,Inactive,-3.1283135581647357e-18,9.298661068541419,0.3776980900461545,6.644014457165031,0.8224305687914227
DTXSID0032520,Azoxystrobin,131860-33-8,C22H17N3O5,403.116821,274,883,31,Inactive,-3.090825724439537e-18,5.631814079254855,0.22875609784573644,5.9743930901538045,0.7762937939742252
DTXSID0048189,Lauryl gallate,1166-52-5,C19H30O5,338.209324,191,376,51,Inactive,-3.0806950647830007e-18,4.506020520707188,0.18302800068040814,0.20990218932370486,-0.677983031611761
DTXSID0026838,Isopropyl tetradecanoate,110-27-0,C17H34O2,270.255880,1,369,0,Inactive,-2.84144792101523e-18,2.7308827571930436,0.11092448621676466,0.32295021840742105,-0.4908644174125
DTXSID3035266,(Z)-Tetradec-11-enyl acetate,20711-10-8,C16H30O2,254.224580,0,249,0,Inactive,-2.0669869007415077e-18,6.84797859095996,0.27815493170655425,0.4466435193707441,-0.35003896307883386
DTXSID0023878,Anthracene,120-12-7,C14H10,178.078250,39,661,6,Inactive,-1.924696041240331e-18,5.52392526323646,0.2243738110361495,0.0022900002586946763,-2.6401644685991235
DTXSID6047315,PharmaGSID_47315,444610-91-7,C33H34F3N3O4S2,657.194283,378,644,59,Inactive,-1.6822285317235018e-18,8.532871557554255,0.3465928337576166,0.06919435342141002,-1.15992934453138
DTXSID6025068,Dihexyl phthalate,84-75-3,C20H30O4,334.214409,55,622,9,Inactive,-1.468554871279618e-18,5.566688042394709,0.22611077293787732,0.2929745033736395,-0.5331701732498059
DTXSID2041622,Benfuracarb,82560-54-1,C20H30N2O5S,410.187543,104,452,23,Inactive,-1.1873546493057393e-18,6.374090629628655,0.2589062918678322,0.30174569529914225,-0.5203589168268481
DTXSID9047679,2-Pentylfuran,3777-69-3,C9H14O,138.104465,38,334,11,Inactive,-7.041598090045429e-19,7.362907422501984,0.29907059200963787,0.6700133173324389,-0.17391656508049744
DTXSID0047242,"2,4-Diaminoanisole sulfate hydrate (1:1:x)",123333-56-2,, ,74,247,30,Inactive,-6.326065952939362e-19,6.1513393095590825,0.24985845718223762,5.966664661702525,0.775731630325313
DTXSID7021029,N-Nitrosodimethylamine,62-75-9,C2H6N2O,74.048013,6,594,1,Inactive,-5.981471344064252e-19,3.524899111893701,0.14317627584811748,0.03261315284368954,-1.4866072141830495
DTXSID8021640,Nonanedioic acid,123-99-9,C9H16O4,188.104859,0,360,0,Inactive,-3.2695282119996693e-19,7.274903316865555,0.29549599321846876,0.06023675707210036,-1.220138417013241
DTXSID7027540,N-Butylbenzenesulfonamide,3622-84-2,C10H15NO2S,213.082350,17,420,4,Inactive,-2.665431427360215e-19,2.710700183493379,0.11010469942354897,0.05481183755969758,-1.2611256380179374
DTXSID7021653,Pentanal,110-62-3,C5H10O,86.073165,13,608,2,Inactive,-2.4661787278171624e-19,7.778338756009447,0.31594480863658153,0.2898149333665705,-0.5378792402878756
DTXSID9047629,2-Methylundecanal,110-41-8,C12H24O,184.182715,36,331,11,Inactive,-2.23113396561192e-19,3.519382975975489,0.1429522184289486,44.96705918076953,1.6528944858929004
DTXSID5047324,SB281832,219790-72-4,C22H19FN4O3,406.144119,63,598,11,Inactive,-1.4575746796805736e-19,5.85902347287082,0.23798501299564156,6.075684298873403,0.7835951992231232
DTXSID0047533,Tri-n-octyl trimellitate,89-04-3,C33H54O6,546.392039,10,601,2,Inactive,-8.896573755940571e-20,3.0114283417728127,0.12231983987957773,5.944719881116261,0.7741313952117923
DTXSID3047558,2-(Perfluorohexyl)ethyl methacrylate,2144-53-8,C12H9F13O2,432.039496,10,708,1,Inactive,-5.200802723273262e-20,2.4247765289154284,0.0984908963784566,0.5427254789965463,-0.2654197893881662
DTXSID3047344,Cariporide mesylate,159138-81-5,C13H21N3O6S2,379.087178,76,622,12,Inactive,-2.82303902798567e-20,8.361381925434506,0.33962717428934364,4.697025030372789,0.6718228745379046
DTXSID3033307,Cetylpyridinium bromide,140-72-7,C21H38BrN,383.218763,169,332,51,Inactive,-1.889874689307326e-20,9.571632947239042,0.3887858107900804,1.5750340463861223,0.19728994606073655
DTXSID7041883,Dinoterb,1420-07-1,C10H12N2O5,240.074621,83,247,34,Inactive,-1.6028925338681873e-20,5.742792681817194,0.23326388729142292,0.335373491690194,-0.47447126751299384
DTXSID6046979,"1-(2,6-Dichlorophenyl)-2-indolinone",15362-40-0,C14H9Cl2NO,277.006119,55,329,17,Inactive,0,18.66423771681257,0.7581141936290917,6.450330087104244,0.809581939649199
DTXSID7034252,Tepraloxydim,149979-41-9,C17H24ClNO4,341.139386,8,662,1,Inactive,0,-2.4505194438603795,0.09953653614694144,1.3464314345835946,0.12918424238163592
DTXSID9036515,Testosterone propionate,57-85-2,C22H32O3,344.235145,263,673,39,Inactive,0,3.008786398676912,0.12221252799306236,0.08958622855474932,-1.0477587461677198
DTXSID8024101,Tribenuron-methyl,101200-48-0,C15H17N5O6S,395.089954,9,521,2,Inactive,0,2.3484805777586755,0.09539186579569331,0.04785856790683065,-1.3200403011146913
DTXSID4022448,Metolachlor,51218-45-2,C15H22ClNO2,283.133907,105,759,14,Inactive,0,-5.048132722466427,0.2050478099503569,0.14927409032149655,-0.826015566735083
DTXSID0022018,Disulfoton,298-04-4,C8H19O2PS3,274.028480,55,742,7,Inactive,0,-3.9700184048260967,0.16125637421325037,0.05702133741962606,-1.2439626006506928
DTXSID7023980,Chlorsulfuron,64902-72-3,C12H12ClN5O4S,357.029853,8,511,2,Inactive,0,-8.902917442463188,0.36162355946417973,0.2119951819695558,-0.6736740092024417
DTXSID6032352,Chlorpyrifos-methyl,5598-13-0,C7H7Cl3NO3PS,320.894984,119,822,14,Inactive,0,-3.273809315222569,0.1329773734541366,0.061970654568090505,-1.2078139165692434
DTXSID9034492,Cyazofamid,120116-88-3,C13H13ClN4O2S,324.044775,310,767,40,Inactive,0,4.893685400388118,0.19877438433222425,1.1000850496814385,0.04142626259411564
DTXSID4032580,Trifloxystrobin,141517-21-7,C20H19F3N2O4,408.129692,233,768,30,Inactive,0,16.204927783967246,0.6582206006031318,6.357982408112576,0.8033193219319777
DTXSID6021086,Oxamyl,23135-22-0,C7H13N3O3S,219.067762,31,687,5,Inactive,0,-13.99598670805618,0.5684966264474658,6.273799799696131,0.797530656013866
DTXSID5037523,Diazoxon,962-58-3,C12H21N2O4P,288.123894,29,726,4,Inactive,0,-7.921815933085099,0.3217726429180162,0.06812451393184947,-1.1666965833937406
DTXSID8024315,Myclobutanil,88671-89-0,C15H17ClN4,288.114174,125,722,17,Inactive,0,-9.329137594205307,0.3789360021981993,6.333002447315933,0.8016096558554571
DTXSID9023889,Quizalofop-ethyl,76578-14-8,C19H17ClN2O4,372.087685,50,661,8,Inactive,0,-16.56568087270894,0.6728738664434105,6.444340662425215,0.8091784901427368
DTXSID2032550,"Fenpyroximate (Z,E)",111812-58-9,C24H27N3O4,421.200156,295,756,39,Inactive,0,-10.718669560673492,0.4353767699522426,6.359603640820802,0.8034300493011763
DTXSID7022253,Resmethrin,10453-86-8,C22H26O3,338.188195,150,725,21,Inactive,0,-10.036194264056162,0.4076556158918891,0.4198520322272686,-0.3769037403394099
DTXSID0032601,Cyproconazole,94361-06-5,C15H18ClN3O,291.113840,104,715,15,Inactive,0,5.491958041848758,0.22307534899164444,0.15957111135524876,-0.7970457302447658
DTXSID5024344,Tri-allate,2303-17-5,C10H16Cl3NOS,303.001818,164,760,22,Inactive,0,5.125426376090216,0.20818736575642452,0.3115904383939374,-0.5064158777532088
DTXSID6024206,Molinate,2212-67-1,C9H17NOS,187.103085,29,724,4,Inactive,0,-10.70111475291913,0.4346637191903021,6.540226432923179,0.8155927845424202
DTXSID9020247,Carbaryl,63-25-2,C12H11NO2,201.078979,104,752,14,Inactive,0,-4.359263099613987,0.17706692765726847,0.7361442208956113,-0.1330370929950159
DTXSID5035957,Cyfluthrin,68359-37-5,C22H18Cl2FNO3,433.064777,137,823,17,Inactive,0,-7.004042887947239,0.284494036494007,0.19892790751429712,-0.7013042856072756
DTXSID7023063,Flufenamic acid,530-78-9,C14H10F3NO2,281.066363,52,332,16,Inactive,0,-7.255716139834836,0.29471663799039216,6.495006196424139,0.8125795697387661
DTXSID1021372,"3,4,4'-Triaminodiphenyl ether",6264-66-0,C12H13N3O,215.105862,62,329,19,Inactive,0,10.291820837250551,0.4180387955506471,6.168132584277878,0.7901537003219887
DTXSID6034712,Mesosulfuron-methyl,208465-21-8,C17H21N5O9S2,503.078070,2,260,1,Inactive,0,14.082871153821614,0.5720257462829381,0.9295732581821908,-0.0317163784896323
DTXSID2021781,"Dibutyl 1,2-benzenedicarboxylate",84-74-2,C16H22O4,278.151809,102,826,12,Inactive,0,10.338166655929808,0.41992129530709066,6.4560392456627005,0.8099661617578406
DTXSID4022361,Vinclozolin,50471-44-8,C12H9Cl2NO3,284.995949,112,836,13,Inactive,0,-5.246473994678392,0.21310414399023545,0.24502677984904253,-0.6107864474514612
DTXSID6024200,m-Cresol,108-39-4,C7H8O,108.057515,3,371,1,Inactive,0,-3.898284108819489,0.15834263142890873,1.6324130335084004,0.21283005360808288
DTXSID2034700,"Acetic acid, 2-(4-chloro-2-methylphenoxy)-, sodium salt (1:1)",3653-48-3,C9H8ClNaO3,222.005966,3,360,1,Inactive,0,-11.291190641175518,0.45863174365467646,1.100551071973879,0.04161020114814061
DTXSID1041970,Fenchol,1632-73-1,C10H18O,154.135765,12,362,3,Inactive,0,-5.6030240371812035,0.2275866882045619,0.122065309798556,-0.9134077423094871
DTXSID9032533,Chlorfenapyr,122453-73-0,C15H11BrClF3N2O,405.969538,238,435,55,Inactive,0,-4.659155676188318,0.18924812799957885,6.143646038268866,0.7884261861811884
DTXSID7028015,Tripropylene glycol diacrylate,42978-66-5,, ,200,445,45,Inactive,0,5.513681339112809,0.22395771773545156,5.88030317146812,0.7693997176240067
DTXSID5021413,"Tris(2,3-dibromopropyl) phosphate",126-72-7,C9H15Br6O4P,691.580824,142,487,29,Inactive,0,-3.5034917308594467,0.14230673916214423,0.132191127805112,-0.8787976921619065
DTXSID2025395,Hexamethyldisilazane,999-97-3,C6H19NSi2,161.105603,4,363,1,Inactive,0,4.778340703716129,0.19408925049318682,6.152768333355583,0.789070563155732
DTXSID5025021,Dicyclohexyl phthalate,84-61-7,C20H26O4,330.183109,170,497,34,Inactive,0,-2.731673863653268,0.1109566198107141,0.31300994209447347,-0.504441867794782
DTXSID5021590,Dodecanoic acid,143-07-7,C12H24O2,200.177630,33,363,9,Inactive,0,17.082067306274325,0.6938487324209685,6.46160047949507,0.8103401021009022
DTXSID4027282,Phenyl phosphorus dichloride,644-97-3,C6H5Cl2P,177.950593,3,367,1,Inactive,0,-10.499474768828229,0.4264733962710459,1.1739290414165036,0.06964184661124846
DTXSID8037754,"2,4,6-Tris(allyloxy)-1,3,5-triazine",101-37-1,C12H15N3O3,249.111341,25,375,7,Inactive,0,-7.602067527717809,0.3087849276854325,6.781057130458001,0.8312974033267426
DTXSID7025502,Linalool,78-70-6,C10H18O,154.135765,7,486,1,Inactive,0,3.9622663435726553,0.1609414967585541,0.11575753865950623,-0.9364507161492029
DTXSID0020151,Benzyl acetate,140-11-4,C9H10O2,150.068080,13,365,4,Inactive,0,-4.932596207585915,0.2003548847346405,0.07665565095631233,-1.1154558239970525
DTXSID8022589,Aminoglutethimide,125-84-8,C13H16N2O2,232.121178,10,383,3,Inactive,0,-9.497760726050984,0.3857852285939414,6.4871292962541975,0.8120525540255142
DTXSID2020212,4-Methyl-2-tert-butylphenol,2409-55-4,C11H16O,164.120115,177,480,37,Inactive,0,2.5821435479917634,0.10488291584268596,4.899538413620332,0.6901551669958179
DTXSID1021790,2-Nitrophenol,88-75-5,C6H5NO3,139.026943,6,362,2,Inactive,0,2.9111159164991425,0.11824529504409144,0.12343610559771886,-0.908557788695566
DTXSID5026548,"2,4,6-Tris(dimethylaminomethyl)phenol",90-72-2,C15H27N3O,265.215413,4,357,1,Inactive,0,10.401714721114399,0.4225025253002507,6.459323410492604,0.8101870296857496
DTXSID1033371,Cyclopentanol,96-41-3,C5H10O,86.073165,4,362,1,Inactive,0,-3.2301842669076644,0.13120538743321852,0.21192901006662546,-0.6738095904835903
DTXSID6041682,Bromophenol blue,115-39-9,C19H10Br4O5S,665.698247,95,385,25,Inactive,0,-6.353652198461523,0.2580761125163682,5.7400653091329135,0.7589168337280581
DTXSID9037749,5-Chlorosalicylanilide,4638-48-6,C13H10ClNO2,247.040006,126,366,34,Inactive,0,-7.024276893622871,0.2853159123792916,6.911649610631256,0.8395817132632967
DTXSID8020466,"N,N'-Diethylthiourea",105-55-5,C5H12N2S,132.072120,2,358,1,Inactive,0,-6.805528848974895,0.2764306849195675,0.1460500479687196,-0.835498296050604
DTXSID0044571,3-Isopropylphenol,618-45-1,C9H12O,136.088815,12,375,3,Inactive,0,-3.361058453561604,0.13652130657159514,0.002290000010203886,-2.640164515724963
DTXSID6041422,7-(Dimethylamino)-4-methylcoumarin,87-01-4,C12H13NO2,203.094629,96,409,23,Inactive,0,6.536415674266845,0.26549969912018606,6.551423783794345,0.8163356930070684
DTXSID5020366,Cyproterone acetate,427-51-0,C24H29ClO4,416.175437,176,698,25,Inactive,0,3.2008059990321867,0.13001208491539992,0.08234528385281563,-1.0843612690546385
DTXSID4022153,Tetrabutyltin,1461-25-2,C16H36Sn,348.183903,187,377,50,Inactive,0,3.654340621423551,0.14843400172518123,0.035700110822446965,-1.447330435722471
DTXSID1041267,1-Ethoxy-2-propanol,1569-02-4,C5H12O2,104.083730,4,357,1,Inactive,0,-5.444512885321519,0.22114819573052552,0.25492490244761246,-0.5935877382171466
DTXSID4029698,Sodium persulfate,7775-27-1,Na2O8S2,237.882998,6,362,2,Inactive,0,-7.571272170925952,0.30753406507662906,1.2658418733526253,0.1023794577986318
DTXSID6021373,Triamterene,396-01-0,C12H11N7,253.107593,64,256,25,Inactive,0,8.999584647710646,0.3655500407632547,0.08997083473740089,-1.0458982501758585
DTXSID5042089,Lauryl thiocyanate,765-15-1,C13H25NS,227.170771,7,247,3,Inactive,0,4.001140288180773,0.16252049985618494,0.1890140692464492,-0.7235058679501113
DTXSID6020014,Dehydroacetic acid,520-45-6,C8H8O4,168.042259,2,362,1,Inactive,0,8.049460397715006,0.32695737544459297,6.395014980798424,0.8058415661830025
DTXSID5033836,4-Nonylphenol,104-40-5,C15H24O,220.182715,211,648,33,Inactive,0,12.796160479760552,0.5197614298988272,6.403780649758928,0.8064364475085348
DTXSID1032648,Z-Tetrachlorvinphos,22248-79-9,C10H9Cl4O4P,363.899257,144,515,28,Inactive,0,16.213269003365294,0.65855940880488,6.3066398889722,0.7997980333562119
DTXSID0021127,Phenoxybenzamine hydrochloride,63-92-3,C18H23Cl2NO,339.115670,79,264,30,Inactive,0,-6.1642974582671854,0.2503847983384007,1.039863069108267,0.016976154446901513
DTXSID4044161,Antimony trichloride,10025-91-9,Cl3Sb,225.810370,53,334,16,Inactive,0,-6.861320309293093,0.2786968529030807,0.11098653490862675,-0.9547297074259663
DTXSID9044615,Ethylene acrylate,2274-11-5,C8H10O4,170.057909,59,331,18,Inactive,0,4.243616772974809,0.17236954204760857,0.10580370787118033,-0.9754991122651391
DTXSID7023194,Lamivudine,134678-17-4,C8H11N3O3S,229.052112,1,332,0,Inactive,0,-18.117872248472533,0.7359216228559349,6.48664749030329,0.8120202973173303
DTXSID6047446,Fipexide hydrochloride,34161-23-4,C20H22Cl2N2O4,424.095663,63,329,19,Inactive,0,3.0608016422737183,0.12432531154490772,0.08017836273118573,-1.0959428164326086
DTXSID8047187,Citronellyl propionate,141-14-0,C13H24O2,212.177630,13,331,4,Inactive,0,5.913353576606258,0.24019182279993773,6.17808739825008,0.790854047751327
DTXSID0037734,2-Bromohexadecanoic acid,18263-25-7,C16H31BrO2,334.150743,88,332,27,Inactive,0,-3.288511507070374,0.13357455510636335,0.14337352681630736,-0.8435310315062681
DTXSID7040283,Chlorfenethol,80-06-8,C14H12Cl2O,266.026520,77,259,30,Inactive,0,2.7399647056135112,0.11129338175419998,0.2508518440704416,-0.6005827020244165
DTXSID7041629,"2,2'-Dibenzoylaminodiphenyl disulfide",135-57-9,C26H20N2O2S2,456.096620,175,457,38,Inactive,0,6.397302948335514,0.25984914249723995,5.317411617308538,0.7257002800633996
DTXSID8040725,4-Chloromercuribenzoic acid,59-85-8,C7H5ClHgO2,357.968450,110,329,33,Inactive,0,5.189466642288751,0.2107885882389887,0.11010763536749836,-0.9581825640164776
DTXSID7044504,Cadmium dinitrate,10325-94-7,CdN2O6,237.879001,122,329,37,Inactive,0,4.18887218083723,0.1701458963271863,0.05467711872831818,-1.2621943791327734
DTXSID4026181,Tribromsalan,87-10-5,C13H8Br3NO2,446.810518,130,330,39,Inactive,0,1.6277635641012744,0.06611738880210741,0.05863392138068397,-1.2318510596435743
DTXSID4041995,Fuberidazole,3878-19-1,C11H8N2O,184.063663,23,247,9,Inactive,0,6.227511258958799,0.2529524509939594,1.1011992125693832,0.041865892171988245
DTXSID9033187,Amitriptyline hydrochloride,549-18-8,C20H24ClN,313.159727,88,334,26,Inactive,0,8.784814522676369,0.35682639061335797,6.134420668442005,0.7877735544503145
DTXSID2021650,Pyruvic acid,127-17-3,C3H4O3,88.016044,4,334,1,Inactive,0,-6.446258848163511,0.2618376599542404,6.145898145356388,0.7885853585112766
DTXSID9044613,"1,1'-Diazene-1,2-diyldicyclohexanecarbonitrile",2094-98-6,C14H20N4,244.168797,6,247,2,Inactive,0,-6.054327329393581,0.24591797162737988,9.398674547990462,0.9730666113569805
DTXSID2023775,Diphenylhydantoin sodium,630-93-3,C15H11N2NaO2,274.071822,6,247,2,Inactive,0,6.636070613987572,0.26954753784865876,6.451183996508897,0.8096394287377857
DTXSID3047132,3-(Methylthio)propyl isothiocyanate,505-79-3,C5H9NS2,147.017642,27,247,11,Inactive,0,-3.5382280523405045,0.14371767802548346,0.4230378560023565,-0.3736207675722306
DTXSID4044589,5-Methoxy-5-oxopentanoic acid,1501-27-5,C6H10O4,146.057909,0,247,0,Inactive,0,-10.0664532138731,0.4088846904294399,6.271892062829205,0.7973985756774932
DTXSID3026560,3-Hydroxy-2-naphthoic acid,92-70-6,C11H8O3,188.047344,16,334,5,Inactive,0,-5.328288691035639,0.2164273379774194,1.8072965140488897,0.2570294109178641
DTXSID1041683,Bromofos,2104-96-3,C8H8BrCl2O3PS,363.849221,33,252,13,Inactive,0,1.823983902031589,0.07408757357582946,0.05418652596238897,-1.2661086918318323
DTXSID1022217,"2,4,5-Trimethoxybenzaldehyde",4460-86-0,C10H12O4,196.073559,8,329,2,Inactive,0,-2.5843642209591655,0.10497311634921291,6.022868177176908,0.7798033578491178
DTXSID8044915,"3-Methyl-3,4-dihydro-2H-1,4-benzoxazine",32329-20-7,C9H11NO,149.084064,2,247,1,Inactive,0,2.6940189786140176,0.10942713313995589,0.05576191090805821,-1.2536623517930268
DTXSID2021577,"1,3-Dichloropropanone",534-07-6,C3H4Cl2O,125.963920,108,331,33,Inactive,0,4.910314615076453,0.1994498388498645,0.14863217953141739,-0.8278871536982694
DTXSID1035783,S-Methoprene,65733-16-6,C19H34O3,310.250795,128,445,29,Inactive,0,-5.000354914523227,0.20310714487247927,0.12256386563639662,-0.9116375499464505
DTXSID1044982,2-Amino-N-cyclohexyl-N-methylbenzenesulfonamide,70693-59-3,C13H20N2O2S,268.124549,22,259,8,Inactive,0,3.7811417743382645,0.1535844801562711,0.45069102042616815,-0.3461210947318057
DTXSID1044936,"(2,4,6-Trioxo-1,3,5-triazinane-1,3,5-triyl)triethane-2,1-diyl trisprop-2-enoate",40220-08-4,C18H21N3O9,423.127779,146,329,44,Inactive,0,6.5718921527094585,0.266940702082932,0.8445024577217526,-0.07339908218125904
DTXSID2045072,"2,4,5-Trichlorobenzenesulfonic acid",6378-25-2,C6H3Cl3O3S,259.886848,9,247,4,Inactive,0,-6.966619237619586,0.28297394224096123,6.567175002061551,0.8173785895199663
DTXSID8042509,"2-Isovaleryl-1,3-indanedione",83-28-3,C14H14O3,230.094294,32,247,13,Inactive,0,13.235402380629237,0.5376027971455171,6.349743170623747,0.8027561596484167
DTXSID0027771,"N-(1-Methylheptyl)-N'-phenyl-1,4-benzenediamine",15233-47-3,C20H28N2,296.225249,101,329,31,Inactive,0,10.10315221749207,0.4103753505869949,0.21915460222123817,-0.6592494047804913
DTXSID2024458,2-Aminoanthracene,613-13-8,C14H11N,193.089149,74,329,22,Inactive,0,4.91209490437686,0.1995221516122651,0.1842054359313784,-0.7346975578516152
DTXSID5044786,2-Benzyl-2-(dimethylamino)-1-[4-(morpholin-4-yl)phenyl]butan-1-one,119313-12-1,C23H30N2O2,366.230728,61,331,18,Inactive,0,-6.531107904321267,0.2652841052238098,0.06334634479606871,-1.1982784396707642
DTXSID9042124,Mercuric iodide,7774-29-0,HgI2,455.779580,155,247,63,Inactive,0,9.559335650198996,0.3882863124676317,0.18298282695212867,-0.737589667154234
DTXSID9027522,Octrizole,3147-75-9,C20H25N3O,323.199762,94,589,16,Inactive,0,-8.495934481830947,0.3450925034573993,6.148775303621769,0.7887886227925465
DTXSID2020266,Chloranil,118-75-2,C6Cl4O2,243.865240,251,452,56,Inactive,0,8.265487400589546,0.33573207814454925,0.07510207048241133,-1.1243480898042066
DTXSID7041910,Edifenphos,17109-49-8,C14H15O2PS2,310.025109,28,247,11,Inactive,0,6.390927363863364,0.2595901755276613,0.09929505682903408,-1.0030723712962524
DTXSID3042477,Tolnaftate,2398-96-1,C19H17NOS,307.103085,56,332,17,Inactive,0,11.176861218591498,0.4539878487726321,6.379595721984466,0.8047931581452467
DTXSID2044507,Maprotiline hydrochloride,10347-81-6,C20H24ClN,313.159727,147,332,44,Inactive,0,7.698810318680685,0.31271447916634737,0.06018634274963045,-1.2205020459742806
DTXSID1025930,Pindone,83-26-1,C14H14O3,230.094294,78,331,24,Inactive,0,-4.767078075552017,0.19363177891581354,0.6272575691741938,-0.20255408931067972
DTXSID9020740,Indomethacin,53-86-1,C19H16ClNO4,357.076786,45,644,7,Inactive,0,4.275528009279949,0.1736657300594761,0.06376409108952685,-1.1954238264832155
DTXSID3027403,Tributyltin chloride,1461-22-9,C12H27ClSn,326.082331,557,828,67,Inactive,0,3.761690425217046,0.15279439464205014,0.05929642281958365,-1.2269715055661794
DTXSID1026031,Sodium dodecyl sulfate,151-21-3,C12H25NaO4S,288.137125,168,681,25,Inactive,0,23.557531659696103,0.9568726775267561,6.17825362468844,0.7908657326384302
DTXSID7021237,Reserpine,50-55-5,C33H40N2O9,608.273381,262,688,38,Inactive,0,-3.4645662558742165,0.14072564297553303,0.05535515955066829,-1.2568418931239689
DTXSID5025607,"1,2-Dimethoxy-4-(2-propen-1-yl)benzene",93-15-2,C11H14O2,178.099380,18,604,3,Inactive,0,11.325667941361537,0.4600321614496924,6.3470621056415135,0.8025727478815385
DTXSID4026684,2-(Phenylmethylene)octanal,101-86-0,C15H20O,216.151415,85,602,14,Inactive,0,-14.466860648829833,0.587622841154269,1.8838772502338985,0.2750526015976186
DTXSID8031863,Perfluorononanoic acid,375-95-1,C9HF17O2,463.970508,239,764,31,Inactive,0,-10.235074904267059,0.41573385827550946,6.38380842718234,0.805079845719561
DTXSID3024869,Cumene hydroperoxide,80-15-9,C9H12O2,152.083730,63,622,10,Inactive,0,11.220431640084449,0.4557576159314834,0.1403728863327128,-0.8527167700783072
DTXSID6020068,2-Aminoanthraquinone,117-79-3,C14H9NO2,223.063329,111,650,17,Inactive,0,-4.4734618254942085,0.1817055138292699,6.451067524937583,0.8096315877868265
DTXSID1047362,SSR150106,NOCAS_47362,C17H17NO3,283.120843,260,680,38,Inactive,0,11.409939026651898,0.46345513038314107,6.044141370818368,0.7813346138152818
DTXSID4020240,Caprolactam,105-60-2,C6H11NO,113.084064,24,585,4,Inactive,0,9.242065765401842,0.37539927113622357,0.08308359705958612,-1.0804847091842193
DTXSID0022777,Celecoxib,169590-42-5,C17H14F3N3O2S,381.075882,266,645,41,Inactive,0,-3.8256450032263487,0.15539213659497952,0.46638181200960593,-0.33125839456526196
DTXSID4024359,"2,4,5-Trichlorophenol",95-95-4,C6H3Cl3O,195.924948,159,661,24,Inactive,0,10.95520141074006,0.4449843497260088,6.414655860827015,0.8071733619186038
DTXSID7020267,Chlordane,57-74-9,C10H6Cl8,405.797772,307,649,47,Inactive,0,7.275226173685767,0.2955091071929919,0.114576595470474,-0.9409040865230749
DTXSID0021464,Ziram,137-30-4,C6H12N2S4Zn,303.917475,379,642,59,Inactive,0,6.147491024105419,0.24970214542347072,0.02806421174301932,-1.551847151572393
DTXSID8026727,Geraniol,106-24-1,C10H18O,154.135765,13,588,2,Inactive,0,-6.067717489263769,0.24646186044869556,0.2043524120013952,-0.689620231880872
DTXSID2021993,Dibenzofuran,132-64-9,C12H8O,168.057515,11,589,2,Inactive,0,-3.9637780065948687,0.1610028983121837,0.002290000120430644,-2.6401644948206524
DTXSID9026974,"2,4-Di-tert-pentylphenol",120-95-6,C16H26O,234.198365,292,630,46,Inactive,0,6.038476486955259,0.24527413345858906,0.27226943728274633,-0.5650011062340285
DTXSID8037752,Diphenyl isophthalate,744-45-6,C20H14O4,318.089209,30,636,5,Inactive,0,19.141816825247854,0.7775127624953346,6.59328475464152,0.8191018327130581
DTXSID0047325,SB413217A,NOCAS_47325,C30H36ClFN4O2,538.251082,104,640,16,Inactive,0,-4.098713553043014,0.16648378397917715,0.35649208180228065,-0.44795011200500906
DTXSID4020161,Biphenyl,92-52-4,C12H10,154.078250,13,613,2,Inactive,0,2.8835264653774377,0.11712465166142816,0.0614084086353338,-1.2117721569713273
DTXSID0040707,4-Pentylaniline,33228-44-3,C11H17N,163.136100,53,613,9,Inactive,0,3.0807706142564175,0.1251364221470101,0.00010099258988758718,-3.9957104904647975
DTXSID7041097,1-(2-Chlorophenyl)-N-methyl-N-(1-methylpropyl)-3-isoquinolinecarboxamide,85532-75-8,C21H21ClN2O,352.134241,133,642,21,Inactive,0,6.36942389893745,0.2587167360537386,0.038098682920625335,-1.419090037715237
DTXSID1047283,CP-728663,368832-42-2,C26H33N3O2,419.257277,148,647,23,Inactive,0,13.970187169735098,0.567448686719787,6.423043471149396,0.8077408613285048
DTXSID9021928,Ethylene glycol monoethyl ether acetate,111-15-9,C6H12O3,132.078644,2,606,0,Inactive,0,9.734194813479126,0.3953888373915059,6.265495758586748,0.7969554403262298
DTXSID5020283,"4-Chloro-1,2-diaminobenzene",95-83-0,C6H7ClN2,142.029776,213,634,34,Inactive,0,-5.285057477786172,0.21467134896412557,0.26093846298364903,-0.5834619000857861
DTXSID8024105,Fluorene,86-73-7,C13H10,166.078250,19,627,3,Inactive,0,-5.568424043751238,0.2261812867884032,0.8285376101337752,-0.08168777269686937
DTXSID9047542,Picoxystrobin,117428-22-5,C18H16F3NO4,367.103142,307,694,44,Inactive,0,13.180838893954917,0.5353865076656401,6.494146022353045,0.8125220496101532
DTXSID6022422,"4,4'-Diaminobiphenyl methane",101-77-9,C13H14N2,198.115698,44,611,7,Inactive,0,2.184099982542904,0.08871496506815817,0.24809253658684188,-0.6053863004916153
DTXSID6034186,Spironolactone,52-01-7,C24H32O4S,416.202131,219,692,32,Inactive,0,1.3428712053716656,0.05454547549461488,0.00046059633010751193,-3.3366795266853053
DTXSID9047253,CP-401387,199171-88-5,C23H29N3O2,379.225977,227,608,37,Inactive,0,-5.2438595398449666,0.21299794863696705,0.0758817396133345,-1.1198627213282926
DTXSID2026529,2-tert-Butyl-5-methylphenol,88-60-8,C11H16O,164.120115,119,623,19,Inactive,0,5.429306772295125,0.2205305455328508,0.08548315698031023,-1.0681194472729356
DTXSID5047328,"Potassium 5-carbamoyl-3-[5'-fluoro-2'-(2,2,3,3,3-pentafluoropropoxy)-3-biphenylyl]-1,2,4-triazol-1-ide hydrate (1:1:1)",NOCAS_47328,C18H13F6KN4O3,486.052891,306,636,48,Inactive,0,2.9251337667108146,0.11881467973426084,0.07239632951001351,-1.1402834519514173
DTXSID6020143,Benzoic acid,65-85-0,C7H6O2,122.036779,10,611,2,Inactive,0,-3.774050081317912,0.1532964258988638,0.2931360060268728,-0.5329308336994577
DTXSID5020653,Gentian Violet,548-62-9,C25H30ClN3,407.212826,489,724,68,Inactive,0,19.64523041768395,0.7979606905319474,5.95849507391615,0.7751365846355678
DTXSID3023556,Retinol,68-26-8,C20H30O,286.229666,162,656,25,Inactive,0,-7.700429577484689,0.31278025110416235,0.09954789250825305,-1.001967929827679
DTXSID1020439,"2,4-Dichlorophenol",120-83-2,C6H4Cl2O,161.963920,21,605,3,Inactive,0,-4.473857866831987,0.18172160045246818,0.1287565579249193,-0.8902306419133816
DTXSID6023652,6-Thioguanine,154-42-7,C5H5N5S,167.026566,168,640,26,Inactive,0,3.852256197770055,0.15647304461807204,6.4184157616701265,0.8074278456904433
DTXSID6027268,Pentadecane,629-62-9,C15H32,212.250401,9,580,2,Inactive,0,-5.698134915940714,0.23144995378498093,6.469176077432944,0.810848971888183
DTXSID2021575,Dalapon,75-99-0,C3H4Cl2O2,141.958835,4,606,1,Inactive,0,-11.004407504171123,0.4469830296833224,0.8053850634963299,-0.09399642898892284
DTXSID2021864,"2,4-Dimethylphenol",105-67-9,C8H10O,122.073165,18,616,3,Inactive,0,2.0378819722482895,0.08277580212722008,0.0526409491684604,-1.2786762885637748
DTXSID0044860,6-Methylpyridin-2-amine,1824-81-3,C6H8N2,108.068748,0,331,0,Inactive,1.8239475126846096e-20,-4.812242380562227,0.1954662873052342,0.7432897392331137,-0.12884186238768225
DTXSID4047385,SAR377142,NOCAS_47385,C28H37ClN6O6,588.246311,115,613,19,Inactive,1.0167681443320128e-19,-5.363641386167968,0.21786331304211323,0.8333973532561156,-0.07914788313010779
DTXSID1022479,2-Ethylphenol,90-00-6,C8H10O,122.073165,16,361,4,Inactive,2.831271549912477e-19,-6.574592858946164,0.2670504008427707,6.123549667541204,0.7870032447151246
DTXSID7025217,(2-Dodecenyl)succinic anhydride,19780-11-1,C16H26O3,266.188195,27,372,7,Inactive,5.837257067223692e-19,-13.890583530421448,0.564215302654289,6.093323551168664,0.7848542394664083
DTXSID9029146,4-Methylmorpholine,109-02-4,C5H11NO,101.084064,4,359,1,Inactive,5.994583132596067e-19,-4.390387496113727,0.17833115538050076,0.07097792567112696,-1.1488766970530504
DTXSID1025221,tert-Dodecanethiol,25103-58-6,C12H26S,202.175522,8,331,2,Inactive,8.649588160219858e-19,-8.672015630101699,0.35224466363452345,1.36265385782539,0.13438555009151126
DTXSID7024827,Chlorpromazine hydrochloride,69-09-0,C17H20Cl2N2S,354.072425,415,742,56,Inactive,8.916073599393126e-19,-8.197409346804822,0.33296684660217807,6.623453803728533,0.8210845116078767
DTXSID8044549,Potassium dicyanoaurate,13967-50-5,C2AuKN2,287.936423,133,247,54,Inactive,9.21048055338097e-19,-5.222195319251274,0.21211797950159778,0.39821278223630857,-0.39988480366169976
DTXSID0026915,1-Undecanol,112-42-5,C11H24O,172.182715,56,603,9,Inactive,9.844429376765682e-19,-3.2665075445820797,0.1326807861493043,0.1636101545975026,-0.7861897449874298
DTXSID4044872,Bis[4-(glycidyloxy)phenyl]methane,2095-03-6,C19H20O4,312.136159,85,332,26,Inactive,1.0292349438643394e-18,-4.808159524828054,0.1953004476427963,1.343436093381258,0.12821701207771308
DTXSID5040708,4-Hexylaniline,33228-45-4,C12H19N,177.151750,51,368,14,Inactive,1.850326482779168e-18,-3.3720676496904094,0.13696848410824725,44.26740517886742,1.646084065698591
DTXSID0047290,UK-416244,402910-27-4,C17H22N2O3S2,366.107185,150,664,23,Inactive,2.279020500231436e-18,-4.391131619813031,0.1783613806030262,0.7813834806917461,-0.10713577447833787
DTXSID9040265,Dinitramine,29091-05-2,C11H13F3N4O4,322.088889,63,247,26,Inactive,4.0042021131970845e-18,-13.773778761960127,0.5594708628224752,2.3637626278612895,0.3736038619782478
DTXSID1024126,Heptachlor epoxide B,1024-57-3,C10H5Cl7O,385.816009,193,642,30,Inactive,4.349814536962145e-18,-8.487377186500837,0.3447449185655187,0.892239575562369,-0.04951851740109108
DTXSID0028038,3-Iodo-2-propynyl-N-butylcarbamate,55406-53-6,C8H12INO2,280.991270,324,800,40,Inactive,5.168911443266492e-18,-17.78107971465153,0.7222415999119487,6.178429402692093,0.7908780886107996
DTXSID3047681,"3,4-Hexanedione",4437-51-8,C6H10O2,114.068080,8,247,3,Inactive,7.737145358936433e-18,-7.200027335725509,0.29245463975279573,0.1501453736643508,-0.8234880449035453
DTXSID4024018,Dicamba,1918-00-9,C8H6Cl2O3,219.969400,7,648,1,Inactive,9.386840688229231e-18,-12.310963260121156,0.5000534244340953,6.534797538944021,0.8152321368161062
DTXSID3047342,SR125047,NOCAS_47342,C22H27Cl2NO,391.146970,331,705,47,Inactive,1.0007306065509431e-17,-8.146280677659279,0.33089007441524404,6.220384876108435,0.793817256780682
DTXSID5029265,"4'-Chloro-2',5'-dimethoxyacetoacetanilide",4433-79-8,C12H14ClNO4,271.061136,26,329,8,Inactive,1.0675251657259912e-17,-6.226382532706881,0.25290660377505425,0.1497141114731953,-0.8247372628092178
DTXSID2032554,Flumiclorac-pentyl,87546-18-7,C21H23ClFNO5,423.124879,63,678,9,Inactive,1.494057239380396e-17,-8.783290218894603,0.35676447561045815,0.5470641096253176,-0.2619617763630214
DTXSID1027479,2-(2H-Benzotriazol-2-yl)-4-methylphenol,2440-22-4,C13H11N3O,225.090212,42,482,9,Inactive,1.667714490733772e-17,-8.730188429158094,0.35460755813452544,2.106080480229024,0.32347496298030415
DTXSID7037262,Pregnenolone carbonitrile,1434-54-4,C22H31NO2,341.235479,28,374,7,Inactive,2.0854727055336544e-17,-7.860182916800053,0.3192691994261999,0.06128958349280968,-1.2126133299839816
DTXSID8024238,Oryzalin,19044-88-3,C12H18N4O6S,346.094705,336,815,41,Inactive,2.0926328906800952e-17,-14.935863481312039,0.6066730541633287,6.174881494290704,0.7906286272159984
DTXSID7027047,Isomethyl-alpha-ionone,127-51-5,C14H22O,206.167065,29,640,5,Inactive,2.951063304823846e-17,-6.631359857602849,0.2693561937749187,0.6576804522967756,-0.18198506613193374
DTXSID7029871,Clotrimazole,23593-75-1,C22H17ClN2,344.108026,395,653,60,Inactive,3.187267944219891e-17,-6.909173897142352,0.2806405960505397,0.2284185567224018,-0.6412686169114236
DTXSID7042196,Butyl lactate,138-22-7,C7H14O3,146.094294,1,362,0,Inactive,3.546849254075891e-17,-5.059914008091706,0.20552634863954627,5.817793799116581,0.7647583244234477
DTXSID8047264,CP-283097,171866-31-2,C20H22FNO4,359.153286,39,667,6,Inactive,3.5839809492262655e-17,-5.102181274823121,0.20724318354709398,0.5260534639099872,-0.27897011534978444
DTXSID2022331,2-(Butan-2-yl)phenol,89-72-5,C10H14O,150.104465,33,590,6,Inactive,3.601149194900607e-17,-5.4129203038647,0.21986495101519368,1.3482080765007218,0.12975692447106388
DTXSID2026525,2-tert-Butylphenol,88-18-6,C10H14O,150.104465,63,621,10,Inactive,3.7064097174528674e-17,-7.880413980802111,0.3200909558249819,0.11979432351400923,-0.9215637606190791
DTXSID9034573,Ethametsulfuron-methyl,97780-06-8,C15H18N6O6S,410.100853,13,267,5,Inactive,5.1562713225524543e-17,-8.509704960731828,0.34565184028466356,1.0578410902167936,0.024420432514524932
DTXSID7024902,Dazomet,533-74-4,C5H10N2S2,162.028541,176,673,26,Inactive,1.680936132893988e-16,-5.413147868899017,0.21987419437595165,1.3686031069484006,0.13627752157949016
DTXSID6032431,S-Metolachlor,87392-12-9,C15H22ClNO2,283.133907,44,364,12,Inactive,1.9068032071864545e-16,-13.414167356917423,0.5448639705137582,0.23715063056283853,-0.6249757162594334
DTXSID7027461,Thiocarbazide,2231-57-4,CH6N4S,106.031317,50,395,13,Inactive,3.648544175654102e-16,-10.411175754298181,0.42288681870948863,0.9919182346436517,-0.0035241259371669837
DTXSID2023569,Rosiglitazone maleate,155141-29-0,C22H23N3O7S,473.125671,103,536,19,Inactive,3.6519959773686093e-16,-6.723051236456866,0.273080564241977,0.002290000058706231,-2.6401645065265784
DTXSID8020759,Isophorone,78-59-1,C9H14O,138.104465,11,606,2,Inactive,4.920798705597977e-16,-23.438469437222253,0.952036543195851,6.470434346567142,0.810933434916906
DTXSID2025478,Isopropyl acetate,108-21-4,C5H10O2,102.068080,5,368,1,Inactive,5.197659076432931e-16,-5.939338203701792,0.24124728056446987,0.04799212637465246,-1.3188300074687105
DTXSID4021218,Quercetin,117-39-5,C15H10O7,302.042653,179,651,27,Inactive,5.654630341266837e-16,-8.355194044687256,0.33937583157210266,0.4491196451289093,-0.3476379478665148
DTXSID5041851,Dichlofluanid,1085-98-9,C9H11Cl2FN2O2S2,331.962304,131,247,53,Inactive,5.984185619461611e-16,-6.3315834992047115,0.2571797140459153,0.44115935410396556,-0.35540450779468735
DTXSID0032029,Scopolamine hydrobromide,114-49-8,C17H22BrNO4,383.073221,1,332,0,Inactive,8.153286338946015e-16,-12.672164272083892,0.5147248842642215,0.19510688448399663,-0.7097274059480774
DTXSID8033562,Hydroxyflutamide,52806-53-8,C11H11F3N2O4,292.067091,130,676,19,Inactive,9.18838084694781e-16,-5.401683530547585,0.21940852962410604,0.8821632031480853,-0.05445106150096527
DTXSID5044817,Isobornyl cyclohexanol,3407-42-9,C16H28O,236.214016,82,331,25,Inactive,1.3831017450211941e-15,-11.495222275332766,0.4669192119215757,1.0477883974460405,0.02027358503284795
DTXSID5047372,AVE3295,478263-98-8,C25H21FN3NaO3S,485.118535,96,610,16,Inactive,1.478157116205507e-15,-4.648439344797627,0.188812846202691,0.06279538392804408,-1.202072279961219
DTXSID3044205,Rabeprazole sodium,117976-90-6,C18H20N3NaO3S,381.112307,54,329,16,Inactive,1.7198831488436047e-15,-10.347357362583885,0.4202946084458138,3.654201882922492,0.5627925370551774
DTXSID9025164,"1,3-Dinitronaphthalene",606-37-1,C10H6N2O4,218.032757,23,329,7,Inactive,2.0372945347099394e-15,-3.5264877343759258,0.1432408033830946,0.14410100424898326,-0.8413329925498404
DTXSID5020869,"4,4'-Methylenebis(N,N-dimethylaniline)",101-61-1,C17H22N2,254.178299,106,611,17,Inactive,2.316036786566298e-15,-7.5398187808581065,0.3062564741130985,0.12902890557010477,-0.8893129864190311
DTXSID1020223,beta-Butyrolactone,3068-88-0,C4H6O2,86.036779,2,336,1,Inactive,2.9383712620304095e-15,-19.611517090242238,0.7965913041987994,6.502777186490827,0.8130988734396482
DTXSID4032667,Es-fenvalerate,66230-04-4,C25H22ClNO3,419.128821,122,724,17,Inactive,3.071965263214306e-15,-11.689351696786897,0.47480446670874593,6.661816348398723,0.8235926559780332
DTXSID1021322,Tetraethylthiuram disulfide,97-77-8,C10H20N2S4,296.050933,325,768,42,Inactive,3.378476872668803e-15,-11.613076360332892,0.4717062734652294,6.10791422726484,0.7858929296798765
DTXSID9021554,Decanoic acid,334-48-5,C10H20O2,172.146330,22,613,4,Inactive,3.5003851747452777e-15,-10.773598786981236,0.4376079152441531,0.2751269494501546,-0.5604668671739145
DTXSID9021639,Nonanal,124-19-6,C9H18O,142.135765,8,489,2,Inactive,4.1716253038652894e-15,-7.993125870670465,0.3246691488804094,2.675242085005669,0.42736308782455096
DTXSID9027314,"3,3-Dimethyl-2-oxobutyric acid",815-17-8,C6H10O3,130.062994,1,249,0,Inactive,6.217409335158427e-15,-5.180478371940664,0.21042349776862235,0.18487127031333156,-0.7331305745835751
DTXSID5025023,Dicyclopentadiene,77-73-6,C10H12,132.093900,5,475,1,Inactive,7.815158582416165e-15,-6.557789429770115,0.2663678699859906,5.954582753347557,0.7748513352113475
DTXSID9034818,Azamethiphos,35575-96-3,C9H10ClN2O5PS,323.973657,154,655,24,Inactive,8.298009992650465e-15,-17.097976077867862,0.6944949235878008,0.15313863047943804,-0.8149152411253404
DTXSID5032498,Triclosan,3380-34-5,C12H7Cl3O2,287.951163,374,882,42,Inactive,9.167831280307346e-15,-6.2550665866390105,0.25407170833205317,0.15624266430755518,-0.8062003639073266
DTXSID1047281,CP-612372,353280-07-6,C22H20N4O4,404.148455,54,613,9,Inactive,1.1117948542715121e-14,-17.64853984745039,0.7168580232520572,6.675102292553628,0.8244579254300485
DTXSID9032329,Bensulide,741-58-2,C14H24NO4PS3,397.060509,314,811,39,Inactive,1.201751342211152e-14,-5.336448361174245,0.2167587719122667,0.7041025777868362,-0.15236406568522584
DTXSID5037571,Methylparaoxon,950-35-6,C8H10NO6P,247.024574,30,249,12,Inactive,1.6332682792933474e-14,-5.279233254153164,0.21443477747001757,0.7204897738112372,-0.14237217891504128
DTXSID5048182,Cyclohexylphenylketone,712-50-5,C13H16O,188.120115,27,609,4,Inactive,1.6664726822652185e-14,-5.16547776490457,0.20981419492541695,4.136905912178976,0.6166756436206385
DTXSID8044381,Bismaleimide,13676-54-5,C21H14N2O4,358.095357,260,450,58,Inactive,2.1300574090270406e-14,-5.51977101673792,0.2242050715846829,45.649491194216935,1.659435941283781
DTXSID4020957,"2-Nitro-1,4-phenylenediamine",5307-14-2,C6H7N3O2,153.053826,57,449,13,Inactive,4.3694425603352393e-14,-5.105295025379103,0.2073696595665129,1.2460227902531869,0.09552598581487104
DTXSID2044391,2-Isopropylphenol,88-69-7,C9H12O,136.088815,5,364,1,Inactive,5.3864561317455926e-14,-4.44615181804474,0.18059622104219247,45.412481760610994,1.657175236441537
DTXSID8042137,Methfuroxam,28730-17-8,C14H15NO2,229.110279,41,262,16,Inactive,6.571050208611001e-14,-8.862066422523338,0.35996425044173147,15.584092352124518,1.1926815131933717
DTXSID8025886,"Ethyl 2,3-epoxy-3-phenylpropionate",121-39-1,C11H12O3,192.078644,21,363,6,Inactive,6.83734522955889e-14,-2.72041191435288,0.11049917580779806,25,1.3979400086720377
DTXSID3026726,Citronellol,106-22-9,C10H20O,156.151415,28,593,5,Inactive,7.112473820722387e-14,-4.503127873115072,0.18291050554184296,0.05557811842665662,-1.2550961601630446
DTXSID3044833,Terpinyl propionate,80-27-3,C13H22O2,210.161980,10,363,3,Inactive,7.726431893490803e-14,-14.331628512100288,0.5821299084213608,6.701201261929485,0.8261526616059345
DTXSID8027793,N-(Cyclohexylthio)phthalimide,17796-82-6,C14H15NO2S,261.082350,145,361,40,Inactive,7.982264451670397e-14,-6.593155008276598,0.26780436835460697,0.16977173906745657,-0.7701346025994613
DTXSID8042260,Penconazole,66246-88-6,C13H15Cl2N3,283.064303,61,247,25,Inactive,8.619562668053621e-14,-12.445969500089564,0.5055371815690759,0.21624817974529703,-0.6650475394927448
DTXSID6020278,"1-Chloro-2,4-dinitrobenzene",97-00-7,C6H3ClN2O4,201.978134,173,372,47,Inactive,1.0387833643530607e-13,-10.014834384297846,0.40678800863866577,3.9153803788171126,0.5927739601095783
DTXSID4022529,Methylparaben,99-76-3,C8H8O3,152.047344,18,626,3,Inactive,1.375473562011682e-13,-15.546533483085733,0.6314775815698305,6.8662331126491,0.8367185438929028
DTXSID7027837,Tripropylene glycol,24800-44-0,C9H20O4, ,6,475,1,Inactive,1.5591212086656046e-13,-7.5925686368253995,0.3083990965511246,4.988230350125624,0.6979465004357299
DTXSID2020894,Bis(4-(dimethylamino)phenyl)methanone,90-94-8,C17H20N2O,268.157563,162,620,26,Inactive,1.7093399935912246e-13,-8.478139912790732,0.3443697139406998,0.2524872347707077,-0.5977605740157464
DTXSID9042203,Nitralin,4726-14-1,C13H19N3O6S,345.099457,27,249,11,Inactive,2.922802811936024e-13,-4.38576914823177,0.17814356480575821,0.020800536425966264,-1.681925464852956
DTXSID1020807,2-Mercaptobenzothiazole,149-30-4,C7H5NS2,166.986342,86,632,14,Inactive,3.211928185497433e-13,-10.571408852969327,0.4293952541588691,0.06862222511507723,-1.1635352038034221
DTXSID7042011,N-Dodecanoyl-N-methylglycine,97-78-9,C15H29NO3,271.214744,59,480,12,Inactive,3.491504254046295e-13,-8.110802104149233,0.32944898635390574,5.80981520018667,0.7641623184805895
DTXSID8027955,Isooctyl acrylate,29590-42-9,, ,22,586,4,Inactive,4.948279521167738e-13,-4.970856606521798,0.20190896649931261,0.6061806455014884,-0.21739793416122216
DTXSID3044544,3-Hydroxy-N-(3-nitrophenyl)naphthalene-2-carboxamide,135-65-9,C17H12N2O4,308.079707,103,329,31,Inactive,5.10100823160853e-13,-14.45889974594852,0.5872994808563561,0.19341892194290414,-0.713501041662462
DTXSID4027072,Sodium phenolate,139-02-6,C6H5NaO,116.023809,4,366,1,Inactive,5.360869941339839e-13,-13.077413583688015,0.5311855219686351,4.960629040145974,0.6955367513576384
DTXSID3027320,Sodium 4-nitrophenolate,824-78-2,C6H4NNaO3,161.008887,31,595,5,Inactive,5.586653011415887e-13,-2.037075824043917,0.08274305755949778,25,1.3979400086720377
DTXSID3044623,4-Hydroxybutyl prop-2-enoate,2478-10-6,C7H12O3,144.078644,23,247,9,Inactive,5.740994481556487e-13,-5.52061585964595,0.2242393878749961,4.960631761481702,0.6955369896058033
DTXSID7022679,Biotin,58-85-5,C10H16N2O3S,244.088164,0,364,0,Inactive,6.95035270967049e-13,-5.3910133434515695,0.2189751221413627,5.989572380176707,0.777395817454612
DTXSID9020114,Auramine hydrochloride,2465-27-2,C17H22ClN3,303.150225,155,408,38,Inactive,7.898020999676548e-13,-3.340647899020735,0.1356922595281504,22.5,1.3521825181113625
DTXSID6021248,Rotenone,83-79-4,C23H22O6,394.141638,336,788,43,Inactive,8.201318009277765e-13,-13.342775491085908,0.5419641367451504,5.939705479097215,0.7737649109788337
DTXSID1027500,2-Propoxyethanol,2807-30-9,C5H12O2,104.083730,1,357,0,Inactive,8.613791680391751e-13,-4.44723827166562,0.18064035120829977,43.643178779234276,1.6399163751886152
DTXSID5020310,Chlorfenson,80-33-1,C12H8Cl2O3S,301.957121,34,341,10,Inactive,9.228771733997965e-13,-1.011143932261353,0.04107119607455236,25,1.3979400086720377
DTXSID4026214,Triclocarban,101-20-2,C13H9Cl3N2O,313.978046,259,647,40,Inactive,1.05174538586927e-12,-0.5113218054803046,0.020769148149966485,25,1.3979400086720377
DTXSID6047103,Octadecyl sulfate sodium salt,1120-04-3,C18H37NaO4S,372.231025,111,370,30,Inactive,1.6565407687743725e-12,-10.055686693301789,0.4084473700210228,5.919761844523156,0.772304235153677
DTXSID8027870,"3-(Dodecenyl)dihydro-2,5-furandione",25377-73-5,, ,30,442,7,Inactive,1.7294697217976104e-12,-3.7237473253504043,0.15125320110413906,25,1.3979400086720377
DTXSID5023902,Benz(a)anthracene,56-55-3,C18H12,228.093900,160,663,24,Inactive,1.830101824759402e-12,-17.221321097634554,0.6995050189164923,0.07781442673320582,-1.10893987769177
DTXSID0020440,Dichlorprop,120-36-5,C9H8Cl2O3,233.985050,11,664,2,Inactive,2.3923106455776645e-12,-18.719436744654523,0.7603562978669636,6.042273574850929,0.781200384849607
DTXSID2041206,alpha-Terthiophene,1081-34-1,C12H8S3,247.978814,80,344,23,Inactive,2.869524028323153e-12,-5.542873578912467,0.22514346406336128,45.79813787966605,1.660847820252205
DTXSID3041617,Barban,101-27-9,C11H9Cl2NO2,257.001034,126,249,51,Inactive,2.992490171794637e-12,-5.098565934092734,0.2070963336642272,4.01617886917394,0.6038130468076137
DTXSID6032645,Sulfentrazone,122836-35-5,C11H10Cl2F2N4O3S,385.981873,25,646,4,Inactive,3.5670707293533693e-12,-6.487081550703788,0.26349581876509853,25,1.3979400086720377
DTXSID5020528,"2,6-Dinitrotoluene",606-20-2,C7H6N2O4,182.032757,14,609,2,Inactive,3.883438403383076e-12,-13.829040551239999,0.5617155163386846,25,1.3979400086720377
DTXSID7038864,"2,2'-Methylenebis(ethyl-6-tert-butylphenol)",88-24-4,C25H36O2,368.271530,192,371,52,Inactive,4.980771469215949e-12,-6.993619988386584,0.2840706734713326,7.066241525691376,0.8491884776335485
DTXSID8033566,Indium trichloride,10025-82-8,Cl3In,219.810437,5,329,2,Inactive,5.1453092552356296e-12,-14.520185879013132,0.5897888344562126,6.6403680671552525,0.8221921524258919
DTXSID7026314,Pyrithione zinc,13463-41-7,C10H8N2O2S2Zn,315.931862,182,383,48,Inactive,5.381255579535109e-12,-20.16521881164376,0.8190818629025836,21.95482278666673,1.34152993594811
DTXSID5028033,Triisononyl trimellitate,53894-23-8,, ,6,586,1,Inactive,5.9372362757659395e-12,-13.96803235116485,0.5673611611231038,0.26449306858832095,-0.5775857047754416
DTXSID4027525,Potassium 2-ethylhexanoate,3164-85-0,C8H15KO2,182.070911,3,365,1,Inactive,6.070131257570825e-12,-4.573622005487454,0.1857738746828677,25,1.3979400086720377
DTXSID3041293,2-((Dimethylamino)methyl)phenol,120-65-0,C9H13NO,151.099714,3,357,1,Inactive,6.144543548603529e-12,-8.862066610149384,0.3599642580628286,4.9606404621746085,0.695537751335314
DTXSID8027581,"1,5,9-Cyclododecatriene",4904-61-4,C12H18,162.140851,10,585,2,Inactive,6.345775861681506e-12,-10.618771041556268,0.43131903738290905,0.27859402954678286,-0.5550281950286046
DTXSID4021977,4-Ethylphenol,123-07-9,C8H10O,122.073165,5,365,1,Inactive,6.754562556670846e-12,-6.219526023817677,0.2526281023550382,25.25,1.4022613824546801
DTXSID7041413,R-(-)-Carvone,6485-40-1,C10H14O,150.104465,4,365,1,Inactive,8.053738963436857e-12,-9.898900999829426,0.4020789631574353,6.900028270749768,0.8388508701293527
DTXSID3036286,Citralva,5146-66-7,C10H15N,149.120449,3,362,1,Inactive,8.521494528414433e-12,-2.0319920551575366,0.08253656226039305,25.750000000000004,1.41077723337721
DTXSID4021559,"2,6-Di-tert-butyl-4-nitrophenol",728-40-5,C14H21NO3,251.152144,139,453,31,Inactive,1.2380402951856155e-11,-9.367628331151089,0.38049943995786495,2.2907785984216082,0.35998311706796493
DTXSID6044430,"1,2-Diphenylethanone",451-40-1,C14H12O,196.088815,22,379,6,Inactive,1.423460822348263e-11,-0.2906945552752523,0.011807590093344632,25,1.3979400086720377
DTXSID4027236,"2,3-Dinitrotoluene",602-01-7,C7H6N2O4,182.032757,58,617,9,Inactive,1.535740921221659e-11,-2.39189523581534,0.09715530607028126,17.9,1.252853030979893
DTXSID4042256,Parinol,17781-31-6,C18H13Cl2NO,329.037419,76,341,22,Inactive,1.7588949245178888e-11,-4.978793090402164,0.20223133493291837,0.8598339151124372,-0.0655854286587722
DTXSID8020961,4-Nitrobenzenamine,100-01-6,C6H6N2O2,138.042927,39,599,7,Inactive,2.0811886265982905e-11,-0.7869137646024085,0.031963292750488426,25,1.3979400086720377
DTXSID6023733,Valproic acid,99-66-1,C8H16O2,144.115030,17,689,2,Inactive,2.2781508673670954e-11,-14.5034272078724,0.5891081216057377,4.960628351128558,0.6955366910353526
DTXSID2021995,DEET,134-62-3,C12H17NO,191.131014,27,709,4,Inactive,2.330384953693572e-11,-2.3213988250666757,0.09429184438492529,25,1.3979400086720377
DTXSID7027205,Octamethylcyclotetrasiloxane,556-67-2,C8H24O4Si4,296.075165,6,669,1,Inactive,2.8264582779640142e-11,-8.631587735549001,0.3506025413499722,0.1261545543860203,-0.8990970661213322
DTXSID1040372,Epoxiconazole,133855-98-8,C17H13ClFN3O,329.073118,78,391,20,Inactive,2.975613425587871e-11,-9.622015118337975,0.39083226131195437,12.136315975597572,1.084086875019284
DTXSID8020755,Isoniazid,54-85-3,C6H7N3O,137.058912,16,641,2,Inactive,3.02009676231295e-11,-0.5640671338912184,0.022911586685236622,11,1.041392685158225
DTXSID1047368,SSR69071,344930-95-6,C27H32N4O7S,556.199171,231,641,36,Inactive,3.030617644849479e-11,-0.3798686522201586,0.015429712230006712,6.25,0.7958800173440752
DTXSID5027308,2-Ethylhexanoyl chloride,760-67-8,C8H15ClO,162.081143,1,331,0,Inactive,3.180526932313186e-11,-5.689744981283438,0.23110916684024693,25,1.3979400086720377
DTXSID7024164,Bensulfuron-methyl,83055-99-6,C16H18N4O7S,410.089620,9,503,2,Inactive,3.2168979436033664e-11,-11.499889074849552,0.46710877053126426,0.8789995726254383,-0.05601133608260921
DTXSID9044825,3-tert-Butylphenol,585-34-2,C10H14O,150.104465,21,480,4,Inactive,3.6770765825176246e-11,-0.3458246467595379,0.014046894236618524,25,1.3979400086720377
DTXSID5041641,"2,5-Dimethylbenzenesulfonic acid",609-54-1,C8H10O3S,186.035065,4,357,1,Inactive,3.720067718909296e-11,-1.8553174898317937,0.07536029834547064,22.5,1.3521825181113625
DTXSID3032464,Profenofos,41198-08-7,C11H15BrClO3PS,371.935143,114,733,16,Inactive,4.0351294005267065e-11,-10.896986226659369,0.44261973360795825,0.07693577979559617,-1.113871639991152
DTXSID6021030,N-Nitrosodiphenylamine,86-30-6,C12H10N2O,198.079313,42,597,7,Inactive,5.480655664171358e-11,-5.384327495767046,0.21870355273129705,45.94041613961143,1.662194924823274
DTXSID4047418,Acetaldehyde ethyl cis-3-hexenyl acetal,28069-74-1,C10H20O2,172.146330,2,331,1,Inactive,6.910045142023062e-11,-2.735447472348134,0.11110989830813718,19.25,1.2844307338445196
DTXSID9022100,4-Propylphenol,645-56-7,C9H12O,136.088815,17,378,4,Inactive,8.31950415509857e-11,-5.874642366709078,0.2386194297496086,25,1.3979400086720377
DTXSID9033923,Procymidone,32809-16-8,C13H11Cl2NO2,283.016684,63,696,9,Inactive,9.430879266164873e-11,-14.750557543350556,0.5991461964440978,0.0031814562220098255,-2.4973740484360456
DTXSID7028300,"1-(4-Chlorophenyl)-4,4-dimethyl-pentan-3-one",66346-01-8,C13H17ClO,224.096793,6,329,2,Inactive,1.011378116928921e-10,-3.928303431469153,0.15956197265940222,25,1.3979400086720377
DTXSID0024266,Pirimiphos-methyl,29232-93-7,C11H20N3O3PS,305.096300,143,726,20,Inactive,1.1167552770270289e-10,-14.61867521310936,0.5937893279792975,6.624894957764027,0.8211789966276967
DTXSID6022474,Corticosterone,50-22-6,C21H30O4,346.214409,91,663,14,Inactive,1.172748981691469e-10,-19.184834622266944,0.7792600828517107,17.234154810259817,1.2363899897897568
DTXSID6021032,N-Nitrosodi-n-propylamine,621-64-7,C6H14N2O,130.110613,5,631,1,Inactive,1.347103638931952e-10,-6.082870852767613,0.24707736803747518,45.86450554450575,1.6614767158322732
DTXSID3032389,Farnesol,4602-84-0,C15H26O,222.198365,62,382,16,Inactive,1.3562429360379062e-10,-6.601712067630351,0.2681519436614711,40.862813995341426,1.6113282707782741
DTXSID6041472,"3,5-Dimethyl-1-hexyn-3-ol",107-54-0,C8H14O,126.104465,0,358,0,Inactive,1.554010124583673e-10,-6.4506116646023735,0.262014465027913,42.10066630167679,1.6242889692050662
DTXSID4021395,Trifluralin,1582-09-8,C13H16F3N3O4,335.109290,99,762,13,Inactive,1.5797907607612188e-10,-9.824239983607043,0.3990463412541055,45.12559963025974,1.6544229858695652
DTXSID3023897,Triadimefon,43121-43-3,C14H16ClN3O2,293.093104,134,754,18,Inactive,1.6998559179434598e-10,-6.681137896271016,0.27137810531601325,2.449374174275123,0.38905513441429085
DTXSID0023113,2-Methoxyphenol,90-05-1,C7H8O2,124.052429,2,363,1,Inactive,1.7620601989883703e-10,-7.900428127358595,0.3209039013525764,25.15,1.400537989391946
DTXSID2024086,Ethion,563-12-2,C9H22O4P2S4,383.987618,106,619,17,Inactive,1.999632447306589e-10,-6.0100741270973295,0.2441204709052311,0.47559111248460745,-0.32276626977024514
DTXSID8037706,Potassium perfluorooctanesulfonate,2795-39-3,C8F17KO3S,537.893375,198,779,25,Inactive,2.0513793338508436e-10,-7.240967826539023,0.29411758295201934,42.63616019636691,1.6297780853098083
DTXSID3025540,Thimerosal,54-64-8,C9H9HgNaO2S,405.992738,196,332,59,Inactive,2.0559096805846913e-10,-9.606038215347146,0.39018330274684393,34.671694972646826,1.539975073247806
DTXSID4023412,Oxytetracycline dihydrate,6153-64-6,C22H28N2O11,496.169310,124,783,16,Inactive,2.0700940670507802e-10,-7.880640961727721,0.32010017546009367,42.6479963916938,1.6298986327726865
DTXSID3041665,Benzalkonium chloride C16 (BAC C16),122-18-9,C25H46ClN,395.331878,281,467,60,Inactive,2.2995603322747123e-10,-8.75639723843241,0.35567212185314323,2.330003002645891,0.3673564806962771
DTXSID3037208,Diclofenac sodium,15307-79-6,C14H10Cl2NNaO2,316.998628,76,607,13,Inactive,2.653227566119002e-10,-6.9093688625900285,0.2806485152634962,45.003186418508676,1.6532432647749693
DTXSID4021185,Prednisone,53-03-2,C21H26O5,358.178024,46,653,7,Inactive,2.9197227059716847e-10,-15.16938171363311,0.6161582251668201,15.503228371697451,1.1904221444942675
DTXSID9047330,PharmaGSID_47330,425377-76-0,C21H15F2N5O,391.124466,195,653,30,Inactive,3.0232059726959775e-10,-2.2890830245258806,0.0929792235621421,25,1.3979400086720377
DTXSID1042499,Triphenylbismuthine dichloride,594-30-9,C18H15BiCl2,510.035480,178,329,54,Inactive,3.1126976461726745e-10,-13.674204025598286,0.5554262818378048,15.674339869535672,1.1951892594195033
DTXSID8022161,Ioxynil,1689-83-4,C7H3I2NO,370.830400,75,344,22,Inactive,3.31804206189076e-10,-7.252011355728654,0.2945661550476734,0.1287533498355363,-0.8902414628990958
DTXSID8047268,CI-959,104795-68-8,C14H14N5NaO3S,355.071505,241,639,38,Inactive,4.0147025335384106e-10,-15.353317586911526,0.6236294328510386,0.12180238628257294,-0.9143442031711086
DTXSID5021386,"2,4,6-Trichlorophenol",88-06-2,C6H3Cl3O,195.924948,36,612,6,Inactive,4.787729828965768e-10,-2.485514454238649,0.10095798257708766,25,1.3979400086720377
DTXSID8021771,4-(2-Methylbutan-2-yl)phenol,80-46-6,C11H16O,164.120115,127,678,19,Inactive,5.367319832728841e-10,-15.1147102319464,0.6139375490865915,10.61618039770524,1.0259682897605122
DTXSID2037714,4-Heptylphenol,1987-50-4,C13H20O,192.151415,162,611,27,Inactive,5.727627452199824e-10,-13.369357290701306,0.5430438507890026,2.6045654579324946,0.4157352765936919
DTXSID7020845,Methyl methanesulfonate,66-27-3,C2H6O3S,110.003765,8,597,1,Inactive,5.740893280675669e-10,-3.984241703147763,0.16183410390687528,25,1.3979400086720377
DTXSID4022446,"2,2′-Methylenebis[phenol]",2467-02-9,C13H12O2,200.083730,93,516,18,Inactive,8.251193378171176e-10,-15.450304538473745,0.6275689017804287,40.68382477074135,1.6094217750949653
DTXSID4042123,Mercury(II) acetate,1600-27-7,C4H6HgO4,319.997252,163,247,66,Inactive,8.76209528191599e-10,-6.090122529002269,0.24737192058039223,0.07667306746231597,-1.1153571615604005
DTXSID8047183,Triethanolamine Laurate,2224-49-9,C18H39NO5,349.282823,23,247,9,Inactive,8.793203818393384e-10,-2.265784138230792,0.09203285668319124,18.75,1.2730012720637376
DTXSID9020451,"N,N'-Dicyclohexylthiourea",1212-29-9,C13H24N2S,240.166020,75,456,16,Inactive,8.900145311388467e-10,-8.968840154260466,0.36430124414942233,25,1.3979400086720377
DTXSID8037708,Ammonium perfluorooctanoate,3825-26-1,C8H4F15NO2,431.000251,55,706,8,Inactive,9.671854951157845e-10,-0.7571724805909135,0.03075524504514025,25,1.3979400086720377
DTXSID2021735,Dimethyl sulfoxide,67-68-5,C2H6OS,78.013936,5,366,1,Inactive,9.978352810074417e-10,-4.534241656660163,0.1841743021822913,25,1.3979400086720377
DTXSID5032442,Imidacloprid,138261-41-3,C9H10ClN5O2,255.052302,57,753,8,Inactive,1.0849140868025548e-9,-12.844551792663681,0.5217270146559889,0.18217455057400034,-0.7395122932096326
DTXSID0037495,Deisopropylatrazine,1007-28-9,C5H8ClN5,173.046823,23,727,3,Inactive,1.3007300519259663e-9,-3.911768654584983,0.1588903540680312,25,1.3979400086720377
DTXSID8022292,Permethrin,52645-53-1,C21H20Cl2O3,390.078950,103,803,13,Inactive,1.4145975322745422e-9,-11.038579213673636,0.44837103482917884,8.011396454033612,0.9037082238771639
DTXSID6035784,(7S)-Hydroprene,65733-18-8,C17H30O2,266.224580,175,444,39,Inactive,1.7951344062247762e-9,-9.364521276030569,0.3803732358972977,12.315103114949505,1.0904380525588888
DTXSID1040792,Pyridoxine hydrochloride,58-56-0,C8H12ClNO3,205.050571,1,366,0,Inactive,2.021195010490422e-9,-6.700394526960817,0.2721602816507189,25,1.3979400086720377
DTXSID9044796,(Acryloyloxy)(tributyl)stannane,13331-52-7,C15H30O2Sn,362.126782,202,344,59,Inactive,3.207909108428254e-9,-6.968486237929083,0.2830497770784518,0.17499220764291307,-0.7569812899024543
DTXSID1025805,2-n-Octyl-4-isothiazolin-3-one,26530-20-1,C11H19NOS,213.118735,381,671,57,Inactive,3.2537512484121394e-9,-9.524114930617472,0.3868556980578864,44.63627532300898,1.6496879477092525
DTXSID6027185,Hexamethylcyclotrisiloxane,541-05-9,C6H18O3Si3,222.056374,1,329,0,Inactive,3.885978568142552e-9,-0.13519397282239642,0.0054913825704995265,25,1.3979400086720377
DTXSID3025091,C.I. Disperse Black 6,119-90-4,C14H16N2O2,244.121178,87,614,14,Inactive,3.906745311470319e-9,-0.6073247320284427,0.024668647414300974,24.999999999999996,1.3979400086720375
DTXSID5023950,Carbosulfan,55285-14-8,C20H32N2O3S,380.213364,153,611,25,Inactive,3.933779893675336e-9,-9.493382593270377,0.3856073952072834,25,1.3979400086720377
DTXSID4047462,3-Carene,13466-78-9,C10H16,136.125201,16,331,5,Inactive,3.942111131372916e-9,-0.35677492275513306,0.014491678523144123,25,1.3979400086720377
DTXSID2022048,Flavone,525-82-6,C15H10O2,222.068080,70,373,19,Inactive,3.965793084037918e-9,-9.022739508620642,0.36649055754051174,24.849999999999998,1.395326393069351
DTXSID1047366,SAR115740,NOCAS_47366,C24H17F2N3O,401.133969,313,638,49,Inactive,4.023249675176921e-9,-11.80606665518647,0.47954525858645763,4.960658276704123,0.6955393109601312
DTXSID7029241,"2,4-Bis(1-methyl-1-phenylethyl)phenol",2772-45-4,C24H26O,330.198365,351,643,55,Inactive,4.150609385421972e-9,-15.908588989842631,0.6461837497358484,25,1.3979400086720377
DTXSID6041268,Fenchlorazole-ethyl,103112-35-2,C12H8Cl5N3O2,400.905915,100,329,30,Inactive,4.676565283696882e-9,-2.111861779019551,0.08578075429329274,25,1.3979400086720377
DTXSID0044862,Undecanedioic acid,1852-04-6,C11H20O4,216.136159,5,329,2,Inactive,4.696826484147772e-9,-12.605862652071872,0.5120318088783224,4.960648785217181,0.6955384800009887
DTXSID4021715,Menadione,58-27-5,C11H8O2,172.052429,155,334,46,Inactive,5.1188843970548075e-9,-6.5965856601576025,0.26794371644499515,4.09362913390637,0.6121084948009157
DTXSID2023723,Tromethamine,77-86-1,C4H11NO3,121.073893,2,364,1,Inactive,5.450257356998997e-9,-7.952759271850494,0.32302951633938226,46.97322646923176,1.6718503917706151
DTXSID7024035,"2,4-Dichlorophenoxybutyric acid",94-82-6,C10H10Cl2O3,248.000700,32,681,5,Inactive,5.462356473444821e-9,-11.9202353134996,0.4841826234576095,12.020379926669277,1.0799181945759053
DTXSID0023371,Nisoldipine,63675-72-9,C20H24N2O6,388.163437,119,332,36,Inactive,6.044207310837074e-9,-5.800159082935893,0.23559402707989816,25,1.3979400086720377
DTXSID3040728,"Phosphoric acid, dibutyl ester",107-66-4,C8H19O4P,210.102096,5,331,2,Inactive,6.312046169223904e-9,-2.653764459856262,0.1077920531280638,25,1.3979400086720377
DTXSID1027390,Phenolsulfonic acid,1333-39-7,C6H6O4S, ,5,365,1,Inactive,6.5381413990366075e-9,-8.240505132110918,0.334717334729358,46.16059141483637,1.664271364414455
DTXSID8044200,"3,3'-Thiodipropionic acid",111-17-1,C6H10O4S,178.029980,1,331,0,Inactive,6.560254215326536e-9,-4.676272443520623,0.18994338619659476,25,1.3979400086720377
DTXSID9041524,4-Nitropyridine-1-oxide,1124-33-0,C5H4N2O3,140.022192,48,247,19,Inactive,6.620462483395295e-9,-9.082243140987341,0.3689075085542167,12.102845518274208,1.0828874899527057
DTXSID9025401,"1,6-Hexanediol diacrylate",13048-33-4,C12H18O4,226.120509,210,451,47,Inactive,6.768456101315014e-9,-4.4477242700487105,0.1806600917558588,0.09333994709505218,-1.0299324496082811
DTXSID7025003,"2,5-Dichlorophenol",583-78-8,C6H4Cl2O,161.963920,11,484,2,Inactive,7.160177210510056e-9,-7.632474129195042,0.3100199996187024,43.227937506305594,1.635764514946128
DTXSID3020043,Allantoin,97-59-6,C4H6N4O3,158.043990,1,366,0,Inactive,7.353758589047262e-9,-2.982807479031698,0.12115730205686216,25,1.3979400086720377
DTXSID8035180,Allethrin,584-79-2,C19H26O3,302.188195,242,770,31,Inactive,7.424306646228905e-9,-13.551923102606462,0.5504594085726481,2.115508502202572,0.32541477509498595
DTXSID2026739,Diethlylene glycol bis chloroformate,106-75-2,C6H8Cl2O5,229.974879,7,350,2,Inactive,7.503773522111179e-9,-3.0126977346268955,0.12237140077129872,24.999999999999996,1.3979400086720375
DTXSID0025101,3-Dimethylaminophenol,99-07-0,C8H11NO,137.084064,40,361,11,Inactive,7.517263586965854e-9,-9.195296327687483,0.3734995645906212,25,1.3979400086720377
DTXSID7042140,Methiuron,21540-35-2,C10H14N2S,194.087770,10,247,4,Inactive,8.847730167685752e-9,-3.697293385449542,0.15017868053595163,25,1.3979400086720377
DTXSID5041275,1-Monolaurin,142-18-7,C15H30O4,274.214409,37,364,10,Inactive,9.43024572495532e-9,-1.6143643507128764,0.06557313224004813,25,1.3979400086720377
DTXSID5023243,Mefenamic acid,61-68-7,C15H15NO2,241.110279,30,332,9,Inactive,9.885193445793616e-9,-12.934647440191792,0.5253865688371778,35.91444184358246,1.555269121329368
DTXSID9020617,Eugenol,97-53-0,C10H12O2,164.083730,21,641,3,Inactive,1.1095993702986169e-8,-4.3718732130882465,0.17757913212836232,25,1.3979400086720377
DTXSID3022162,Bromoxynil,1689-84-5,C7H3Br2NO,274.858140,184,673,27,Inactive,1.1150657636146001e-8,-6.131276069105274,0.24904351753192852,25.000000000000004,1.3979400086720377
DTXSID9020293,2-Chloroacetophenone,532-27-4,C8H7ClO,154.018542,172,576,30,Inactive,1.1509775304687971e-8,-11.09193464491063,0.4505382548540037,0.5115035749854566,-0.29115132658323645
DTXSID5029136,3-((Ethylphenylamino)methyl)benzenesulfonic acid,101-11-1,C15H17NO3S,291.092915,3,247,1,Inactive,1.1677713096961364e-8,-10.054025391194624,0.40837989034537486,7.775803641984755,0.8907452850613229
DTXSID1020148,Benzotrichloride,98-07-7,C7H5Cl3,193.945683,7,608,1,Inactive,1.2036668653824347e-8,-8.085284806753052,0.32841251084214806,25,1.3979400086720377
DTXSID5020239,Candesartan cilexetil,145040-37-5,C33H34N6O6,610.253983,127,250,51,Inactive,1.2070309514669088e-8,-3.751658635506172,0.15238691793270318,24.6,1.390935107103379
DTXSID5021097,Oxytetracycline hydrochloride,2058-46-0,C22H25ClN2O9,496.124858,42,659,6,Inactive,1.2407374037030378e-8,-3.1099412373905464,0.12632129043740203,25,1.3979400086720377
DTXSID4020450,Dicofol,115-32-2,C14H9Cl5O,367.909603,277,691,40,Inactive,1.3616478362970078e-8,-4.168124267694299,0.16930314626792883,25,1.3979400086720377
DTXSID1038298,1-Hydroxypyrene,5315-79-7,C16H10O,218.073165,238,690,34,Inactive,1.4383969993822227e-8,-9.737664741397658,0.39552978081742135,43.12729081834546,1.634752177376239
DTXSID1023998,Cypermethrin,52315-07-8,C22H19Cl2NO3,415.074199,136,857,16,Inactive,1.478822141469781e-8,-6.229929095016468,0.25305065997848897,25,1.3979400086720377
DTXSID5024059,"3,3'-Dimethylbenzidine",119-93-7,C14H16N2,212.131349,90,643,14,Inactive,1.682826272268961e-8,-0.938800652046095,0.03813271723726932,25,1.3979400086720377
DTXSID1020510,"7,12-Dimethylbenz[a]anthracene",57-97-6,C20H16,256.125201,356,712,50,Inactive,1.8661114964416273e-8,-4.5328693278265595,0.1841185601807766,25,1.3979400086720377
DTXSID7021150,Phenylmercuric acetate,62-38-4,C8H8HgO2,338.023072,503,740,68,Inactive,1.873917332080867e-8,-10.433336191852762,0.4237869434561867,0.08755436877200042,-1.0577221786926392
DTXSID6024911,"(E,E)-2,4-Decadienal",25152-84-5,C10H16O,152.120115,182,447,41,Inactive,1.8919436684709365e-8,-0.11702825145147222,0.004753517385874088,25,1.3979400086720377
DTXSID6032354,Clodinafop-propargyl,105512-06-9,C17H13ClFNO4,349.051714,59,753,8,Inactive,1.9392974981436908e-8,-1.8804345938274711,0.07638051858328022,25,1.3979400086720377
DTXSID3038808,"1,3,5,7-Tetramethyl-1,3,5,7-tetravinylcyclotetrasiloxane",2554-06-5,C12H24O4Si4,344.075165,30,373,8,Inactive,2.3685624733870305e-8,-5.37328911147337,0.21825518961383472,25,1.3979400086720377
DTXSID8041379,"2,6-Di-tert-butyl-4-methoxyphenol",489-01-0,C15H24O2,236.177630,37,363,10,Inactive,2.5573561478757815e-8,-0.5967293231690427,0.024238277314782848,24.999999999999996,1.3979400086720375
DTXSID5025730,9-Nitroanthracene,602-60-8,C14H9NO2,223.063329,26,329,8,Inactive,2.6082781922135176e-8,-10.405172407883686,0.42264297150848557,35.33963304097787,1.5482620355752215
DTXSID8023474,Pimozide,2062-78-4,C28H29F2N3O,461.227869,144,332,43,Inactive,2.829668169779556e-8,-8.270369703646494,0.3359303901946437,25,1.3979400086720377
DTXSID7021869,p-Cresol,106-44-5,C7H8O,108.057515,5,601,1,Inactive,3.1017124884948265e-8,-0.8646383592351693,0.03512035275364544,25,1.3979400086720377
DTXSID5022510,4-Chloro-2-methylphenol,1570-64-5,C7H7ClO,142.018542,16,371,4,Inactive,3.507467473180154e-8,-8.243791483298496,0.3348508215354282,25,1.3979400086720377
DTXSID1027134,Bis(2-ethylhexyl) phosphate,298-07-7,C16H35O4P,322.227297,165,483,34,Inactive,3.5400821193229205e-8,-1.5656536221394834,0.0635945732828699,25,1.3979400086720377
DTXSID1047360,SR58611,929601-09-2,C22H27Cl2NO4,439.131714,179,630,28,Inactive,4.1539284796954953e-8,-12.133395088141263,0.4928408635164069,22.9,1.359835482339888
DTXSID5032361,"2,2-Dibromo-3-nitrilopropionamide",10222-01-2,C3H2Br2N2O,239.853389,23,609,4,Inactive,4.1735232040867676e-8,-2.2417370114577126,0.09105609736415149,25.000000000000004,1.3979400086720377
DTXSID9026261,"Tris(1,3-dichloro-2-propyl) phosphate",13674-87-8,C9H15Cl6O4P,427.883912,237,790,30,Inactive,4.280237567500503e-8,-2.449302882608919,0.09948712119808872,25,1.3979400086720377
DTXSID9040712,Triethyltin bromide,2767-54-6,C6H15BrSn,285.937915,233,388,60,Inactive,4.661302988255719e-8,-7.404743502244818,0.30076991272876213,0.02346154327912509,-1.6296434237821362
DTXSID1047447,"Hydrazinecarboxylic acid, phenylmethyl ester",5331-43-1,C8H10N2O2,166.074228,3,331,1,Inactive,5.138876910486983e-8,-2.3884747988452726,0.09701637289472029,25,1.3979400086720377
DTXSID3020704,2-Hydrazino-4-(4-aminophenyl) thiazole,26049-71-8,C9H10N4S,206.062618,50,329,15,Inactive,5.731491173966766e-8,-11.016699893228404,0.4474823286506486,4.960660653460047,0.6955395190397201
DTXSID1032642,Rimsulfuron,122931-48-0,C14H17N5O7S2,431.056940,21,397,5,Inactive,6.102013984616502e-8,-15.084749084928056,0.6127205708656404,0.07617152176482327,-1.1182073679268498
DTXSID8020040,Aldrin,309-00-2,C12H8Cl6,361.875717,243,643,38,Inactive,6.54296709416804e-8,-4.673060714008438,0.18981293041446057,25,1.3979400086720377
DTXSID5027198,N-Methylphthalimide,550-44-7,C9H7NO2,161.047678,1,366,0,Inactive,8.161662832147227e-8,-1.4105949947034913,0.05729631733009765,25,1.3979400086720377
DTXSID7047304,CP-100829,135080-03-4,C14H7Cl2FN2O3S,371.953847,295,630,47,Inactive,8.425427427764488e-8,-9.813011554698377,0.39859025880075427,24.999999999999996,1.3979400086720375
DTXSID0021626,4-Isopropylbenzyl alcohol,536-60-7,C10H14O,150.104465,8,441,2,Inactive,8.866196367376082e-8,-2.5514155042579993,0.10363478739241243,25,1.3979400086720377
DTXSID7040738,Imipramine hydrochloride,113-52-0,C19H25ClN2,316.170627,62,247,25,Inactive,9.233412021597949e-8,-11.254924685986776,0.4571586732945976,43.98908495461099,1.6433449280305936
DTXSID7020972,Nitrofurantoin,67-20-9,C8H6N4O5,238.033819,103,601,17,Inactive,9.295563923609328e-8,-7.291859733700588,0.2961847382114748,25,1.3979400086720377
DTXSID0042379,Dimethoxydimethylsilane,1112-39-6,C4H12O2Si,120.060656,6,364,2,Inactive,9.587819090314129e-8,-1.647344607007457,0.06691274228926673,25,1.3979400086720377
DTXSID8020963,4-Nitroanthranilic acid,619-17-0,C7H6N2O4,182.032757,11,331,3,Inactive,1.0309240341253185e-7,-14.138235116105928,0.574274549918003,0.15032404462163274,-0.8229715476146536
DTXSID0034803,Penoxsulam,219714-96-2,C16H14F5N5O5S,483.063581,38,679,6,Inactive,1.0315638166188565e-7,-12.418928454606391,0.504438813625932,1.5045078429031946,0.17739445603136791
DTXSID4020119,Azathioprine,446-86-6,C9H7N7O2S,277.038194,137,674,20,Inactive,1.0604565301149217e-7,-3.977607824983561,0.16156464542314852,24.85,1.395326393069351
DTXSID2022171,1-Decanamine,2016-57-1,C10H23N,157.183050,15,357,4,Inactive,1.1027559827030446e-7,-8.655038454614305,0.3515550754552467,0.4150866104312284,-0.38186127555817023
DTXSID9035204,Tributyltin methacrylate,2155-70-6,C16H32O2Sn,376.142432,520,765,68,Inactive,1.1426244614348971e-7,-2.2022667865755627,0.0894528742289288,24.999999999999996,1.3979400086720375
DTXSID7022049,"2,4,6-Trimethylphenol",527-60-6,C9H12O,136.088815,21,596,4,Inactive,1.225212961689078e-7,-9.926523367257639,0.4032009435526005,0.03223954203692516,-1.491611135981368
DTXSID8024157,Isopropalin,33820-53-0,C15H23N3O4,309.168856,138,601,23,Inactive,1.2662268808736702e-7,-10.002165190097381,0.4062734043943915,0.1499528283846414,-0.8240453382388461
DTXSID0028666,"1,2-Benzenedicarboxylic acid, di-C9-11-branched alkyl esters, C10-rich",68515-49-1,, ,8,589,1,Inactive,1.3686290983959553e-7,-3.5486904180810526,0.14414264410699149,25,1.3979400086720377
DTXSID8040278,Iodenphos,18181-70-9,C8H8Cl2IO3PS,411.835350,76,329,23,Inactive,1.509026276709761e-7,-3.5607288073193897,0.14463162597105092,25,1.3979400086720377
DTXSID7040788,2-tert-Butyl-4-methoxyphenol,121-00-6,C11H16O2,180.115030,71,633,11,Inactive,1.6135085212998345e-7,-11.388156589221339,0.4625703594517748,12.482910782139436,1.0963158665341595
DTXSID8027246,2-Pyrrolidinone,616-45-5,C4H7NO,85.052764,7,365,2,Inactive,1.901073924735492e-7,-3.9348918580771857,0.1598295849670152,25,1.3979400086720377
DTXSID9037539,Endosulfan I,959-98-8,C9H6Cl6O3S,403.816881,103,398,26,Inactive,2.041944276741865e-7,-12.582669301543563,0.511089728708743,8.760737493056777,0.9425406673191529
DTXSID8026773,"1,3-Butanediol",107-88-0,C4H10O2,90.068080,12,582,2,Inactive,2.0553309799122702e-7,-4.24929969500327,0.17260037407602744,25,1.3979400086720377
DTXSID2036588,"Glycols, polyethylene, mono(p-nonylphenyl) ether",26027-38-3,(C2H4O)nC15H24O, ,156,384,41,Inactive,2.1090560541513134e-7,-7.163932479314836,0.290988519176262,10,1
DTXSID2024824,"Chlorinated paraffins (C12, 60% chlorine)",NOCAS_24824,, ,47,329,14,Inactive,2.2319319967565932e-7,-1.6230947596329328,0.06592774875420229,25,1.3979400086720377
DTXSID1020063,2-Amino-5-nitrophenol,121-88-0,C6H6N2O3,154.037842,44,444,10,Inactive,2.493661643180531e-7,-5.54750547566303,0.2253316049734432,25,1.3979400086720377
DTXSID8047347,SR271425,155990-20-8,C22H27N3O3S,413.177313,368,696,53,Inactive,2.539399025797808e-7,-5.3512344412364685,0.21735936098176886,25,1.3979400086720377
DTXSID6020561,Endrin,72-20-8,C12H8Cl6O,377.870631,126,648,19,Inactive,2.8866934582463465e-7,-6.061309044628304,0.2462015587470699,24.999999999999996,1.3979400086720375
DTXSID9022312,4-Octylphenol,1806-26-4,C14H22O,206.167065,200,621,32,Inactive,2.9383545558845864e-7,-17.93655148737491,0.7285566372254789,19.003245632316613,1.2788277819963354
DTXSID3041619,Benalaxyl,71626-11-4,C20H23NO3,325.167794,31,247,13,Inactive,3.0754750243087673e-7,-7.556496398123792,0.30693389467304133,0.05683420080962069,-1.245390242582531
DTXSID8038801,N-Benzyl-9-(tetrahydro-2H-pyran-2-yl)adenine,2312-73-4,C17H19N5O,309.158960,24,329,7,Inactive,3.962442231866769e-7,-5.4038450177063035,0.21949632608915512,24.999999999999996,1.3979400086720375
DTXSID7020005,Acetamide,60-35-5,C2H5NO,59.037114,8,608,1,Inactive,3.9834682485625437e-7,-4.491115240784028,0.18242256988590086,25,1.3979400086720377
DTXSID9042209,N-Methyldioctylamine,4455-26-9,C17H37N,255.292600,16,618,3,Inactive,4.1103843037082984e-7,-1.5387486960001409,0.06250173430952118,25.25,1.4022613824546801
DTXSID1022267,Methomyl,16752-77-5,C5H10N2O2S,162.046299,15,670,2,Inactive,4.153570831244974e-7,-2.168181258234532,0.08806836963652293,25.000000000000004,1.3979400086720377
DTXSID2044844,3-(Octyloxy)propan-1-amine,15930-66-2,C11H25NO,187.193614,24,247,10,Inactive,4.20275585457186e-7,-10.126390189669415,0.41131924322306723,25,1.3979400086720377
DTXSID2047307,PD-0333941,501027-49-2,C23H22N2O4,390.157957,141,629,22,Inactive,4.863128561310515e-7,-2.527085941859201,0.10264655594898739,25,1.3979400086720377
DTXSID6024836,"3,7-Dimethyl-2,6-octadienal",5392-40-5,C10H16O,152.120115,34,631,5,Inactive,5.067006444873278e-7,-9.246991504437615,0.3755993474926112,24.999999999999996,1.3979400086720375
DTXSID2035481,4-[4-(Acetyloxy)phenyl]-2-butanone,3572-06-3,C12H14O3,206.094294,1,247,0,Inactive,5.190710385906293e-7,-5.5027009567878045,0.22351171057360741,25,1.3979400086720377
DTXSID9032531,Bromuconazole,116255-48-2,C13H12BrCl2N3O,374.954080,110,437,25,Inactive,5.36298233750822e-7,-14.769869849215391,0.599930634223448,12.564378560416825,1.0991410130673864
DTXSID4034150,Haloperidol,52-86-8,C21H23ClFNO2,375.140135,270,752,36,Inactive,5.423213958572048e-7,-12.509496250071201,0.5081175457696895,7.023950332039227,0.8465814319132006
DTXSID5021835,4-Dimethylaminobenzaldehyde,100-10-7,C9H11NO,149.084064,7,331,2,Inactive,5.727559630181671e-7,-4.012185125853282,0.16296912510051068,25,1.3979400086720377
DTXSID7020970,Nitrofen,1836-75-5,C12H7Cl2NO3,282.980299,126,696,18,Inactive,6.390457980037481e-7,-10.105577553137138,0.4104738641938584,44.369143898395976,1.647081049095426
DTXSID3029653,Ammonium isothiocyanate,1762-95-4,CH4N2S,76.009519,5,375,1,Inactive,7.472321084072557e-7,-1.0172363755617786,0.041318662261493,20,1.3010299956639813
DTXSID1041681,Bromofenoxim,13181-17-4,C13H7Br2N3O6,458.870161,68,247,28,Inactive,7.532176183195934e-7,-1.3653933279890877,0.05546029136258586,25,1.3979400086720377
DTXSID0042169,Monotridecyl phosphate,5116-94-9,C13H29O4P,280.180346,44,385,11,Inactive,8.163640714651761e-7,-8.647813892509706,0.3512616242488619,44.34099865745426,1.646805470161816
DTXSID7041411,2-Chloro-N-(2-methyl-4-bromophenyl)acetamide,96686-51-0,C9H9BrClNO,260.955605,124,247,50,Inactive,8.595955895573451e-7,-2.736242724529076,0.11114220029523326,25,1.3979400086720377
DTXSID9040683,Megestrol acetate,595-33-5,C24H32O4,384.230060,50,250,20,Inactive,8.687627583155374e-7,-1.1839511900210327,0.04809037558016506,25,1.3979400086720377
DTXSID6020220,tert-Butylhydroquinone,1948-33-0,C10H14O2,166.099380,202,728,28,Inactive,8.782364703192717e-7,-1.6152562110294508,0.06560935830912143,25,1.3979400086720377
DTXSID1021031,4-Nitrosodiphenylamine,156-10-5,C12H10N2O,198.079313,184,374,49,Inactive,8.945369237129005e-7,-18.90601578586375,0.7679348671887103,9.861483427708098,0.9939422492221243
DTXSID3036288,2-Octyl-1-dodecanol,5333-42-6,C20H42O,298.323566,3,359,1,Inactive,0.0000010034699670437975,-15.96848543919832,0.6486166564043928,0.07625294575470612,-1.1177433742722904
DTXSID0021961,Benzophenone,119-61-9,C13H10O,182.073165,25,602,4,Inactive,0.0000010911826173227091,-7.031988687774485,0.28562915424287,25,1.3979400086720377
DTXSID1022396,Chrysin,480-40-0,C15H10O4,254.057909,127,423,30,Inactive,0.0000011193311431234119,-7.926459426999516,0.32196125488802874,25,1.3979400086720377
DTXSID5021201,Gallic acid n-propyl ester,121-79-9,C10H12O5,212.068473,110,617,18,Inactive,0.0000012488247094379342,-12.110757320376823,0.49192135031074075,25,1.3979400086720377
DTXSID7040287,Chloroxuron,1982-47-4,C15H15ClN2O2,290.082205,62,445,14,Inactive,0.0000013332305807878105,-1.5137209590138379,0.0614851440296706,25,1.3979400086720377
DTXSID9040760,"{4-[({2-[3-Fluoro-4-(trifluoromethyl)phenyl]-4-methyl-1,3-thiazol-5-yl}methyl)sulfanyl]-2-methylphenoxy}acetic acid",317318-84-6,C21H17F4NO3S2,471.058598,105,332,32,Inactive,0.0000013567728122686659,-0.5514144627047669,0.02239765358176301,25,1.3979400086720377
DTXSID4042462,Tetraiodoethene,513-92-8,C2I4,531.617880,126,247,51,Inactive,0.000001389676732530417,-1.3901631650452229,0.05646640612232343,24.999999999999996,1.3979400086720375
DTXSID7025895,"N-Phenyl-1,4-benzenediamine",101-54-2,C12H12N2,184.100048,213,662,32,Inactive,0.0000014223496739603628,-8.792530215701124,0.3571397908434934,25,1.3979400086720377
DTXSID5020607,Di(2-ethylhexyl) phthalate,117-81-7,C24H38O4,390.277010,88,813,11,Inactive,0.0000015420445391613144,-14.380851850619507,0.5841292888490767,8.28566422779733,0.9183273297624829
DTXSID7022598,Amoxapine,14028-44-5,C17H16ClN3O,313.098190,87,332,26,Inactive,0.0000019092206710770283,-15.332735558026931,0.6227934207691178,25,1.3979400086720377
DTXSID5041778,Chloropropylate,5836-10-2,C17H16Cl2O3,338.047650,93,247,38,Inactive,0.000001926183960264442,-4.588883113640777,0.18639375870262173,24.999999999999996,1.3979400086720375
DTXSID4027781,C.I. Fluorescent Brightener 220,16470-24-9,C40H40N12Na4O16S4,1164.115885,33,331,10,Inactive,0.000002100878704039075,-6.237658002385376,0.253364596956067,16.4,1.2148438480476977
DTXSID6024046,Paraoxon,311-45-5,C10H14NO6P,275.055874,36,376,10,Inactive,0.0000022542782992642983,-7.575398996046188,0.30770169071158643,0.0363032003641139,-1.4400550873823847
DTXSID3020706,2-Hydrazino-4-(4-nitrophenyl)thiazole,26049-70-7,C9H8N4O2S,236.036797,99,329,30,Inactive,0.0000022687127549145113,-13.347847512225785,0.5421701548678763,0.039761420220524916,-1.400538111625795
DTXSID6044646,"5,5-Dimethyl-2-phenoxy-1,3,2-dioxaphosphinane",3057-08-7,C11H15O3P,226.075881,3,344,1,Inactive,0.0000023613211549041217,-6.814837114529413,0.27680877312986674,25,1.3979400086720377
DTXSID6044642,C.I. Disperse Red 82,30124-94-8,C21H21N5O6,439.149183,49,247,20,Inactive,0.0000024674088300549868,-2.8413121972948865,0.11540996948192413,25,1.3979400086720377
DTXSID3047138,tert-Butylbenzene,98-06-6,C10H14,134.109550,7,602,1,Inactive,0.0000029530536707512767,-4.409501416330927,0.17910753502334578,24.999999999999996,1.3979400086720375
DTXSID2047191,Linalyl benzoate,126-64-7,C17H22O2,258.161980,30,331,9,Inactive,0.0000031928484803865454,-3.4956842707793445,0.1419896114876726,25,1.3979400086720377
DTXSID7042019,Haloxyfop,69806-34-4,C15H11ClF3NO4,361.032870,32,250,13,Inactive,0.000003320788438789029,-5.109341105049657,0.20753400543872808,25,1.3979400086720377
DTXSID1047102,Dehydroabietylamine acetate,2026-24-6,C22H35NO2,345.266779,173,329,53,Inactive,0.000003845914036126932,-12.79463819622626,0.5196995969554418,25,1.3979400086720377
DTXSID1020485,C.I. Disperse Black 6 dihydrochloride,20325-40-0,C14H18Cl2N2O2,316.074533,231,632,37,Inactive,0.000003902914923142194,-5.619553536070844,0.22825809241147066,25,1.3979400086720377
DTXSID4044581,2-tert-Butyl-4-ethylphenol,96-70-8,C12H18O,178.135765,155,628,25,Inactive,0.000004023041206612404,-6.789533470630521,0.2757809759124638,25,1.3979400086720377
DTXSID5032577,Tefluthrin,79538-32-2,C17H14ClF7O2,418.057054,91,702,13,Inactive,0.0000040954959912362845,-3.8785981815411334,0.15754301769107962,25,1.3979400086720377
DTXSID9029649,"1,3-Benzenedimethanamine",1477-55-0,C8H12N2,136.100048,13,358,4,Inactive,0.000004313462321046199,-0.48467990041278974,0.019686992710057572,25,1.3979400086720377
DTXSID1041188,1-Phenyl-2-nitropropene,705-60-2,C9H9NO2,163.063329,126,371,34,Inactive,0.000004433725898753212,-0.5955267290697324,0.024189429691338762,25,1.3979400086720377
DTXSID1047310,Farglitazar,196808-45-4,C34H30N2O5,546.215472,351,720,49,Inactive,0.0000046064787985665475,-24.297962330052414,0.9869478945869086,6.815202618694896,0.8334787721109755
DTXSID3025049,Diethylene glycol monomethyl ether,111-77-3,C5H12O3,120.078644,9,606,1,Inactive,0.000004665562715528316,-3.2693279962457247,0.13279534879424573,25,1.3979400086720377
DTXSID9033058,"4-Amino-1,2,4-triazole",584-13-4,C2H4N4,84.043596,10,595,2,Inactive,0.0000048745223976396525,-7.373937604448125,0.29951862195967155,25,1.3979400086720377
DTXSID2022123,2-Hydroxyethyl acrylate,818-61-1,C5H8O3,116.047344,43,370,12,Inactive,0.000005057066893740829,-1.525257754830651,0.06195375189838887,25,1.3979400086720377
DTXSID7021239,Retinoic acid,302-79-4,C20H28O2,300.208930,268,717,37,Inactive,0.000005081264082815567,-6.8789864220901125,0.27941442471398886,25,1.3979400086720377
DTXSID8026725,12-hydroxystearic acid,106-14-9,C18H36O3,300.266445,32,331,10,Inactive,0.000005298551015264727,-3.1373982116399315,0.1274365528021659,25,1.3979400086720377
DTXSID8020913,Naphthalene,91-20-3,C10H8,128.062600,16,638,3,Inactive,0.000005319279910066016,-15.927982492131905,0.6469714855958794,8.99409984412135,0.9539577043916153
DTXSID8027292,Dibutyltin dichloride,683-18-1,C8H18Cl2Sn,303.980758,203,389,52,Inactive,0.000005356635805700949,-18.707071732410437,0.7598540490514015,31.739372513979255,1.501598336520592
DTXSID8020915,1-Naphthaleneacetic acid,86-87-3,C12H10O2,186.068080,6,365,2,Inactive,0.000005500150933918258,-14.118135351935774,0.5734581267274504,6.23700197314267,0.7949758814448846
DTXSID3047683,"2,5-Dimethyl-1,4-dithiane-2,5-diol",55704-78-4,C6H12O2S2,180.027872,13,247,5,Inactive,0.0000057551294801317276,-8.657776241464669,0.3516662803756878,25.000000000000004,1.3979400086720377
DTXSID5026706,"1,2-Diphenoxyethane",104-66-5,C14H14O2,214.099380,24,493,5,Inactive,0.000005790362166296021,-7.278243812034788,0.295631679274335,25,1.3979400086720377
DTXSID6047311,GSK163929B,NOCAS_47311,C36H40ClF2N5O3S,695.250845,244,658,37,Inactive,0.000005995750322047559,-0.25109559473512194,0.010199137902908323,24.999999999999996,1.3979400086720375
DTXSID8024234,Norflurazon,27314-13-2,C12H9ClF3N3O,303.038624,81,678,12,Inactive,0.000006008814545103744,-4.0298072815499495,0.16368491143792702,25.000000000000004,1.3979400086720377
DTXSID3034872,Chloridazon,1698-60-8,C10H8ClN3O,221.035590,20,666,3,Inactive,0.000006762734350284037,-3.488652315716999,0.14170398369924578,25,1.3979400086720377
DTXSID0026252,Triphenyl phosphite,101-02-0,C18H15O3P,310.075881,15,631,2,Inactive,0.00000761949402182729,-17.16535688127931,0.6972318338339843,25,1.3979400086720377
DTXSID2025892,N-Phenyl-1-naphthylamine,90-30-2,C16H13N,219.104799,234,485,48,Inactive,0.000008280771374427185,-12.239758152939679,0.4971611765302587,43.55631872449659,1.6390511671076773
DTXSID0023581,Simvastatin,79902-63-9,C25H38O5,418.271924,227,677,34,Inactive,0.000008816808778462749,-8.921787852558309,0.3623900480799899,25,1.3979400086720377
DTXSID6021244,Rifampicin,13292-46-1,C43H58N4O12,822.405123,106,653,16,Inactive,0.000008834118991768159,-9.188279213075866,0.3732145395997213,15.6,1.1931245983544616
DTXSID2025680,Mono(2-ethylhexyl) phthalate,4376-20-9,C16H22O4,278.151809,82,757,11,Inactive,0.000009232894346649551,-8.113130113021718,0.32954354668880415,25,1.3979400086720377
DTXSID7024245,Pendimethalin,40487-42-1,C13H19N3O4,281.137556,146,703,21,Inactive,0.000009932832773006608,-2.0441144931419295,0.08302895806228955,24.999999999999996,1.3979400086720375
DTXSID8041610,Arabinose,147-81-9,C5H10O5,150.052823,3,365,1,Inactive,0.00001137823995108787,-7.007365419299702,0.2846289928857599,25,1.3979400086720377
DTXSID1025148,"3,5-Dimethylphenol",108-68-9,C8H10O,122.073165,3,359,1,Inactive,0.00001163927642632583,-10.400955677057704,0.42247169403450596,25.6,1.4082399653118496
DTXSID4020375,DDT,50-29-3,C14H9Cl5,351.914689,268,713,38,Inactive,0.000011831981804551786,-9.317035432988197,0.3784444300091024,25,1.3979400086720377
DTXSID3047425,4-Butylphenol,1638-22-8,C10H14O,150.104465,61,415,15,Inactive,0.000012101798134135447,-19.282218335510223,0.7832156676635956,19.907784945481826,1.29902294061654
DTXSID5023588,D-Glucitol,50-70-4,C6H14O6,182.079038,6,411,1,Inactive,0.000012477732964461805,-11.664329417036855,0.47378809809389616,24.15,1.382917135087531
DTXSID5044992,"2,5-Bis(2-methylbutan-2-yl)benzene-1,4-diol",79-74-3,C16H26O2,250.193280,109,331,33,Inactive,0.000013326095253167815,-9.466813008567577,0.3845281773154174,25,1.3979400086720377
DTXSID0022480,3-Ethylphenol,620-17-7,C8H10O,122.073165,6,361,2,Inactive,0.000013610285953213651,-3.213748731112834,0.13053779987057534,25.6,1.4082399653118496
DTXSID7042065,"rel-(1R,4S,4aS,5R,8S,8aR)-1,2,3,4,10,10-Hexachloro-1,4,4a,5,8,8a-hexahydro-1,4:5,8-dimethanonaphthalene",465-73-6,C12H8Cl6,361.875717,86,447,19,Inactive,0.000014354253013733147,-5.148195997339003,0.20911223465887718,25,1.3979400086720377
DTXSID3026564,Triethylene glycol bis(2-ethylhexanoate),94-28-0,C22H42O6,402.298139,35,631,6,Inactive,0.000014927010065453975,-0.5320440323415006,0.021610854869814112,25,1.3979400086720377
DTXSID8041242,"2,2,4-Trimethylpentane-1,3-diyl dibenzoate",68052-23-3,C22H26O4,354.183109,32,329,10,Inactive,0.000015274056260219573,-12.408380298572535,0.5040103628674701,42.8234680205993,1.6316818353363027
DTXSID8025595,"N,N'-Methylenebisacrylamide",110-26-9,C7H10N2O2,154.074228,23,590,4,Inactive,0.000016327528097949815,-13.80876132674734,0.5608918037308117,41.004959039699955,1.6128363824109881
DTXSID6032514,"1,2-Benzenedicarboxaldehyde",643-79-8,C8H6O2,134.036779,135,624,22,Inactive,0.000017932799560506888,-12.450887940023847,0.5057369614465757,25,1.3979400086720377
DTXSID5041772,Chlorfluazuron,71422-67-8,C20H9Cl3F5N3O3,538.962965,46,329,14,Inactive,0.000018469474535875305,-5.902815256205878,0.23976377155060424,24.15,1.382917135087531
DTXSID7024299,Hexythiazox,78587-05-0,C17H21ClN2O2S,352.101227,191,687,28,Inactive,0.000019082641141939352,-1.4502916527214245,0.058908737850005964,25,1.3979400086720377
DTXSID8042399,Sodium abietate,14351-66-7,C20H29NaO2,324.206524,60,362,17,Inactive,0.000019145961873566728,-0.8280217359202244,0.03363303876423862,25,1.3979400086720377
DTXSID9044950,Exifone,52479-85-3,C13H10O7,278.042653,58,329,18,Inactive,0.00001936985731365118,-18.197592317215065,0.7391597361155168,13.080080784856467,1.1166104262748724
DTXSID4023200,Lansoprazole,103577-45-3,C16H14F3N3O2S,369.075882,51,329,16,Inactive,0.000019430206439636085,-0.7867965018878231,0.03195852970955102,25,1.3979400086720377
DTXSID5020570,Sodium erythorbate,6381-77-7,C6H7NaO6,198.014032,6,596,1,Inactive,0.000019440270191022113,-15.79520268635056,0.6415781629797901,25,1.3979400086720377
DTXSID0042248,"4,4'-Methylenebis(N,N-diglycidylaniline)",28768-32-3,C25H30N2O4,422.220557,121,329,37,Inactive,0.000020589318362070564,-13.34270882038257,0.5419614286781367,25,1.3979400086720377
DTXSID2029874,Fenofibrate,49562-28-9,C20H21ClO4,360.112837,154,648,24,Inactive,0.000021713828773176643,-13.396481734708011,0.5441456062588902,3.7632435299288867,0.5755623236300128
DTXSID9047257,Zamifenacin,127308-82-1,C27H29NO3,415.214744,273,684,40,Inactive,0.00002178382706576661,-16.736784365429397,0.6798238414908268,25,1.3979400086720377
DTXSID3037709,Potassium perfluorohexanesulfonate,3871-99-6,C6F13KO3S,437.899763,56,747,7,Inactive,0.00002180305497711411,-6.991979865667891,0.28400405407164425,25,1.3979400086720377
DTXSID7029904,Fluorotelomer alcohol 8:2,678-39-7,C10H5F17O,464.006894,186,726,26,Inactive,0.000024127556961949696,-7.797673181382611,0.3167301448781927,25,1.3979400086720377
DTXSID2044395,1-Bromododecane,143-15-7,C12H25Br,248.113964,18,329,5,Inactive,0.000025732743025156773,-0.20844193342955042,0.008466608209671858,25,1.3979400086720377
DTXSID7032004,Flutamide,13311-84-7,C11H11F3N2O3,276.072177,208,723,29,Inactive,0.000026994059510128795,-5.472578749033824,0.22228819029979702,25,1.3979400086720377
DTXSID0047246,Darbufelone mesylate,139340-56-0,C19H28N2O5S2,428.143964,321,636,50,Inactive,0.000030180011387327715,-9.236002916099594,0.3751530070144519,25,1.3979400086720377
DTXSID9022607,Anastrozole,120511-73-1,C17H19N5,293.164046,12,359,3,Inactive,0.00003098928707496296,-6.127725266732283,0.2488992891032844,8.5,0.9294189257142927
DTXSID9047594,Sodium 4-octylbenzenesulfonate,6149-03-7,C14H21NaO3S,292.110910,55,368,15,Inactive,0.00003192083759347634,-14.861988612346188,0.6036723644183063,45.03521671788797,1.6535522569910988
DTXSID4042206,1-Dodecyl-2-pyrrolidinone,2687-96-9,C16H31NO,253.240565,193,614,31,Inactive,0.00003405208254241893,-7.692100181034264,0.31244192313335306,25,1.3979400086720377
DTXSID1025857,"1,10-Phenanthroline",66-71-7,C12H8N2,180.068748,122,367,33,Inactive,0.000040685656939794224,-5.172684288084739,0.21010691341692445,25,1.3979400086720377
DTXSID6020064,4-Amino-2-nitrophenol,119-34-6,C6H6N2O3,154.037842,28,331,8,Inactive,0.000041883021815564206,-7.168081529534957,0.2911570475624559,25,1.3979400086720377
DTXSID8029868,Atorvastatin,134523-00-5,C33H35FN2O5,558.253000,59,332,18,Inactive,0.00004858441132097223,-4.300966823125112,0.17469901768352594,23.599999999999998,1.3729120029701065
DTXSID1020221,"4-(1,1-Dimethylethyl)phenol",98-54-4,C10H14O,150.104465,64,645,10,Inactive,0.000051610240400712224,-16.03904222642668,0.6514825704945517,4.960637703392048,0.6955375098091673
DTXSID9020112,Atrazine,1912-24-9,C8H14ClN5,215.093773,57,761,7,Inactive,0.00005565954838009863,-12.021267674774059,0.4882864110464824,4.040787079945019,0.6064659668887827
DTXSID4020373,"p,p'-DDD",72-54-8,C14H10Cl4,317.953661,315,703,45,Inactive,0.000056492796555974135,-9.791408482646013,0.3977127734302086,24.999999999999996,1.3979400086720375
DTXSID8029650,Menthol,1490-04-6,C10H20O,156.151415,3,360,1,Inactive,0.00005739445451557563,-0.08897518509605869,0.00361404262662902,25,1.3979400086720377
DTXSID0047371,AVE5638,725228-45-5,C25H23FN2O2,402.174356,412,702,59,Inactive,0.00005894780220336172,-14.18430514675277,0.576145847565634,43.76421225197251,1.6411191156505227
DTXSID5023796,Pentamidine isethionate,140-64-7,C23H36N4O10S2,592.187286,251,662,38,Inactive,0.00006164660225183422,-14.141813567366668,0.5744199014042591,7.023038340214993,0.8465250393259203
DTXSID2034598,Fenoxaprop-P-ethyl,71283-80-2,C18H16ClNO5,361.071700,44,378,12,Inactive,0.00006191255411504654,-5.364610834808625,0.2179026906360781,24.999999999999996,1.3979400086720375
DTXSID5020811,Mercuric chloride,7487-94-7,Cl2Hg,271.908348,406,721,56,Inactive,0.00006277947307983095,-14.37768413118581,0.584000620692329,25,1.3979400086720377
DTXSID2021947,1-Tridecanol,112-70-9,C13H28O,200.214016,92,588,16,Inactive,0.00006727163654647543,-7.939224551908429,0.3224797556981731,25.75,1.4107772333772097
DTXSID3034618,Flufenpyr-ethyl,188489-07-8,C16H13ClF4N2O4,408.049997,20,655,3,Inactive,0.00006870968812291502,-7.983550251118589,0.32428020113953643,25,1.3979400086720377
DTXSID2025842,Pentaerythritol triacrylate,3524-68-3,C14H18O7,298.105253,274,446,61,Inactive,0.00007758524308023831,-4.545865521737966,0.1846464466777707,25,1.3979400086720377
DTXSID0048507,PharmaGSID_48507,NOCAS_48507,C18H19ClF2N4O3,412.111375,103,636,16,Inactive,0.00007784789003617683,-17.40683496179036,0.7070403222953604,25,1.3979400086720377
DTXSID6020480,Dimethoxane,828-00-2,C8H14O4,174.089209,17,584,3,Inactive,0.00008294003304329567,-10.096450013361489,0.4101031168018767,24.999999999999996,1.3979400086720375
DTXSID7041623,Benodanil,15310-01-7,C13H10INO,322.980710,86,614,14,Inactive,0.00008647792080159789,-5.693305829587032,0.23125380331998285,25,1.3979400086720377
DTXSID0042086,Laurocapram,59227-89-3,C18H35NO,281.271865,61,362,17,Inactive,0.00008973372341273942,-13.282129463205166,0.5395007832869912,25,1.3979400086720377
DTXSID3041794,Cloquintocet-mexyl,99607-70-2,C18H22ClNO3,335.128821,54,380,14,Inactive,0.00009085569508766052,-9.636481014166524,0.3914198449635119,25.000000000000004,1.3979400086720377
DTXSID2044971,Triphenylolmethane triglycidyl ether,66072-38-6,C28H28O6, ,101,329,31,Inactive,0.00009235923265255296,-16.47892685148005,0.6693500442629432,12.211111836492755,1.0867552087827383
DTXSID1040112,Ethyl heptanoate,106-30-9,C9H18O2,158.130680,13,594,2,Inactive,0.00010072019776545643,-13.842202557970335,0.5622501379112506,25,1.3979400086720377
DTXSID1021247,C.I. Basic Red 9 monohydrochloride,569-61-9,C19H18ClN3,323.118925,126,334,38,Inactive,0.00010684986194872155,-20.3298939076948,0.82577072582577,15.210968287517218,1.182156860899857
DTXSID6041977,Flamprop-isopropyl,52756-22-6,C19H19ClFNO3,363.103749,40,247,16,Inactive,0.00011095350697460683,-8.940541640305367,0.36315179966561967,25,1.3979400086720377
DTXSID7044639,"2,4-Dichloro-1,3-dinitro-5-(trifluoromethyl)benzene",29091-09-6,C7HCl2F3N2O4,303.926546,172,329,52,Inactive,0.00011416413660774236,-12.718627087813395,0.5166121362707033,25,1.3979400086720377
DTXSID6028022,1-(Bromomethyl)-3-phenoxybenzene,51632-16-7,C13H11BrO,261.999328,54,405,13,Inactive,0.00012707770867415917,-9.541355875986415,0.3875560001861649,25,1.3979400086720377
DTXSID9021764,1-Amino-2-propanol,78-96-6,C3H9NO,75.068414,1,360,0,Inactive,0.000134062326991474,-7.1790728032417706,0.2916034971163904,25,1.3979400086720377
DTXSID0021094,"4,4'-Oxydianiline",101-80-4,C12H12N2O,200.094963,51,626,8,Inactive,0.00013675496950177357,-8.524405117580308,0.3462489392781771,25,1.3979400086720377
DTXSID2020137,"4,4′-Diamino-1,1′-biphenyl",92-87-5,C12H12N2,184.100048,59,627,9,Inactive,0.000137823586754597,-14.297567756546586,0.5807464100635505,25,1.3979400086720377
DTXSID7021867,4-Bromoaniline,106-40-1,C6H6BrN,170.968362,24,329,7,Inactive,0.00013968754026041054,-13.141652627964346,0.5337948185276468,25,1.3979400086720377
DTXSID4044402,tert-Butyl 3-oxobutanoate,1694-31-1,C8H14O3,158.094294,2,247,1,Inactive,0.0001413019944489638,-14.02856917747403,0.5698200789722323,25,1.3979400086720377
DTXSID7022332,4-(Butan-2-yl)phenol,99-71-8,C10H14O,150.104465,82,664,12,Inactive,0.0001482874235238622,-7.834797830021882,0.3182380941174789,25,1.3979400086720377
DTXSID8023719,Troglitazone,97322-87-7,C24H27NO5S,441.160994,273,714,38,Inactive,0.00015797768260256465,-10.346140261752348,0.420245171580003,25,1.3979400086720377
DTXSID2036112,2-(8-Heptadecenyl)-2-imidazoline-1-ethanol,95-38-5,C22H42N2O,350.329714,157,376,42,Inactive,0.00016434742085618388,-15.203707007757657,0.6175524686966736,44.374119781819005,1.6471297513546366
DTXSID6023864,Metsulfuron-methyl,74223-64-6,C14H15N5O6S,381.074304,13,515,3,Inactive,0.0001762162395747909,-11.696136059765323,0.47508003766678425,25,1.3979400086720377
DTXSID6024204,Metribuzin,21087-64-9,C8H14N4OS,214.088832,20,679,3,Inactive,0.00017928654571479032,-9.092243537802847,0.3693137101298069,25.000000000000004,1.3979400086720377
DTXSID0024638,2-Bromobiphenyl,2052-07-5,C12H9Br,231.988763,4,247,2,Inactive,0.0002014651880814017,-11.230771342469367,0.4561775996058687,23.9,1.3783979009481377
DTXSID5020449,Dichlorvos,62-73-7,C4H7Cl2O4P,219.945901,85,730,12,Inactive,0.00021592990099971398,-3.1622448119154836,0.12844578557224345,25,1.3979400086720377
DTXSID8020541,"5,5-Diphenylhydantoin",57-41-0,C15H12N2O2,252.089878,35,699,5,Inactive,0.00021632302493159925,-6.103597878539168,0.2479192696820828,25,1.3979400086720377
DTXSID3044966,"N-(4-Methylpentan-2-yl)-N-phenylbenzene-1,4-diamine",61931-82-6,C18H24N2,268.193949,120,329,36,Inactive,0.00022333162252631655,-8.874710881180278,0.3604778499641994,24.999999999999996,1.3979400086720375
DTXSID5041691,Butam,35256-85-0,C15H23NO,233.177964,37,605,6,Inactive,0.00022427194720543348,-2.919230724777111,0.11857490675539992,25,1.3979400086720377
DTXSID1032513,"(3,5-Dimethyl-1H-pyrazol-1-yl)methanol",85264-33-1,C6H10N2O,126.079313,1,362,0,Inactive,0.00024868639985303927,-18.770761550214484,0.7624410368298203,6.836147975494452,0.8348114549037536
DTXSID4034497,Metconazole,125116-23-6,C17H22ClN3O,319.145140,121,468,26,Inactive,0.00027146618970561183,-17.24698736184734,0.7005475452437058,25,1.3979400086720377
DTXSID7047308,CP-105696,158081-99-3,C28H28O4,428.198759,215,608,35,Inactive,0.0002869799815925867,-6.912487226453981,0.280775178668776,25,1.3979400086720377
DTXSID9020453,Dieldrin,60-57-1,C12H8Cl6O,377.870631,203,672,30,Inactive,0.0003051330593805982,-8.520372957251565,0.3460851587893841,25,1.3979400086720377
DTXSID3031864,Perfluorooctanesulfonic acid,1763-23-1,C8HF17O3S,499.937494,303,1055,29,Inactive,0.00030807184688537355,-16.867566866418272,0.6851360364908221,25.000000000000004,1.3979400086720377
DTXSID7037555,tau-Fluvalinate,102851-06-9,C26H22ClF3N2O3,502.127105,59,403,15,Inactive,0.0003106361011895018,-1.6001596403209686,0.06499615756109858,24.25,1.3847117429382825
DTXSID4044537,Sodium triisopropyl naphthalene sulfonate,1323-19-9,, ,26,364,7,Inactive,0.00033142587894624667,-11.876062366688252,0.4823883825965461,45.24993987360906,1.655618006467694
DTXSID6035285,"9,12-Tetradecadien-1-ol, 1-acetate, (9E,12Z)-",31654-77-0,C16H28O2,252.208930,124,449,28,Inactive,0.00034028342079221984,-14.226739732402372,0.5778694787243154,44.76053999973659,1.650895317299815
DTXSID9047334,MK-968,NOCAS_47334,C19H21F2N5O,373.171417,213,620,34,Inactive,0.000361593864882662,-13.869163714127453,0.563345260866149,25,1.3979400086720377
DTXSID1036541,Pregnenolone,145-13-1,C21H32O2,316.240230,57,462,12,Inactive,0.0003974196889387582,-18.696765189224568,0.7594354122554599,4.692152194682526,0.6713720904509124
DTXSID8027454,"N,N-Dimethylacetoacetamide",2044-64-6,C6H11NO2,129.078979,4,366,1,Inactive,0.0004023299683324673,-17.62985689125742,0.7160991487411478,14.220385891450693,1.1529113817843044
DTXSID4020290,"[4-Chloro-6-(2,3-xylidino)-2-pyrimidinylthio]acetic acid",50892-23-4,C14H14ClN3O2S,323.049526,57,640,9,Inactive,0.00046685023800917594,-3.138591196473232,0.12748501011119892,19.25,1.2844307338445196
DTXSID8035001,10-Undecenoic acid,112-38-9,C11H20O2,184.146330,19,607,3,Inactive,0.0005286491990196843,-5.083614044681288,0.2064890096600875,25,1.3979400086720377
DTXSID0027721,4-(2-Phenylpropan-2-yl)-N-[4-(2-phenylpropan-2-yl)phenyl]aniline,10081-67-1,C30H31N,405.245650,48,375,13,Inactive,0.0005349005115183339,-13.701429377228058,0.5565321360285967,25,1.3979400086720377
DTXSID7021100,Parathion,56-38-2,C10H14NO5PS,291.033031,126,752,17,Inactive,0.0005653882701299965,-1.709309572121894,0.06942966905979699,25,1.3979400086720377
DTXSID4021923,Cyclohexane,110-82-7,C6H12,84.093900,0,329,0,Inactive,0.0005882305447463464,-10.2643522102859,0.41692305986953504,0.11661533043286226,-0.9332443527952923
DTXSID7041887,Dipentaerythritol pentaacrylate,60506-81-2,C25H32O12,524.189376,165,329,50,Inactive,0.0006068755397902715,-0.15418798296124905,0.0062628916403410445,24.75,1.3935752032695876
DTXSID2023430,Pentaerythritol tetranitrate,78-11-5,C5H8N4O12,316.013872,7,367,2,Inactive,0.0006136823752256283,-16.91290882061982,0.6869777607320489,1.364201271324493,0.13487844992240886
DTXSID1020560,Endosulfan,115-29-7,C9H6Cl6O3S,403.816881,345,810,43,Inactive,0.0006733577084672458,-2.834188587930487,0.11512061882903593,25,1.3979400086720377
DTXSID4021975,Diphenylamine,122-39-4,C12H11N,169.089149,78,681,11,Inactive,0.0006777069090455675,-13.503846970792402,0.548506626012973,25,1.3979400086720377
DTXSID4044955,Sodium nicotinate,54-86-4,C6H4NNaO2,145.013973,1,331,0,Inactive,0.0007613743495367922,-14.6030410162344,0.593154289638234,43.79252963281408,1.6414000325143874
DTXSID3031860,Perfluorodecanoic acid,335-76-2,C10HF19O2,513.967314,284,742,38,Inactive,0.0009151047750125168,-20.36279817191133,0.8271072491872895,25,1.3979400086720377
DTXSID8020121,Sodium azide,26628-22-8,N3Na,64.998991,54,612,9,Inactive,0.0009492700073886396,-19.667020452137013,0.7988457700433197,43.99795192669266,1.6434324608580597
DTXSID8020620,Fenthion,55-38-9,C10H15O3PS2,278.020024,118,752,16,Inactive,0.0009836979011008293,-15.476041763362451,0.6286143104271036,0.07582497317982355,-1.12018773463229
DTXSID4048513,PharmaGSID_48513,825643-57-0,C30H30F7N3O3,613.217539,324,619,52,Inactive,0.001274432095982312,-21.392018067523395,0.8689126646062167,2.64850483117383,0.42300076947483417
DTXSID8021272,Sodium chlorite,7758-19-2,ClNaO2,89.948451,12,639,2,Inactive,0.001617804269604515,-6.843992215721648,0.27799301094155165,25,1.3979400086720377
DTXSID4020870,"2,2'-Methylenebis(4-methyl-6-tert-butylphenol)",119-47-1,C23H32O2,340.240230,209,375,56,Inactive,0.001675707541914382,-7.513609821994854,0.30519190431839566,25,1.3979400086720377
DTXSID7047358,Nelivaptan,439687-69-1,C30H32ClN3O8S,629.159864,250,655,38,Inactive,0.0017049863500501494,-15.910573095515602,0.646264341222903,25,1.3979400086720377
DTXSID0021333,Tetramethylthiuram monosulfide,97-74-5,C6H12N2S3,208.016262,162,466,35,Inactive,0.0017971655976803023,-9.38793627082953,0.38132431893482527,25,1.3979400086720377
DTXSID6036467,"Disodium 4,4'-bis(2-sulfostyryl)biphenyl",27344-41-8,C28H20Na2O6S2,562.049669,60,376,16,Inactive,0.002234593882772754,-13.520877331830121,0.549198374511959,21.25,1.3273589343863303
DTXSID1047108,Cyclopentanethiol,1679-07-8,C5H10S,102.050321,0,247,0,Inactive,0.0023687398882399763,-10.471883545097153,0.4253526808875678,25,1.3979400086720377
DTXSID6025143,"2,3-Dimethylphenol",526-75-0,C8H10O,122.073165,17,470,4,Inactive,0.002425107805438752,-17.193742320290916,0.6983848090871718,44.30249659594307,1.6464282008797342
DTXSID8022959,Docusate sodium,577-11-7,C20H37NaO7S,444.215769,333,686,49,Inactive,0.0031950813074965254,-21.334168690717952,0.8665629070477123,41.39139793173165,1.6169100942863566
DTXSID0025234,Eosin,17372-87-1,C20H6Br4Na2O5,687.674414,96,370,26,Inactive,0.00324962038770349,-17.962410428944395,0.7296069898267209,24.15,1.382917135087531
DTXSID8027323,4-Nitro-N-phenylaniline,836-30-6,C12H10N2O2,214.074228,111,473,23,Inactive,0.0033312129601141298,-21.579582464261424,0.8765312576365921,25,1.3979400086720377
DTXSID5034773,Novaluron,116714-46-6,C17H9ClF8N2O4,492.012310,27,662,4,Inactive,0.0043211971770768885,-2.4288949476414308,0.09865818055790518,25,1.3979400086720377
DTXSID9021342,Bithionol,97-18-7,C12H6Cl4O2S,353.884261,241,453,53,Inactive,0.004598073387357555,-11.648969400257844,0.4731641965496043,25,1.3979400086720377
DTXSID0047377,AVE6324,NOCAS_47377,C31H36Cl2N4O7S,678.168176,359,669,54,Inactive,0.005605959267889973,-23.045128234902773,0.936059595573237,12.003591805067417,1.0793112183571993
DTXSID4020828,4-Methoxyphenol,150-76-5,C7H8O2,124.052429,13,365,4,Inactive,0.005662954939877002,-20.41085937784755,0.8290594254795128,11.785578343605444,1.0713508991449099
DTXSID8047553,Perfluoroundecanoic acid,2058-94-8,C11HF21O2,563.964121,206,765,27,Inactive,0.005984551333395821,-15.601773973104619,0.633721369941033,23.9,1.3783979009481377
DTXSID1025485,N-Isopropyl-N'-phenyl-p-phenylenediamine,101-72-4,C15H18N2,226.146999,242,466,52,Inactive,0.00712429570188945,-12.528454535344588,0.5088876037474487,25,1.3979400086720377
DTXSID3032549,Fenhexamid,126833-17-8,C14H17Cl2NO2,301.063634,112,699,16,Inactive,0.007575795125145187,-9.443483878082201,0.3835805819614396,25,1.3979400086720377
DTXSID4029565,"1,2-Benzenedicarboxylic acid, diundecyl ester, branched and linear",85507-79-5,, ,6,360,2,Inactive,0.007760584199116548,-21.100470698563356,0.8570704344611986,6.648031469978313,0.8226930666132355
DTXSID1025017,Dicumyl peroxide,80-43-3,C18H22O2,270.161980,147,609,24,Inactive,0.010241514737256575,-13.117815035535262,0.5328265701889452,25,1.3979400086720377
DTXSID6020515,"N,N-Dimethylformamide",68-12-2,C3H7NO,73.052764,3,600,0,Inactive,0.013881125754230969,-15.119214997927694,0.6141205261297052,25,1.3979400086720377
DTXSID9025453,3-Methylbutyl acetate,123-92-2,C7H14O2,130.099380,5,611,1,Inactive,0.013947156897334178,-2.326716207473075,0.09450782872548122,25,1.3979400086720377
DTXSID4044585,Dantrolene sodium,14663-23-1,C14H9N4NaO5,336.047064,41,247,17,Inactive,0.016758801809067882,-17.470445828540903,0.7096241031968004,25,1.3979400086720377
DTXSID3022320,Triphenylethylene,58-72-0,C20H16,256.125201,65,436,15,Inactive,0.019348277775680066,-16.300391648667155,0.6620982039591207,25.000000000000004,1.3979400086720377
DTXSID2038732,Diethyl butanedioate,123-25-1,C8H14O4,174.089209,19,652,3,Inactive,0.02333288857934427,-8.43496801007412,0.34261613403499835,25,1.3979400086720377
DTXSID2032390,Fenarimol,60168-88-9,C17H12Cl2N2O,330.032668,291,791,37,Inactive,0.02446595358413115,-23.09329026916497,0.9380158673654321,25,1.3979400086720377
DTXSID9020160,Bifenthrin,82657-04-3,C23H22ClF3O2,422.126042,149,825,18,Inactive,0.027511157758944242,-17.36472632524344,0.7053299307152192,25,1.3979400086720377
DTXSID9044821,"Ethyl 2-cyano-3,3-diphenylacrylate",5232-99-5,C18H15NO2,277.110279,77,461,17,Inactive,0.02962347447975961,-23.30652921361274,0.946677323186621,3.998838537809064,0.6019338688611509
DTXSID6023159,Iopanoic acid,96-83-3,C11H12I3NO2,570.800210,52,366,14,Inactive,0.03399275668584625,-22.578359147776535,0.9171001140521172,0.6808788204734518,-0.1669301748458416
DTXSID8047890,"3,3'-Dimethylbisphenol A",79-97-0,C17H20O2,256.146330,200,466,43,Inactive,0.05084185734020701,-12.566517269888825,0.5104336566719851,12.5,1.0969100130080565
DTXSID2047303,CJ-013790,179465-71-5,C18H17FN2O4,344.117235,203,678,30,Inactive,0.057247527840189244,-22.266939849524487,0.9044507150379684,0.0006354649580351129,-3.1969083931061677
DTXSID3047180,Triisodecyl trimellitate,36631-30-8,, ,7,358,2,Inactive,0.05890364628617447,-15.60656814960011,0.6339161024183589,20.4,1.3096301674258988
DTXSID4023202,"4,4'-(1H-1,2,4-Triazol-1-ylmethylene)dibenzonitrile",112809-51-5,C17H11N5,285.101445,12,387,3,Inactive,0.07914675379929603,-23.31688272343041,0.9470978676988452,17.75,1.249198357391113
DTXSID5048186,Tetrac,67-30-1,C14H8I4O4,747.660140,280,747,37,Inactive,0.08573569446545844,-22.31422465843109,0.9063713552119222,16.75,1.224014811372864
DTXSID7034674,Ipconazole,125225-28-7,C18H24ClN3O,333.160790,176,414,43,Inactive,0.09721795957902539,-22.48465787775964,0.9132941047289028,40.25814519741754,1.6048537618819256
DTXSID5027774,Ethylenediaminetetraacetic acid ferric sodium salt,15708-41-5,C10H12FeN2NaO8,366.984071,4,363,1,Inactive,0.11311706296206651,-23.007925573627137,0.9345484775741114,42.04239875575484,1.623687487010531
DTXSID5042299,4-Isopropylphenol,99-89-8,C9H12O,136.088815,16,363,4,Inactive,0.12306168832738738,-23.890267658793498,0.9703879299294762,10.156689928941557,1.0067521941862456
DTXSID3020205,Benzyl butyl phthalate,85-68-7,C19H20O4,312.136159,107,769,14,Inactive,0.13424495368223013,-24.11467117105013,0.9795028742590123,25,1.3979400086720377
DTXSID7022413,Isoeugenol,97-54-1,C10H12O2,164.083730,39,615,6,Inactive,0.15936082381014482,-24.204436264809672,0.983149001826829,25,1.3979400086720377
DTXSID2032558,Kresoxim-methyl,143390-89-0,C18H19NO4,313.131408,144,472,31,Inactive,0.19072867072906116,-22.441917628858242,0.9115580579734437,0.48429868666935844,-0.31488670868012575
DTXSID7042273,"2,4-Diisopropylphenol",2934-05-6,C12H18O,178.135765,68,377,18,Inactive,0.19301556048711452,-23.640307186749272,0.9602348990595224,0.025523292882115134,-1.593063295927465
DTXSID9022445,Bis(4-hydroxyphenyl)methane,620-92-8,C13H12O2,200.083730,43,465,9,Inactive,0.2092094834110616,-23.866790581964654,0.9694343252101775,25,1.3979400086720377
DTXSID3022667,Betamethasone,378-44-9,C22H29FO5,392.199902,44,344,13,Inactive,0.21813110737165056,-20.170320450526493,0.8192890840549527,0.1761627953756198,-0.7540858068726959
DTXSID5035589,Didecylmethyl(3-(trimethoxysilyl)propyl)ammonium chloride,68959-20-6,C27H60ClNO3Si,509.403099,160,377,42,Inactive,0.3759562181491309,-28.57001056263457,1.1604722811773782,25,1.3979400086720377
DTXSID3038800,Butyl 4-oxopentanoate,2052-15-5,C9H16O3,172.109944,1,330,0,Inactive,0.42722941460045205,-24.76353361021754,1.0058587229311762,21.6,1.334453751150931
DTXSID9020299,Chlorobenzilate,510-15-6,C16H14Cl2O3,324.032000,222,627,35,Inactive,0.4817383133746931,-25.129900904015035,1.020740029616376,25,1.3979400086720377
DTXSID2020688,Hexachlorocyclopentadiene,77-47-4,C5Cl6,269.813116,183,616,30,Inactive,0.49242469886848506,-25.42558041404031,1.0327501013223068,0.14852721152650927,-0.8281939723859895
DTXSID5047530,Hydroxyzine hydrochloride,1244-76-4,C21H28Cl2N2O2,410.152783,68,247,28,Inactive,0.5367574079515633,-26.842756718776243,1.0903137418950661,25,1.3979400086720377
DTXSID0022353,"3-Chloro[1,1′-biphenyl]-4-ol",92-04-6,C12H9ClO,204.034193,115,414,28,Inactive,0.5684385934714831,-25.86156293438296,1.0504590772719762,1.425334380940886,0.1539167610196122
DTXSID0025737,3-Nitrobenzoic acid,121-92-6,C7H5NO4,167.021858,1,331,0,Inactive,0.5865162514792294,-24.771815348302976,1.0061951150885067,6.4817844065994725,0.8116945816821033
DTXSID8041248,"2,5-Di-tert-butylbenzene-1,4-diol",88-58-4,C14H22O2,222.161980,255,686,37,Inactive,0.6113564113512865,-25.314920001124666,1.0282552362773423,6.558974981568828,0.8168359743404668
DTXSID0025523,Maltol,118-71-8,C6H6O3,126.031694,9,618,1,Inactive,0.651958537936885,-27.046347370215106,1.0985832980852426,5.529122422766451,0.7426562059530828
DTXSID8042264,Pentaerythritol tetraacrylate,4986-89-4,C17H20O8,352.115818,156,329,47,Inactive,0.6579405249496365,-29.548565239287917,1.2002197490819886,25,1.3979400086720377
DTXSID1020069,o-Aminoazotoluene,97-56-3,C14H15N3,225.126597,314,659,48,Inactive,0.6794718969280763,-27.19292897328286,1.1045372296358718,6.917615166844543,0.8399563981575846
DTXSID6037728,"2,3,4-Trihydroxbenzophenone",1143-72-2,C13H10O4,230.057909,46,332,14,Inactive,0.686476213496232,-29.193326913474856,1.1857904848920386,25,1.3979400086720377
DTXSID2047353,SSR 241586 HCl,NOCAS_47353,C32H43Cl3N4O3,636.240074,421,687,61,Inactive,0.7010490999066823,-25.595562561831002,1.0396545289693893,23.6,1.3729120029701067
DTXSID5021831,3-Nitrotoluene,99-08-1,C7H7NO2,137.047678,4,594,1,Inactive,0.7358341948860834,-25.741727056320727,1.045591518176158,0.03945048667009224,-1.403947634866934
DTXSID8026060,Sulfacetamide,144-80-9,C8H10N2O3S,214.041213,0,336,0,Inactive,0.7487683586559446,-30.49270304349018,1.2385692536782995,25,1.3979400086720377
DTXSID2044890,2-[(4-Hydroxyphenyl)methyl]phenol,2467-03-0,C13H12O2,200.083730,46,449,10,Inactive,0.767236663667741,-26.601284148556122,1.0805054772536942,11.27008180207617,1.051927068314195
DTXSID5037498,Azinphos-ethyl,2642-71-9,C12H16N3O3PS2,345.037071,85,462,18,Inactive,0.8188673273046241,-27.639475480986505,1.1226752993894886,6.360622980309495,0.8034996539598446
DTXSID1026081,"3,3',5,5'-Tetrabromobisphenol A",79-94-7,C15H12Br4O2,539.757082,309,747,41,Inactive,0.8391228733933768,-27.457374189989988,1.1152786097696237,6.629136321312269,0.8214569499248994
DTXSID9047592,9-Phenanthrol,484-17-3,C14H10O,194.073165,327,678,48,Inactive,0.8486605071483142,-32.8489498290828,1.3342765715422162,25,1.3979400086720377
DTXSID4040713,Octyl gallate,1034-01-1,C15H22O5,282.146724,346,713,49,Inactive,0.8643081606319949,-29.69187333968169,1.2060407157144848,36.242362346909644,1.5592164980773373
DTXSID7047271,PD 0343701,676116-04-4,C26H34N4O4S2,530.202148,366,651,56,Inactive,0.89484424501804,-30.784402553512344,1.2504176635720103,16.698071358242178,1.2226663126540023
DTXSID5042459,Tetradecylpyridinium bromide,1155-74-4,C19H34BrN,355.187463,157,329,48,Inactive,0.8978283640338913,-36.957432322929634,1.5011571556903833,42.968188612569044,1.6331470457447048
DTXSID5044528,Oxyphenisatin,125-13-3,C20H15NO3,317.105193,103,329,31,Inactive,0.8997583084843774,-27.793321381333964,1.1289242961315304,13.674258392798693,1.1359037821975113
DTXSID7020843,"Methyl (9Z,12Z)-octadecadienoate",112-63-0,C19H34O2,294.255880,188,493,38,Active,0.9031027609785189,-32.64827483689048,1.326125445190543,6.140757912871182,0.7882219765261889
DTXSID3023685,Tolcapone,134308-13-7,C14H11NO5,273.063722,95,332,29,Active,0.9250035765723079,-28.053818302045705,1.139505302223751,28.94255039204415,1.4615367981164233
DTXSID7025506,Linolenic acid,463-40-1,C18H30O2,278.224580,56,375,15,Active,0.9324273013016096,-31.75076989283428,1.2896700995576282,25,1.3979400086720377
DTXSID0041357,"Ethyl (2E,4Z)-deca-2,4-dienoate",3025-30-7,C12H20O2,196.146330,121,367,33,Active,0.9349899635953611,-29.3900812873813,1.1937823614304903,42.7264003709183,1.6306963057613126
DTXSID1044481,"1,1'-Disulfanediyldiazepan-2-one",23847-08-7,C12H20N2O2S2,288.096620,57,329,17,Active,0.9363818968246971,-33.95092678276899,1.3790372728533182,25,1.3979400086720377
DTXSID7047512,Indium(III) chloride hydrate,143983-91-9,Cl3H4InO2,255.831566,6,247,2,Active,0.938125005929438,-31.84993374522912,1.293697991033086,25,1.3979400086720377
DTXSID9020582,Ethoxyquin,91-53-2,C14H19NO,217.146664,136,652,21,Active,0.9418342543887054,-39.30994927747817,1.5967129732413885,39.1924648032376,1.5932025769964542
DTXSID4022311,Formononetin,485-72-3,C16H12O4,268.073559,35,336,10,Active,0.94505164666506,-30.53800462420046,1.240409338007024,7.090085253531543,0.8506514573150425
DTXSID8038857,2-Methyl-4'-(methylthio)-2-morpholinopropiophenone,71868-10-5,C15H21NO2S,279.129300,20,247,8,Active,0.9490693889769248,-33.43047553815628,1.3578973001622607,25,1.3979400086720377
DTXSID0047379,"3-Chloro-2-((3R)-5-chloro-1-(2,4-dimethoxybenzyl)-3-methyl-2-oxo-2,3-dihydro-1H-indol-3-yl)-N-ethyl-N-(3-pyridinylmethyl)benzamide hydrochloride (1:1)",1437319-51-1,C33H32Cl3N3O4,639.145840,304,653,47,Active,0.9508895182045772,-31.026395953885537,1.2602470835767838,7.987935258927257,0.9024345363182712
DTXSID0027014,2-Octanol,123-96-6,C8H18O,130.135765,8,372,2,Active,0.9589067058497861,-39.2893485803217,1.5958762028814126,43.24170341778746,1.63590279375431
DTXSID4021717,4-Chloro-3-methylphenol,59-50-7,C7H7ClO,142.018542,21,626,3,Active,0.9616338877368785,-33.51922012705495,1.361501976306696,16.090989064476084,1.2065827396889932
DTXSID1040742,Triamcinolone,124-94-7,C21H27FO6,394.179167,68,650,10,Active,0.9657942895143969,-36.19955728098188,1.4703733736246265,38.28631567335363,1.5830435758092107
DTXSID6024624,Bisphenol A diglycidyl ether,1675-54-3,C21H24O4,340.167459,109,382,29,Active,0.9780146647678588,-28.504695548826067,1.1578192803006961,14.160636043115513,1.1510827606850789
DTXSID7025219,Sodium dodecylbenzenesulfonate,25155-30-0,, ,278,729,38,Active,0.9784341287969912,-42.34569196172982,1.720020426353376,40.58960742684176,1.6084148509432807
DTXSID7020392,Diallyl phthalate,131-17-9,C14H14O4,246.089209,56,664,8,Active,0.9823816032307615,-30.854002814145744,1.2532447249429086,41.42087229622417,1.6172192406088033
DTXSID3040352,Dinocap,39300-45-3,, ,318,509,62,Active,0.9856908047078574,-43.96981426999161,1.785989912638572,25,1.3979400086720377
DTXSID2040787,Benzalkonium chloride C12 (BAC C12),139-07-1,C21H38ClN,339.269278,167,331,50,Active,0.9863263895339349,-55.38336760972229,2.249591851162866,36.89043922181928,1.5669138260177193
DTXSID7037715,"2,2-Dimethoxy-1,2-diphenylethanone",24650-42-8,C16H16O3,256.109944,39,446,9,Active,0.9881352141344227,-36.354002880747295,1.4766467292849141,25,1.3979400086720377
DTXSID5047112,Didodecyldimethylammonium bromide,3282-73-3,C26H56BrN,461.359614,174,329,53,Active,0.9912784980173119,-39.06628792311121,1.5868158033710067,46.779663635626385,1.6700570947344304
DTXSID9047540,3-Hydroxyfluorene,6344-67-8,C13H10O,182.073165,190,662,29,Active,0.9913923705176562,-40.911408534143774,1.6617619193284419,36.13607835323743,1.5579410192276173
DTXSID2022880,Danazol,17230-88-5,C22H27NO2,337.204179,198,478,41,Active,0.9914979961593597,-32.32797695530381,1.3131154110330028,11.499283492898797,1.0606707808079965
DTXSID6024888,Cyclophosphamide monohydrate,6055-19-2,C7H17Cl2N2O3P,278.035385,7,638,1,Active,0.9946735077475637,-39.122911021898254,1.589115751299716,15.670811535795664,1.195091487623141
DTXSID0032316,"4-Chloro-3,5-dimethylphenol",88-04-0,C8H9ClO,156.034193,53,409,13,Active,0.9951806765106076,-42.91505378994655,1.7431470758223169,25.000000000000004,1.3979400086720377
DTXSID0027773,Trimethylolpropane triacrylate,15625-89-5,C15H20O6,296.125988,259,443,58,Active,0.9957205424151268,-38.836652850957705,1.5774883606864445,13.71800132657014,1.1372908405199942
DTXSID5021124,Phenol,108-95-2,C6H6O,94.041865,2,636,0,Active,0.9960168555819735,-36.854222610331455,1.4969649272571495,0.09943899143398159,-1.0024432892022697
DTXSID7041461,"3,3,4,4-Tetrachlorotetrahydrothiophene 1,1-dioxide",3737-41-5,C4H4Cl4O2S,255.868611,271,449,60,Active,0.9965644759035526,-31.633816302185725,1.2849196147849933,18.477647902187996,1.2666466872242603
DTXSID1020699,4-Hexylresorcinol,136-77-6,C12H18O2,194.130680,246,655,38,Active,0.99728310723637,-43.36834042275475,1.7615589196558683,10.113391587027195,1.0048968232984452
DTXSID0048183,(-)-Enterolactone,77756-20-8,C18H18O4,298.120509,35,478,7,Active,0.9977481320044086,-51.57089607567464,2.094734801728436,4.788206999974418,0.6801729172154498
DTXSID6047288,UK-337312,203942-49-8,C34H42Cl2F6N2O4S,758.214653,390,658,59,Active,0.9978959961451863,-54.81064213404648,2.2263285752257147,32.97652077766617,1.5182048330317175
DTXSID8022828,Cladribine,4291-63-8,C10H12ClN5O3,285.062867,169,657,26,Active,0.9979648203677514,-44.4137300142729,1.804021124607755,25,1.3979400086720377
DTXSID9026265,Tris(2-ethylhexyl) trimellitate,3319-31-1,C33H54O6,546.392039,27,631,4,Active,0.9979956436993742,-41.89919891682995,1.7018845281811004,25.000000000000004,1.3979400086720377
DTXSID4040767,"3,5-Dichlorosalicyl-3,4-dichloroanilide",1154-59-2,C13H7Cl4NO2,348.923089,148,330,45,Active,0.9983913459899175,-52.87136000793697,2.1475577554600362,25,1.3979400086720377
DTXSID6025436,8-Hydroxyquinoline sulfate,134-31-6,C18H16N2O6S,388.072907,94,366,26,Active,0.9985713886939127,-71.44229272903016,2.9018820358515973,34.34051166224935,1.5358067617170363
DTXSID5024891,Cytarabine hydrochloride,69-74-9,C9H14ClN3O5,279.062198,111,686,16,Active,0.9985986651083499,-30.360994183526756,1.2332194313239133,22.463946174019217,1.3514860498356425
DTXSID9021344,"4,4'-Thiodianiline",139-65-1,C12H12N2S,216.072120,26,334,8,Active,0.9988673221160453,-32.70801376408357,1.328551953537919,11.03713525552487,1.042856364682544
DTXSID2042220,Nuarimol,63284-71-9,C17H12ClFN2O,314.062219,17,254,7,Active,0.9989135698360756,-37.44966139142659,1.5211507846296581,21.185423776423455,1.3260371557064454
DTXSID2023224,Loratadine,79794-75-5,C22H23ClN2O2,382.144806,146,332,44,Active,0.9990066127619374,-29.215874718681185,1.1867063439494223,0.0258868844172763,-1.5869202153745399
DTXSID6027218,"2,6-Diethylaniline",579-66-8,C10H15N,149.120449,14,591,2,Active,0.9990837948480132,-36.098522124752336,1.4662694725087426,10.01770886699106,1.0007684061420243
DTXSID4024062,"3,4-Dimethylphenol",95-65-8,C8H10O,122.073165,15,611,2,Active,0.9992523447835371,-40.654837763278415,1.6513403877333865,41.08530625252483,1.6136865285808095
DTXSID2047569,2-Hydroxyfluorene,2443-58-5,C13H10O,182.073165,61,262,23,Active,0.9992987917773303,-60.82314791062129,2.4705478161964995,25,1.3979400086720377
DTXSID4021894,Cyclohexanol,108-93-0,C6H12O,100.088815,4,589,1,Active,0.9993428818233415,-45.679852065899595,1.8554491610895423,0.026730596060618818,-1.5729913568831406
DTXSID8022408,Phenol red,143-74-8,C19H14O5S,354.056195,43,373,12,Active,0.9996098325055235,-44.37299033182423,1.802366337952286,13.239929137583834,1.1218856606898842
DTXSID2026232,"2',4',5'-Trihydroxybutyrophenone",1421-63-2,C10H12O4,196.073559,32,331,10,Active,0.9996143006791709,-40.038584242006415,1.626309065884685,7.552249871950014,0.8780763504920588
DTXSID9020372,Mitotane,53-19-0,C14H10Cl4,317.953661,160,417,38,Active,0.9996618855618924,-35.345926270342886,1.4357001233635447,0.8661640325497256,-0.06239985430451129
DTXSID6023868,Hydramethylnon,67485-29-4,C25H24F6N4,494.190516,203,389,52,Active,0.9996846405525142,-40.68089541250456,1.6523988115506718,8.611235482468073,0.935065465591318
DTXSID4040002,Monobutyl phthalate,131-70-4,C12H14O4,222.089209,11,692,2,Active,0.9997345826991313,-108.85615306233116,4.421578633563806,46.55682740532012,1.6679833778422641
DTXSID5037028,Hexadecyltrimethylammonium bromide,57-09-0,C19H42BrN,363.250063,205,379,54,Active,0.9997664622131116,-85.4743265181805,3.4718428423117174,42.682640431053166,1.6302512778837865
DTXSID8040270,Dithianon,3347-22-6,C14H4N2O2S2,295.971420,154,250,62,Active,0.9997738919370117,-43.70621085632561,1.7752827253201606,10.283199588643248,1.0121282651933308
DTXSID0037522,Dialifor,10311-84-9,C14H17ClNO4PS2,393.002515,37,247,15,Active,0.9998124497010333,-45.78355667491718,1.8596614914956302,6.521681341985668,0.814359574783005
DTXSID0021969,4-Hydroxy-3-methoxybenzaldehyde,121-33-5,C8H8O3,152.047344,20,600,3,Active,0.9998397936712891,-74.56398268138588,3.028680542005341,38.63755012543315,1.587009581492517
DTXSID8021224,C.I. Acid Red 114,6459-94-5,C37H28N4Na2O10S3,830.076295,99,378,26,Active,0.9998495680674448,-76.62616007724519,3.112443188908073,8.904334965404955,0.9496014890277678
DTXSID7026520,7-Amino-4-hydroxynaphthalene-2-sulfonic acid,87-02-5,C10H9NO4S,239.025229,65,331,20,Active,0.9998504019121545,-45.13572921764723,1.833347682283021,14.901767272710549,1.1732377765513777
DTXSID1048122,Benzyl-C8-18-alkyldimethylammonium chlorides,63449-41-2,, ,182,372,49,Active,0.9998559906357645,-44.30989634997551,1.7998035521638795,21.194594871501568,1.326225119571242
DTXSID9041289,Myristyltrimethylammonium chloride,4574-04-3,C17H38ClN,291.269278,177,375,47,Active,0.9998624462103337,-70.56119882825757,2.8660932829311383,35.00020356999071,1.5440705703236053
DTXSID4020618,"4-(5,6,7,8-Tetrahydroimidazo(1,5-a)pyridin-5-yl)benzonitrile monohydrochloride",102676-31-3,C14H14ClN3,259.087625,24,405,6,Active,0.999879956454739,-53.9449747292241,2.191166424136804,4.33422716325006,0.6369116695958436
DTXSID2025505,Linoleic acid,60-33-3,C18H32O2,280.240230,74,383,19,Active,0.9999070433261681,-65.26823497286655,2.651100788406536,24.999999999999996,1.3979400086720375
DTXSID2033314,Chlorhexidine,55-56-1,C22H30Cl2N10,504.203196,160,334,48,Active,0.9999145818844501,-78.10767079153723,3.172619999638824,13.507538451521647,1.1305762125066177
DTXSID6021824,Dichlorophen,97-23-4,C13H10Cl2O2,268.005785,191,412,46,Active,0.9999182727260432,-67.16887830289413,2.7283021564657535,25,1.3979400086720377
DTXSID3044590,C.I. Solvent Red 43,15086-94-9,C20H8Br4O5,643.710525,78,331,24,Active,0.9999286301845061,-53.53264539311878,2.174418206133262,16.821468580564822,1.225863908738567
DTXSID1027926,n-Dodecylphenol,27193-86-8,C18H30O, ,202,406,50,Active,0.9999364267074047,-43.69348083487866,1.774765650361592,11.912326769190352,1.0759965981180093
DTXSID7021788,3-(Trifluoromethyl)-4-nitrophenol,88-30-2,C7H4F3NO3,207.014327,108,373,29,Active,0.9999417946464213,-54.71545965555631,2.2224624013683596,14.455474259460917,1.1600323447018062
DTXSID9032537,Didecyldimethylammonium chloride,7173-51-5,C22H48ClN,361.347528,430,693,62,Active,0.9999535123359331,-89.14422215962773,3.620908666329406,39.087602455427174,1.592039032614107
DTXSID7047487,Sodium nonyl sulfate,1072-15-7,C9H19NaO4S,246.090175,10,360,3,Active,0.9999599886444176,-63.17794123522707,2.5661960965888237,11.135564258224525,1.046712228377198
DTXSID2032348,Chlorophacinone,3691-35-8,C23H15ClO3,374.070972,161,382,42,Active,0.9999642095995648,-56.244163843713274,2.2845561423764953,17.570889836558674,1.2447937558789948
DTXSID3020910,Busulfan,55-98-1,C6H14O6S2,246.023181,29,629,5,Active,0.9999661704600082,-27.095494528579934,1.1005795841858719,0.8754491189468555,-0.057769090017714166
DTXSID5037731,"4,4'-(9H-Fluorene-9,9-diyl)diphenol",3236-71-3,C25H18O2,350.130680,280,447,63,Active,0.9999772852026017,-49.22340206457446,1.9993830088356983,0.6435534705972372,-0.1914153632575263
DTXSID7032345,Chlorhexidine diacetate,56-95-1,C26H38Cl2N10O4,624.245455,214,391,55,Active,0.9999831537037259,-93.07924772011886,3.7807436820940388,9.070791570961605,0.9576451878208788
DTXSID5032315,"4,5-Dichloro-2-octyl-3(2H)-isothiazolone",64359-81-5,C11H17Cl2NOS,281.040791,161,376,43,Active,0.9999844959774716,-92.68101856963457,3.7645681931252586,0.5489258604638193,-0.2604863086751555
DTXSID4041600,Amiprofos-methyl,36001-88-4,C11H17N2O4PS,304.064665,32,259,12,Active,0.9999853348292865,-50.336946417627445,2.0446135610872136,11.46422932316173,1.0593448648271457
DTXSID7021152,4-Phenylphenol,92-69-3,C12H10O,170.073165,138,539,26,Active,0.9999887925173943,-73.05320900865988,2.9673151124585977,9.105170677991943,0.9592880911320745
DTXSID5025231,Emodin,518-82-1,C15H10O5,270.052823,112,334,34,Active,0.999990749833049,-91.33513028153432,3.7099001681177945,4.962923123962704,0.695737547996564
DTXSID8021777,Riboflavin,83-88-5,C17H20N4O6,376.138284,46,371,12,Active,0.9999913485538092,-35.28561584113407,1.4332504014353953,0.2938373109917962,-0.5318930590255733
DTXSID1027891,Calcium dodecylbenzene sulfonate,26264-06-2,, ,156,499,31,Active,0.9999947773755264,-101.75253142975319,4.133039853275076,8.32151337437735,0.9202023155182254
DTXSID7024376,Vernolate,1929-77-7,C10H21NOS,203.134385,6,584,1,Active,0.9999954414270282,-44.9904525388145,1.8274467548571354,15.10470711457256,1.1791123085726776
DTXSID6027923,Dodecylbenzenesulfonic acid,27176-87-0,C18H30O3S, ,276,668,41,Active,0.9999955302184336,-97.09062043253742,3.9436798081422815,17.056383917961874,1.231886962884462
DTXSID1021299,Chlorotrianisene,569-57-3,C23H21ClO3,380.117922,36,359,10,Active,0.9999962938202802,-60.93380386058899,2.475042499963009,7.493221906707683,0.8746685941264103
DTXSID4048195,4-(Hexyloxy)phenol,18979-55-0,C12H18O2,194.130680,122,368,33,Active,0.9999963575977935,-41.57922554846685,1.6888876752787787,11.954396396240496,1.077527652522061
DTXSID0022436,"4,4-Bis(4-hydroxyphenyl)valeric acid",126-00-1,C17H18O4,286.120509,33,518,6,Active,0.9999965420509531,-96.01316082461759,3.899914965761911,4.340605799947797,0.6375503463821062
DTXSID1022508,4-Dodecylphenol,104-43-8,C18H30O,262.229666,200,407,49,Active,0.9999967897023233,-71.04262208945792,2.885647995692347,10.956996461843545,1.0396915214097202
DTXSID2029298,"alpha-Sulfo-omega-(dodecyloxy)poly(oxy-1,2-ethanediyl) sodium salt",9004-82-4,(C2H4O)nC12H25NaO4S, ,64,379,17,Active,0.9999973521194828,-90.05417148164939,3.6578694844980677,22.841655122181294,1.358727569993549
DTXSID6047498,Triphenyllead acetate,1162-06-7,C20H18O2Pb,498.107333,171,247,69,Active,0.9999974785786232,-65.57441312690884,2.6635372997648075,8.215514101332362,0.914634745419994
DTXSID5037739,4-Anilinophenol,122-37-2,C12H11NO,185.084064,112,455,25,Active,0.9999976193918276,-58.67715866321919,2.383380853767306,8.862194858329916,0.9475412948907036
DTXSID7044895,tert-Butyl 4-hydroxybenzoate,25804-49-3,C11H14O3,194.094294,40,329,12,Active,0.9999977712401796,-69.14447662293583,2.80854808721621,3.7550084170837907,0.5746109148392411
DTXSID1020770,Kepone,143-50-0,C10Cl10O,485.683442,450,770,58,Active,0.9999977990268241,-83.19172130852442,3.379126738169238,7.563559733848814,0.8787262411242398
DTXSID8021642,1-Octadecanoic acid,57-11-4,C18H36O2,284.271530,23,613,4,Active,0.9999978245156498,-55.15634732722112,2.2403706174314295,17.15282273336325,1.2343355994020455
DTXSID1048174,FR167356,174185-16-1,C19H17Cl2NO3,377.058549,208,624,33,Active,0.9999981771691044,-56.68720652050663,2.302551891613975,13.562131126062962,1.1323279390566432
DTXSID0038887,Fluorescein,2321-07-5,C20H12O5,332.068473,78,499,16,Active,0.9999982989009514,-89.33908307376915,3.6288236332857617,9.782420743898655,0.9904463379806496
DTXSID7020768,Kaempferol,520-18-3,C15H10O6,286.047738,97,410,24,Active,0.9999984041877864,-64.63072530560675,2.625206072819515,0.272482152542044,-0.5646619385482414
DTXSID5020867,"4,4'-Methylenebis(o-toluidine)",838-88-0,C15H18N2,226.146999,80,644,12,Active,0.9999986450008567,-52.21972477340013,2.121089279872298,14.793755798771977,1.170078445505464
DTXSID3024528,Anise oil,8007-70-3,, ,31,363,9,Active,0.9999986732692708,-65.96560068610046,2.6794267695354987,9.084006577866209,0.9582774400269978
DTXSID1044514,Hexylparaben,1083-27-8,C13H18O3,222.125594,139,329,42,Active,0.9999987860053251,-90.4350495942325,3.6733401995400117,5.861481212059896,0.7680073772702614
DTXSID0047294,CP-863187,668981-02-0,C18H14F2N4O,340.113567,118,615,19,Active,0.9999988180712143,-71.63054527706947,2.9095285805870885,15.141778448227338,1.1801768873761467
DTXSID9020958,"4-Nitro-1,2-phenylenediamine",99-56-9,C6H7N3O2,153.053826,49,331,15,Active,0.999998910564174,-68.51069949441688,2.782804981924806,15.89506313964452,1.2012622573935876
DTXSID2022127,4-Phenoxyphenol,831-82-3,C12H10O2,186.068080,52,329,16,Active,0.9999991051126709,-91.91067247452726,3.733277855016163,6.921728532580319,0.840214562436542
DTXSID9022528,Ethylparaben,120-47-8,C9H10O3,166.062994,21,613,3,Active,0.9999991976346416,-35.385903258737315,1.4373239304956764,4.61322167019398,0.6640043234201178
DTXSID9046992,Nicardipine hydrochloride,54527-84-3,C26H30ClN3O6,515.182313,138,344,40,Active,0.9999992016349096,-33.845280961301114,1.3747460932205033,9.12510452061387,0.960237847645321
DTXSID1021243,Rhodamine 6G,989-38-8,C28H31ClN2O3,478.202321,220,377,58,Active,0.9999992416061012,-88.82225814378401,3.607830956221316,5.285277340170071,0.7230677814533286
DTXSID7025429,6-Hydroxy-2-naphthyl disulfide,6088-51-3,C20H14O2S2,350.043522,169,408,41,Active,0.9999992687911416,-78.13783675219666,3.173845297092026,3.24042955125672,0.510602584087876
DTXSID4035708,Methylbenzethonium chloride,25155-18-4,C28H44ClNO2, ,207,395,52,Active,0.9999993695052599,-99.29242705275513,4.03311399108295,7.647425688145638,0.883515265534442
DTXSID7047144,Chlorhexidine dihydrochloride,3697-42-5,C22H32Cl4N10,576.156552,268,453,59,Active,0.9999993993349755,-63.0113133204911,2.5594279130105377,19.198591091246023,1.2832693587166442
DTXSID8047505,"3,5,3′-Triiodo-L-thyronine monosodium salt",55-06-1,C15H11I3NNaO4,672.771990,55,347,16,Active,0.999999498819428,-70.13902071663975,2.8489450219888393,6.71998067033253,0.827368023830612
DTXSID0048185,Apomorphine hydrochloride,41372-20-7,C34H38Cl2N2O5,624.215778,155,369,42,Active,0.9999995022021324,-91.28398071126998,3.7078225469578103,0.019953125383038537,-1.6999890683833556
DTXSID1046970,"2-(2,6-Diisopropylphenyl)-5-hydroxy-1H-isoindole-1,3-dione",105624-86-0,C20H21NO3,323.152144,320,698,46,Active,0.9999995386675641,-55.78757696730334,2.2660102474472135,1.4005907753065623,0.14631126163309913
DTXSID1033664,17-Methyltestosterone,58-18-4,C20H30O2,302.224580,160,708,23,Active,0.9999995889017954,-61.37827376426085,2.4930962210807515,6.279754591210313,0.7979426721184577
DTXSID3022409,"4,4'-Sulfonyldiphenol",80-09-1,C12H10O4S,250.029980,56,429,13,Active,0.999999657754677,-94.55994364648642,3.8408873973242006,4.765185245946436,0.678079788443085
DTXSID8026303,p-Xylenol blue,125-31-5,C23H22O5S,410.118795,62,452,14,Active,0.9999996845984287,-76.2517659426359,3.097235843622114,5.046938772474569,0.7030280360715639
DTXSID4034576,2-Bromo-4-hydroxyacetophenone,2491-38-5,C8H7BrO2,213.962942,34,369,9,Active,0.9999997730117208,-70.64927408540426,2.869670771793182,14.834899119177079,1.171284597357701
DTXSID9047598,"4,4'-Sulfonylbis[2-(prop-2-en-1-yl)phenol]",41481-66-7,C18H18O4S,330.092580,334,740,45,Active,0.9999997970597664,-87.03023541564022,3.53504159904934,12.516330510964295,1.0974770227701618
DTXSID5034981,Tributyltin benzoate,4342-36-3,C19H32O2Sn,412.142432,211,374,56,Active,0.9999998118240491,-49.53627145879411,2.0120913086392522,2.942325063177275,0.4686906511738316
DTXSID0047957,Octylparaben,1219-38-1,C15H22O3,250.156895,154,406,38,Active,0.9999998723898096,-68.22783605049128,2.771315480186107,2.701369166839557,0.4315839385620297
DTXSID7020182,Bisphenol A,80-05-7,C15H16O2,228.115030,236,981,24,Active,0.9999998728589659,-69.53113954776369,2.824253772918985,0.24242601592734653,-0.615420775729292
DTXSID4022527,Propylparaben,94-13-3,C10H12O3,180.078644,101,652,15,Active,0.9999998922718558,-93.34935069974982,3.791714872329967,6.721800102279714,0.8274855929642042
DTXSID4021478,Lynestrenol,52-76-6,C20H28O,284.214016,280,474,59,Active,0.9999998973882257,-85.66840655322025,3.4797260910945553,0.25816655719484816,-0.5881000167807324
DTXSID4022523,Heptyl p-hydroxybenzoate,1085-12-7,C14H20O3,236.141245,135,374,36,Active,0.9999998982941372,-85.51070772526325,3.473320594036126,3.504592036329686,0.5446374697540795
DTXSID1032484,Temephos,3383-96-8,C16H20O6P2S3,465.989726,136,504,27,Active,0.9999998989825759,-47.91280928849165,1.9461486361979599,1.7252158404465756,0.23684343706199434
DTXSID5020154,Clorophene,120-32-1,C13H11ClO,218.049843,340,868,39,Active,0.9999999047283394,-83.53247471944906,3.3929676461810767,18.097376247945398,1.257615615552278
DTXSID9034997,Tributyltetradecylphosphonium chloride,81741-28-8,C26H56ClP,434.380816,222,396,56,Active,0.9999999325010731,-103.59297566283541,4.207796021560781,14.266806386267548,1.154326767505277
DTXSID2026943,Pentaerythritol,115-77-5,C5H12O4,136.073559,8,597,1,Active,0.9999999419735596,-86.08399086704325,3.4966065215594453,3.4860555151066044,0.5423342989278715
DTXSID8020337,Clomiphene citrate (1:1),50-41-9,C32H36ClNO8,597.212945,447,806,55,Active,0.9999999489121741,-102.93611101030649,4.181115134619074,0.04225444458422528,-1.374127602527743
DTXSID3022536,4-Cumylphenol,599-64-4,C15H16O,212.120115,297,724,41,Active,0.9999999500961894,-138.63877812210436,5.631305552172913,0.8469216111256725,-0.07215678498336633
DTXSID5021209,6-Propyl-2-thiouracil,51-52-5,C7H10N2OS,170.051384,26,720,4,Active,0.999999953823706,-81.50945123815407,3.310795374348451,11.169900137748424,1.0480492904102663
DTXSID0021125,Phenolphthalein,77-09-8,C20H14O4,318.089209,230,672,34,Active,0.9999999563311486,-85.0500134076101,3.454607860816782,0.8926432252174024,-0.04932208677750606
DTXSID3020209,Butylparaben,94-26-8,C11H14O3,194.094294,121,677,18,Active,0.9999999621872354,-76.72841336384859,3.1165965687082795,8.653623401097784,0.9371979911187766
DTXSID6022391,Apigenin,520-36-5,C15H10O5,270.052823,169,424,40,Active,0.9999999652552629,-84.51803833887206,3.4329998071482506,0.3708840905480096,-0.4307617957773484
DTXSID4022525,2-Ethylhexyl p-hydroxybenzoate,5153-25-3,C15H22O3,250.156895,190,441,43,Active,0.9999999703694845,-95.76196860322564,3.889711903024722,1.037224368663606,0.015872711579586647
DTXSID7041889,Diphenyl phosphite,4712-55-4,C12H11O3P,234.044581,22,395,6,Active,0.9999999767738904,-98.95772498807531,4.0195188799554185,7.855559176452901,0.895177104538881
DTXSID5048506,PharmaGSID_48506,588941-45-1,C19H22ClN3O3S,407.107040,159,604,26,Active,0.9999999802686704,-110.52637332478892,4.489420551710591,2.562591378338877,0.4086793606592348
DTXSID6027345,Triphenylborane,960-71-4,C18H15B,242.126680,75,409,18,Active,0.9999999838020798,-64.31893676142646,2.612541675572736,13.88971113466549,1.1426932137775503
DTXSID3022370,Progesterone,57-83-0,C21H30O2,314.224580,261,660,40,Active,0.9999999845715261,-75.07102188504902,3.049275737097459,8.195340390048091,0.9135669965214684
DTXSID4020379,Dehydroepiandrosterone,53-43-0,C19H28O2,288.208930,77,423,18,Active,0.9999999848945109,-77.00433555690486,3.127804126930965,2.1619808879022875,0.33485185043354426
DTXSID5044607,sec-Butylparaben,17696-61-6,C11H14O3,194.094294,48,329,15,Active,0.9999999851420154,-78.21569149088191,3.1770076433573333,0.6025066193291463,-0.2200381774297236
DTXSID5022437,Nordihydroguaiaretic acid,500-38-9,C18H22O4,302.151809,154,395,39,Active,0.999999986647544,-84.510347472907,3.4326874153571754,0.7051513497629064,-0.1517176584520584
DTXSID5022439,Phenolphthalin,81-90-3,C20H16O4,320.104859,33,642,5,Active,0.9999999898527518,-91.93385630686541,3.7342195485707,3.5802129303937815,0.5539088567402626
DTXSID9022360,"4-(1,1,3,3-Tetramethylbutyl)phenol",140-66-9,C14H22O,206.167065,315,709,44,Active,0.9999999904305675,-80.22806877843178,3.2587474822822364,2.540801216163179,0.40497068862358887
DTXSID1022394,Biochanin A,491-80-5,C16H12O5,284.068473,152,431,35,Active,0.9999999919078658,-56.92859570882369,2.3123567694037024,0.6420550076139185,-0.19242776246105323
DTXSID4047127,4-(tert-Pentyl)-cyclohexanone,16587-71-6,C11H20O,168.151415,9,360,2,Active,0.9999999931628082,-91.4729959851308,3.7155000725069782,0.9826159189907032,-0.0076162043027461455
DTXSID8023216,"3,5,3'-Triiodothyronine",6893-02-3,C15H12I3NO4,650.790040,153,711,22,Active,0.9999999950256342,-89.06378405448794,3.61764138747557,8.494839604413745,0.9291551831372996
DTXSID7030698,alpha-Cyclodextrin,10016-20-3,C36H60O30,972.316941,11,589,2,Active,0.9999999954947106,-90.214930957376,3.664399300617958,0.47209793346150164,-0.3259679006240952
DTXSID5029055,"4-Nonylphenol, branched",84852-15-3,, ,344,796,43,Active,0.9999999956588119,-83.22925053994548,3.380651120972757,1.2917306623867375,0.11117196874172118
DTXSID2037712,"4,4',4''-Ethane-1,1,1-triyltriphenol",27955-94-8,C20H18O3,306.125594,295,648,46,Active,0.9999999957090495,-91.574031093516,3.719603971679495,1.058267543428797,0.024595476721920986
DTXSID8022406,"2,4-Dihydroxybenzophenone",131-56-6,C13H10O3,214.062994,95,584,16,Active,0.9999999970487623,-77.77169663318935,3.158973217916435,1.42065257847576,0.15248788391011062
DTXSID2045232,Tiratricol,51-24-1,C14H9I3O4,621.763490,212,688,31,Active,0.99999999744015,-83.57044045295737,3.3945097590645976,0.8553126477072537,-0.0678751059097798
DTXSID9022310,Daidzein,486-66-8,C15H10O4,254.057909,101,668,15,Active,0.9999999979091653,-98.06367188562001,3.9832037431084992,0.16229527936855134,-0.789694112176263
DTXSID9022526,Benzyl 4-hydroxybenzoate,94-18-8,C14H12O3,228.078644,101,385,26,Active,0.9999999982095328,-97.8272578824203,3.973600950103086,0.21187753010654536,-0.6739150983537248
DTXSID5041728,C.I. Direct Yellow 12,2870-32-8,C30H26N4Na2O8S2,680.098745,48,376,13,Active,0.9999999983543171,-91.48195801267123,3.7158640970326613,11.94655797965423,1.0772427951779748
DTXSID6020690,Hexachlorophene,70-30-4,C13H6Cl6O2,403.849896,333,556,60,Active,0.9999999984493119,-78.96558658109927,3.2074672913886295,4.7017629832746355,0.6722607324770558
DTXSID5038888,Basic Blue 7,2390-60-5,C33H40ClN3,513.291076,321,507,63,Active,0.9999999985048861,-104.0665137985361,4.22703045199112,13.84805959013303,1.1413889237011234
DTXSID5027061,2-Naphthalenol,135-19-3,C10H8O,144.057515,99,626,16,Active,0.9999999989945589,-102.30923407029545,4.1556523049502765,4.146604831340209,0.6176926493631201
DTXSID4031980,Resveratrol,501-36-0,C14H12O3,228.078644,122,485,25,Active,0.9999999991864735,-60.29184151284626,2.4489669229700723,2.5232349045044673,0.4019576837245373
DTXSID6040747,17alpha-Hydroxyprogesterone,68-96-2,C21H30O3,330.219495,86,652,13,Active,0.9999999993372867,-102.79188929914568,4.175257058445837,1.720044833823264,0.23553976715655023
DTXSID3036496,Levonorgestrel,797-63-7,C21H28O2,312.208930,85,671,13,Active,0.9999999994936577,-57.298680829375066,2.327389088805003,0.8774740509038188,-0.05676571784323752
DTXSID3047477,dl-Norgestrel,6533-00-2,C21H28O2,312.208930,76,395,19,Active,0.9999999995086496,-69.5396969611586,2.824601362606486,1.1676592652730282,0.06731612976222952
DTXSID3040776,Morin hydrate,654055-01-3,C15H14O9,338.063782,44,378,12,Active,0.9999999995706463,-92.80751627786259,3.7697063460744586,4.303737552393619,0.633845779614076
DTXSID3021770,"2,2',6,6'-Tetrachlorobisphenol A",79-95-8,C15H12Cl4O2,363.959140,241,566,43,Active,0.9999999996281747,-78.23262051955827,3.177695275883163,1.5470757084151565,0.18951156705580818
DTXSID8021199,Pebulate,1114-71-2,C10H21NOS,203.134385,20,369,5,Active,0.9999999997952526,-90.8397655653296,3.689779173728639,3.0223724782603676,0.4803479859079349
DTXSID9020827,Methoxychlor,72-43-5,C16H15Cl3O2,344.013763,233,840,28,Active,0.9999999998104605,-60.9552885231744,2.4759151757132036,4.635443135638685,0.6660912578253727
DTXSID9048196,4-tert-Butylbenzenethiol,2396-68-1,C10H14S,166.081622,20,389,5,Active,0.9999999998425685,-69.37740634268258,2.8180093536947752,0.2833327605376065,-0.5477032069898693
DTXSID4047882,Phenylparaben,17696-62-7,C13H10O3,214.062994,65,409,16,Active,0.9999999998437276,-77.54324543141331,3.1496938623249644,0.8540757790894192,-0.068503594205231
DTXSID9022364,5alpha-Dihydrotestosterone,521-18-6,C19H30O2,290.224580,145,709,20,Active,0.9999999999011896,-93.46817806641472,3.7965414671594515,0.0807698543435528,-1.0927507003036203
DTXSID8024284,1-Methoxy-2-propanol,107-98-2,C4H10O2,90.068080,5,593,1,Active,0.9999999999305702,-98.970965207109,4.020056678398007,1.8219320139762951,0.260532167090426
DTXSID9040716,4-(2-Methylbutan-2-yl)cyclohexanol,5349-51-9,C11H22O,170.167065,30,648,5,Active,0.9999999999540053,-96.887769994598,3.9354403183479985,2.507001767704203,0.3991546401823531
DTXSID4048191,"4,4'-Methylenebis(2,6-diethylaniline)",13680-35-8,C21H30N2,310.240899,127,364,35,Active,0.9999999999600935,-96.99344204451785,3.93973256334239,0.0643181775183822,-1.1916662699953564
DTXSID4022369,Fulvestrant,129453-61-8,C32H47F5O3S,606.316607,136,654,21,Active,0.9999999999669993,-87.68083403124032,3.5614679686833695,0.03161010303180134,-1.5001740885935155
DTXSID4022442,Bisphenol B,77-40-7,C16H18O2,242.130680,234,687,34,Active,0.9999999999689234,-94.49730147153485,3.8383429632749175,0.28372187858419196,-0.5471071732558789
DTXSID8044836,"2,4,4'-Trihydroxybenzophenone",1470-79-7,C13H10O4,230.057909,108,508,21,Active,0.9999999999782437,-83.22402462021556,3.38043885171311,0.48056520513250034,-0.3182476770735194
DTXSID1021871,4-Chlorophenol,106-48-9,C6H5ClO,128.002893,13,362,4,Active,0.9999999999804865,-97.27049321402885,3.950985978946855,0.15068119124006682,-0.8219409550539662
DTXSID8040721,4-Cyclohexylcyclohexanone,92-68-2,C12H20O,180.151415,58,627,9,Active,0.9999999999851122,-98.01731420066082,3.981320761361021,1.4987542684116402,0.1757304329676104
DTXSID3029572,Benoxacor,98730-04-2,C11H11Cl2NO2,259.016684,130,481,27,Active,0.9999999999890239,-94.95694727642811,3.857013107430751,0.06268967502597078,-1.202803981473746
DTXSID7026946,Linalyl acetate,115-95-7,C12H20O2,196.146330,46,472,10,Active,0.9999999999965687,-93.09167219340401,3.7812483461306177,6.916987577139015,0.8399169956895498
DTXSID8022325,"2,2-Bis(4-hydroxyphenyl)-1,1,1-trichloroethane",2971-36-0,C14H11Cl3O2,315.982463,394,861,46,Active,0.9999999999972611,-96.9352095621772,3.937367244594176,0.03991858791186578,-1.398824829933047
DTXSID4027367,1-Tetradecene,1120-36-1,C14H28,196.219101,13,590,2,Active,0.9999999999990139,-100.41139158491154,4.078564703127363,0.09101477178516312,-1.0408881155453793
DTXSID7021314,"2,2',5,5'-Tetrachlorobenzidine",15721-02-5,C12H8Cl4N2,319.944159,173,344,50,Active,0.9999999999993711,-71.29116054089576,2.89574326615324,0.03841664053845311,-1.415480616033495
DTXSID5023322,Mifepristone,84371-65-3,C29H35NO2,429.266779,363,736,49,Active,0.9999999999997176,-85.89761477071931,3.489036195563807,1.3799830360476484,0.1398737477083522
DTXSID9022366,Estriol,50-27-1,C18H24O3,288.172545,73,562,13,Active,0.999999999999973,-103.41894813067755,4.200727276283695,0.0022900000000730613,-2.640164517646256
DTXSID9023380,Norethindrone,68-22-4,C20H26O2,298.193280,156,677,23,Active,0.9999999999999982,-98.31988093022699,3.9936105819089787,0.17665423123620722,-0.752875955848558
DTXSID5041306,"2,2',4,4'-Tetrahydroxybenzophenone",131-55-5,C13H10O5,246.052823,146,737,20,Active,0.9999999999999987,-98.48270331243958,4.000224190290353,0.058615605731788305,-1.2319867426694842
DTXSID5048184,Melengestrol acetate,2919-66-6,C25H32O4,396.230060,84,404,21,Active,0.9999999999999997,-97.67796082394156,3.967536720702608,0.018523258011363865,-1.732282623922166
DTXSID5022308,Genistein,446-72-0,C15H10O5,270.052823,188,671,28,Active,0.9999999999999999,-100.02332016271039,4.062801806309589,0.0146612703481052,-1.833828397957522
DTXSID6020511,"3,3'-Dimethylbenzidine dihydrochloride",612-82-8,C14H18Cl2N2,284.084704,79,401,20,Active,1,-100.048823804107,4.063837727134503,0.015283726226947668,-1.8157707503078115
DTXSID1034187,Tamoxifen,10540-29-1,C26H29NO,371.224915,371,750,49,Active,1,-99.57560454443434,4.044616248984697,0.038521891026037806,-1.4142924016613325
DTXSID7037717,Bisphenol AF,1478-61-1,C15H10F6O2,336.058499,417,807,52,Active,1,-98.52548053804287,4.00196173898567,0.038875812794555084,-1.4103205178750717
DTXSID8029282,"4,4'-(4-Methylpentane-2,2-diyl)diphenol",6807-17-6,C18H22O2,270.161980,171,341,50,Active,1,-98.47900480701017,4.000073962378353,0.005835855606402103,-2.2338954621724474
DTXSID4022999,Estradiol cypionate,313-06-4,C26H36O3,396.266445,116,344,34,Active,1,-98.48079112517343,4.000146520024396,0.004460228399260878,-2.3506429013777903
DTXSID2021367,Toremifene citrate,89778-27-8,C32H36ClNO8,597.212945,157,332,47,Active,1,-98.34143966699023,3.9944862664445546,0.009986627139011117,-2.000581164651846
DTXSID7047146,Diethylstilbestrol dipropionate,130-80-3,C24H28O4,380.198759,98,344,28,Active,1,-100.00692389298392,4.06213581367754,0.0022900013419347594,-2.640164263164614
DTXSID2022381,meso-Hexestrol,84-16-2,C18H22O2,270.161980,335,722,46,Active,1,-100.326391296641,4.0751121150293015,0.0000334328061756539,-4.475827169460247
DTXSID5020576,17alpha-Ethinylestradiol,57-63-6,C20H24O2,296.177630,220,734,30,Active,1,-101.66351900420108,4.129424297995278,0.00006163226877245629,-4.210191844970561
DTXSID8022377,17alpha-Estradiol,57-91-0,C18H24O2,272.177630,195,664,29,Active,1,-100.15773445326833,4.068261519320358,0.00009117222166116017,-4.040137462295637
DTXSID4022367,Estrone,53-16-7,C18H22O2,270.161980,121,686,18,Active,1,-99.63969267635272,4.047219415703193,0.0008618820278285364,-3.0645521752070257
DTXSID8021301,Tamoxifen citrate,54965-24-1,C32H37NO8,563.251917,403,700,58,Active,1,-99.64487457552366,4.04742989691175,0.025191754210647913,-1.5987415896484283
DTXSID0034192,17beta-Trenbolone,10161-33-8,C18H22O2,270.161980,189,717,26,Active,1,-110.8729003973351,4.503495977461162,0.44437447123800167,-0.35225089869365156
DTXSID3020465,Diethylstilbestrol,56-53-1,C18H20O2,268.146330,423,838,50,Active,1,-100.3378800923025,4.0755787732015145,0.0000702707069137382,-4.153225677497484
DTXSID3037094,4-Hydroxytamoxifen,68392-35-8,C26H29NO2,387.219829,361,715,50,Active,1,-99.4188957004844,4.038250963636952,0.0024218048743765907,-2.6158608510341215
DTXSID0020573,17beta-Estradiol,50-28-2,C18H24O2,272.177630,195,671,29,Active,1,-102.35806255333299,4.157635646922544,0.000029103946123379975,-4.536048122236764
DTXSID1034181,Raloxifene hydrochloride,82640-04-8,C28H28ClNO4S,509.142757,416,734,57,Active,1,-98.23440702204137,3.990138756058727,0.000059714857121903575,-4.223917602483441
DTXSID0020814,Mestranol,72-33-3,C21H26O2,310.193280,137,539,25,Active,1,-102.21783761716769,4.151939913937324,0.0022900000002189272,-2.640164517618593
DTXSID0021460,Zearalenone,17924-92-4,C18H22O5,318.146724,163,429,38,Active,1,-102.72174322452587,4.17240782690456,0.0024527853925467025,-2.6103404489032895
DTXSID7047433,Equilin,474-86-2,C18H20O2,268.146330,137,571,24,Active,1,-98.44686092211461,3.9987683245190717,0.002290000000120859,-2.6401645176371913